record_no,evidence_status,root_identity,workflow,run_id,run_number,run_attempt,event,created_at_utc,updated_at_utc,head_branch,head_sha,actor,job_id,job_name,failed_step_number,failed_step_name,error_time_utc,first_actual_error,run_url,job_coordinate,log_status
1,VERIFIED_TRUE,RC-01A_STALE_DUPLICATE_README_HASH,Gatekeeper,28810667261,2,1,push,2026-07-06T17:31:16Z,2026-07-06T17:31:29Z,main,8abd89f80dad32aa5e4d6378564edff049a37ab8,ky46738-ops,85437454731,verify,5,Verify SHA256SUMS,2026-07-06T17:31:16Z,SHA256_MISMATCH:README.md:expected=7ba5d1e49eb2c2b8d20820c4ae6a0a47a5b8b6ef288c95c283053b1c5f4f6eb5:actual=a111aaca2aa8caef98e7edeff06a50fdc3c8aed8fd9db1f4188ce55bf1f764e9,https://github.com/lkminiPhantomWorld/welcome/actions/runs/28810667261,https://github.com/lkminiPhantomWorld/welcome/actions/runs/28810667261/job/85437454731,AVAILABLE|LOCAL_GIT_TREE_REPLAY
2,VERIFIED_TRUE,RC-01A_STALE_DUPLICATE_README_HASH,Gatekeeper,28810667250,1,1,push,2026-07-06T17:31:16Z,2026-07-06T17:31:25Z,seed_v0,8c704ed68d5bfbc6e27fb12161747f6046fa1d9d,ky46738-ops,85437454834,verify,5,Verify SHA256SUMS,2026-07-06T17:31:16Z,SHA256_MISMATCH:README.md:expected=7ba5d1e49eb2c2b8d20820c4ae6a0a47a5b8b6ef288c95c283053b1c5f4f6eb5:actual=21686695927de14cb500f16e7441ed0a2534a8be00c3389b9e913e62cedb8426,https://github.com/lkminiPhantomWorld/welcome/actions/runs/28810667250,https://github.com/lkminiPhantomWorld/welcome/actions/runs/28810667250/job/85437454834,AVAILABLE|LOCAL_GIT_TREE_REPLAY
3,VERIFIED_TRUE,RC-04_PAGES_WORKFLOW_OR_DEPLOYMENT_FAILURE,Deploy to GitHub Pages,28810667241,1,1,push,2026-07-06T17:31:16Z,2026-07-06T17:31:29Z,main,8abd89f80dad32aa5e4d6378564edff049a37ab8,ky46738-ops,85437455324,deploy,3,Setup Pages,2026-07-06T17:31:26.2724877Z,"##[error]Get Pages site failed. Please verify that the repository has Pages enabled and configured to build using GitHub Actions, or consider exploring the `enablement` parameter for this action. Error: Not Found - https://docs.github.com/rest/pages/pages#get-a-apiname-pages-site",https://github.com/lkminiPhantomWorld/welcome/actions/runs/28810667241,https://github.com/lkminiPhantomWorld/welcome/actions/runs/28810667241/job/85437455324,AVAILABLE
4,VERIFIED_TRUE,RC-01A_STALE_DUPLICATE_README_HASH,Gatekeeper,28810667666,4,1,push,2026-07-06T17:31:17Z,2026-07-06T17:31:28Z,add-banners,917d510a230a15681dd5b156089408f307fc35dc,ky46738-ops,85437456148,verify,5,Verify SHA256SUMS,2026-07-06T17:31:17Z,SHA256_MISMATCH:README.md:expected=7ba5d1e49eb2c2b8d20820c4ae6a0a47a5b8b6ef288c95c283053b1c5f4f6eb5:actual=a111aaca2aa8caef98e7edeff06a50fdc3c8aed8fd9db1f4188ce55bf1f764e9,https://github.com/lkminiPhantomWorld/welcome/actions/runs/28810667666,https://github.com/lkminiPhantomWorld/welcome/actions/runs/28810667666/job/85437456148,AVAILABLE|LOCAL_GIT_TREE_REPLAY
5,VERIFIED_TRUE,RC-02_MISSING_ENVIRONMENT_YML,Python Package using Conda,28810667612,3,1,push,2026-07-06T17:31:17Z,2026-07-06T17:31:38Z,add-banners,917d510a230a15681dd5b156089408f307fc35dc,ky46738-ops,85437456018,build-linux,5,Install dependencies,2026-07-06T17:31:36.0622091Z,EnvironmentFileNotFound: '/home/runner/work/welcome/welcome/environment.yml' file not found,https://github.com/lkminiPhantomWorld/welcome/actions/runs/28810667612,https://github.com/lkminiPhantomWorld/welcome/actions/runs/28810667612/job/85437456018,AVAILABLE
6,VERIFIED_TRUE,RC-02_MISSING_ENVIRONMENT_YML,Python Package using Conda,28810667474,2,1,push,2026-07-06T17:31:17Z,2026-07-06T17:31:59Z,copilot/seed-v0-gate-locked,70286fa9c062970f52370bbda14d0946e833b235,ky46738-ops,85437455460,build-linux,5,Install dependencies,2026-07-06T17:31:57.0441351Z,EnvironmentFileNotFound: '/home/runner/work/welcome/welcome/environment.yml' file not found,https://github.com/lkminiPhantomWorld/welcome/actions/runs/28810667474,https://github.com/lkminiPhantomWorld/welcome/actions/runs/28810667474/job/85437455460,AVAILABLE
7,VERIFIED_TRUE,RC-02_MISSING_ENVIRONMENT_YML,Python Package using Conda,28810667345,1,1,push,2026-07-06T17:31:17Z,2026-07-06T17:31:43Z,main,8abd89f80dad32aa5e4d6378564edff049a37ab8,ky46738-ops,85437455059,build-linux,5,Install dependencies,2026-07-06T17:31:39.8679677Z,EnvironmentFileNotFound: '/home/runner/work/welcome/welcome/environment.yml' file not found,https://github.com/lkminiPhantomWorld/welcome/actions/runs/28810667345,https://github.com/lkminiPhantomWorld/welcome/actions/runs/28810667345/job/85437455059,AVAILABLE
8,VERIFIED_TRUE,RC-02_MISSING_ENVIRONMENT_YML,Python Package using Conda,28813571065,4,1,push,2026-07-06T18:20:06Z,2026-07-06T18:20:38Z,main,3d509adf35662b04d8ebd623a723250fe9abb254,ky46738-ops,85447273409,build-linux,5,Install dependencies,2026-07-06T18:20:35.8129219Z,EnvironmentFileNotFound: '/home/runner/work/welcome/welcome/environment.yml' file not found,https://github.com/lkminiPhantomWorld/welcome/actions/runs/28813571065,https://github.com/lkminiPhantomWorld/welcome/actions/runs/28813571065/job/85447273409,AVAILABLE
9,VERIFIED_TRUE,RC-04_PAGES_WORKFLOW_OR_DEPLOYMENT_FAILURE,Deploy to GitHub Pages,28813571044,2,1,push,2026-07-06T18:20:06Z,2026-07-06T18:20:16Z,main,3d509adf35662b04d8ebd623a723250fe9abb254,ky46738-ops,85447273697,deploy,3,Setup Pages,2026-07-06T18:20:13.8415984Z,"##[error]Get Pages site failed. Please verify that the repository has Pages enabled and configured to build using GitHub Actions, or consider exploring the `enablement` parameter for this action. Error: Not Found - https://docs.github.com/rest/pages/pages#get-a-apiname-pages-site",https://github.com/lkminiPhantomWorld/welcome/actions/runs/28813571044,https://github.com/lkminiPhantomWorld/welcome/actions/runs/28813571044/job/85447273697,AVAILABLE
10,VERIFIED_TRUE,RC-01A_STALE_DUPLICATE_README_HASH,Gatekeeper,28813571015,5,1,push,2026-07-06T18:20:06Z,2026-07-06T18:20:14Z,main,3d509adf35662b04d8ebd623a723250fe9abb254,ky46738-ops,85447272619,verify,5,Verify SHA256SUMS,2026-07-06T18:20:06Z,SHA256_MISMATCH:README.md:expected=7ba5d1e49eb2c2b8d20820c4ae6a0a47a5b8b6ef288c95c283053b1c5f4f6eb5:actual=a111aaca2aa8caef98e7edeff06a50fdc3c8aed8fd9db1f4188ce55bf1f764e9,https://github.com/lkminiPhantomWorld/welcome/actions/runs/28813571015,https://github.com/lkminiPhantomWorld/welcome/actions/runs/28813571015/job/85447272619,AVAILABLE|LOCAL_GIT_TREE_REPLAY
11,VERIFIED_TRUE,RC-01A_STALE_DUPLICATE_README_HASH,Gatekeeper,28823204716,6,1,push,2026-07-06T21:05:04Z,2026-07-06T21:05:15Z,main,6d782ea670a1bf0bfa20b17e715980142be9356b,ky46738-ops,85479761995,verify,5,Verify SHA256SUMS,2026-07-06T21:05:04Z,SHA256_MISMATCH:README.md:expected=7ba5d1e49eb2c2b8d20820c4ae6a0a47a5b8b6ef288c95c283053b1c5f4f6eb5:actual=a111aaca2aa8caef98e7edeff06a50fdc3c8aed8fd9db1f4188ce55bf1f764e9,https://github.com/lkminiPhantomWorld/welcome/actions/runs/28823204716,https://github.com/lkminiPhantomWorld/welcome/actions/runs/28823204716/job/85479761995,AVAILABLE|LOCAL_GIT_TREE_REPLAY
12,VERIFIED_TRUE,RC-02_MISSING_ENVIRONMENT_YML,Python Package using Conda,28823204707,5,1,push,2026-07-06T21:05:04Z,2026-07-06T21:05:25Z,main,6d782ea670a1bf0bfa20b17e715980142be9356b,ky46738-ops,85479762046,build-linux,5,Install dependencies,2026-07-06T21:05:21.9878606Z,EnvironmentFileNotFound: '/home/runner/work/welcome/welcome/environment.yml' file not found,https://github.com/lkminiPhantomWorld/welcome/actions/runs/28823204707,https://github.com/lkminiPhantomWorld/welcome/actions/runs/28823204707/job/85479762046,AVAILABLE
13,VERIFIED_TRUE,RC-02_MISSING_ENVIRONMENT_YML,Python Package using Conda,28823270141,6,1,push,2026-07-06T21:06:08Z,2026-07-06T21:06:36Z,main,83ecb23b1342761d1bf44d3b5c718453a694d6e6,ky46738-ops,85479975365,build-linux,5,Install dependencies,2026-07-06T21:06:34.0244025Z,EnvironmentFileNotFound: '/home/runner/work/welcome/welcome/environment.yml' file not found,https://github.com/lkminiPhantomWorld/welcome/actions/runs/28823270141,https://github.com/lkminiPhantomWorld/welcome/actions/runs/28823270141/job/85479975365,AVAILABLE
14,VERIFIED_TRUE,RC-01A_STALE_DUPLICATE_README_HASH,Gatekeeper,28823270087,7,1,push,2026-07-06T21:06:08Z,2026-07-06T21:06:19Z,main,83ecb23b1342761d1bf44d3b5c718453a694d6e6,ky46738-ops,85479975202,verify,5,Verify SHA256SUMS,2026-07-06T21:06:08Z,SHA256_MISMATCH:README.md:expected=7ba5d1e49eb2c2b8d20820c4ae6a0a47a5b8b6ef288c95c283053b1c5f4f6eb5:actual=a111aaca2aa8caef98e7edeff06a50fdc3c8aed8fd9db1f4188ce55bf1f764e9,https://github.com/lkminiPhantomWorld/welcome/actions/runs/28823270087,https://github.com/lkminiPhantomWorld/welcome/actions/runs/28823270087/job/85479975202,AVAILABLE|LOCAL_GIT_TREE_REPLAY
15,VERIFIED_TRUE,RC-02_MISSING_ENVIRONMENT_YML,Python Package using Conda,28823761079,7,2,push,2026-07-06T21:14:58Z,2026-07-06T22:58:31Z,copilot/ky46738-ops-move-tiny-state-core,7ca036ac12673ec0a6e6ec6514f56cdc29c9aa59,Copilot,85498517444,build-linux,5,Install dependencies,2026-07-06T22:58:28.6791668Z,EnvironmentFileNotFound: '/home/runner/work/welcome/welcome/environment.yml' file not found,https://github.com/lkminiPhantomWorld/welcome/actions/runs/28823761079,https://github.com/lkminiPhantomWorld/welcome/actions/runs/28823761079/job/85498517444,AVAILABLE
16,VERIFIED_TRUE,RC-01A_STALE_DUPLICATE_README_HASH,Gatekeeper,28823761065,8,2,push,2026-07-06T21:14:58Z,2026-07-06T22:58:15Z,copilot/ky46738-ops-move-tiny-state-core,7ca036ac12673ec0a6e6ec6514f56cdc29c9aa59,Copilot,85498516062,verify,5,Verify SHA256SUMS,2026-07-06T21:14:58Z,SHA256_MISMATCH:README.md:expected=7ba5d1e49eb2c2b8d20820c4ae6a0a47a5b8b6ef288c95c283053b1c5f4f6eb5:actual=a111aaca2aa8caef98e7edeff06a50fdc3c8aed8fd9db1f4188ce55bf1f764e9,https://github.com/lkminiPhantomWorld/welcome/actions/runs/28823761065,https://github.com/lkminiPhantomWorld/welcome/actions/runs/28823761065/job/85498516062,AVAILABLE|LOCAL_GIT_TREE_REPLAY
17,VERIFIED_TRUE,RC-01A_STALE_DUPLICATE_README_HASH,Gatekeeper,28823918280,9,1,push,2026-07-06T21:17:49Z,2026-07-06T21:17:56Z,main,2803c119606169527818faf7e09b86204aa3e163,ky46738-ops,85482157046,verify,5,Verify SHA256SUMS,2026-07-06T21:17:49Z,SHA256_MISMATCH:README.md:expected=7ba5d1e49eb2c2b8d20820c4ae6a0a47a5b8b6ef288c95c283053b1c5f4f6eb5:actual=a111aaca2aa8caef98e7edeff06a50fdc3c8aed8fd9db1f4188ce55bf1f764e9,https://github.com/lkminiPhantomWorld/welcome/actions/runs/28823918280,https://github.com/lkminiPhantomWorld/welcome/actions/runs/28823918280/job/85482157046,AVAILABLE|LOCAL_GIT_TREE_REPLAY
18,VERIFIED_TRUE,RC-02_MISSING_ENVIRONMENT_YML,Python Package using Conda,28823918279,8,1,push,2026-07-06T21:17:49Z,2026-07-06T21:18:18Z,main,2803c119606169527818faf7e09b86204aa3e163,ky46738-ops,85482156914,build-linux,5,Install dependencies,2026-07-06T21:18:15.2505741Z,EnvironmentFileNotFound: '/home/runner/work/welcome/welcome/environment.yml' file not found,https://github.com/lkminiPhantomWorld/welcome/actions/runs/28823918279,https://github.com/lkminiPhantomWorld/welcome/actions/runs/28823918279/job/85482156914,AVAILABLE
19,VERIFIED_TRUE,RC-01A_STALE_DUPLICATE_README_HASH,Gatekeeper,28828987290,10,2,pull_request,2026-07-06T22:57:56Z,2026-07-06T22:58:16Z,copilot/ky46738-ops-move-tiny-state-core,7ca036ac12673ec0a6e6ec6514f56cdc29c9aa59,Copilot,85498517399,verify,5,Verify SHA256SUMS,2026-07-06T22:57:56Z,SHA256_MISMATCH:README.md:expected=7ba5d1e49eb2c2b8d20820c4ae6a0a47a5b8b6ef288c95c283053b1c5f4f6eb5:actual=a111aaca2aa8caef98e7edeff06a50fdc3c8aed8fd9db1f4188ce55bf1f764e9,https://github.com/lkminiPhantomWorld/welcome/actions/runs/28828987290,https://github.com/lkminiPhantomWorld/welcome/actions/runs/28828987290/job/85498517399,AVAILABLE|LOCAL_GIT_TREE_REPLAY
20,VERIFIED_TRUE,RC-02_MISSING_ENVIRONMENT_YML,Python Package using Conda,28828999080,9,1,push,2026-07-06T22:58:12Z,2026-07-06T22:58:37Z,main,06109c50feb98dd669a8a6e727e04fd60c93c190,ky46738-ops,85498530545,build-linux,5,Install dependencies,2026-07-06T22:58:35.0049988Z,EnvironmentFileNotFound: '/home/runner/work/welcome/welcome/environment.yml' file not found,https://github.com/lkminiPhantomWorld/welcome/actions/runs/28828999080,https://github.com/lkminiPhantomWorld/welcome/actions/runs/28828999080/job/85498530545,AVAILABLE
21,VERIFIED_TRUE,RC-01A_STALE_DUPLICATE_README_HASH,Gatekeeper,28828999027,11,1,push,2026-07-06T22:58:12Z,2026-07-06T22:58:24Z,main,06109c50feb98dd669a8a6e727e04fd60c93c190,ky46738-ops,85498530307,verify,5,Verify SHA256SUMS,2026-07-06T22:58:12Z,SHA256_MISMATCH:README.md:expected=7ba5d1e49eb2c2b8d20820c4ae6a0a47a5b8b6ef288c95c283053b1c5f4f6eb5:actual=a111aaca2aa8caef98e7edeff06a50fdc3c8aed8fd9db1f4188ce55bf1f764e9,https://github.com/lkminiPhantomWorld/welcome/actions/runs/28828999027,https://github.com/lkminiPhantomWorld/welcome/actions/runs/28828999027/job/85498530307,AVAILABLE|LOCAL_GIT_TREE_REPLAY
22,VERIFIED_TRUE,RC-02_MISSING_ENVIRONMENT_YML,Python Package using Conda,28877373713,12,2,push,2026-07-07T15:16:33Z,2026-07-07T15:21:33Z,copilot/centralization-tracker,ffe5f9fd9f0f5a81f41a837751336888662e52d6,Copilot,85657147642,build-linux,5,Install dependencies,2026-07-07T15:21:30.9618298Z,EnvironmentFileNotFound: '/home/runner/work/welcome/welcome/environment.yml' file not found,https://github.com/lkminiPhantomWorld/welcome/actions/runs/28877373713,https://github.com/lkminiPhantomWorld/welcome/actions/runs/28877373713/job/85657147642,AVAILABLE
23,VERIFIED_TRUE,RC-01B_VERIFIER_IDENTITY_DRIFT,Gatekeeper,28877375218,17,2,push,2026-07-07T15:16:34Z,2026-07-07T15:21:20Z,copilot/centralization-tracker,ffe5f9fd9f0f5a81f41a837751336888662e52d6,Copilot,85657148929,verify,6,Check no private data leaked,2026-07-07T15:16:34Z,FAIL: Private marker 'PRIVATE_ENGINE' in ./SECURITY.md,https://github.com/lkminiPhantomWorld/welcome/actions/runs/28877375218,https://github.com/lkminiPhantomWorld/welcome/actions/runs/28877375218/job/85657148929,AVAILABLE|LOCAL_VERIFIER_REPLAY
24,VERIFIED_TRUE,RC-01B_VERIFIER_IDENTITY_DRIFT,Gatekeeper,28877377278,18,2,pull_request,2026-07-07T15:16:36Z,2026-07-07T15:21:25Z,copilot/centralization-tracker,ffe5f9fd9f0f5a81f41a837751336888662e52d6,Copilot,85657155808,verify,6,Check no private data leaked,2026-07-07T15:16:36Z,FAIL: Private marker 'PRIVATE_ENGINE' in ./SECURITY.md,https://github.com/lkminiPhantomWorld/welcome/actions/runs/28877377278,https://github.com/lkminiPhantomWorld/welcome/actions/runs/28877377278/job/85657155808,AVAILABLE|LOCAL_VERIFIER_REPLAY
25,VERIFIED_TRUE,RC-01_MANIFEST_HASH_DRIFT,Gatekeeper,29367253468,19,1,push,2026-07-14T20:50:15Z,2026-07-14T20:50:25Z,main,0b22caf930dcda7cf5170ab6a62c1b97e1af068b,ky46738-ops,87201791886,verify,5,Verify SHA256SUMS,2026-07-14T20:50:15Z,MISSING_SHA256SUMS,https://github.com/lkminiPhantomWorld/welcome/actions/runs/29367253468,https://github.com/lkminiPhantomWorld/welcome/actions/runs/29367253468/job/87201791886,AVAILABLE|LOCAL_GIT_TREE_REPLAY
26,VERIFIED_TRUE,RC-02_MISSING_ENVIRONMENT_YML,Python Package using Conda,29367253417,13,1,push,2026-07-14T20:50:15Z,2026-07-14T20:50:45Z,main,0b22caf930dcda7cf5170ab6a62c1b97e1af068b,ky46738-ops,87201791905,build-linux,5,Install dependencies,2026-07-14T20:50:42.2099368Z,EnvironmentFileNotFound: '/home/runner/work/welcome/welcome/environment.yml' file not found,https://github.com/lkminiPhantomWorld/welcome/actions/runs/29367253417,https://github.com/lkminiPhantomWorld/welcome/actions/runs/29367253417/job/87201791905,AVAILABLE
27,VERIFIED_TRUE,RC-01_MANIFEST_HASH_DRIFT,Gatekeeper,29368059445,20,1,push,2026-07-14T21:02:49Z,2026-07-14T21:02:58Z,main,710b65a1eff4ef9b2697f9eb4748aa9db08d00fc,ky46738-ops,87204416032,verify,5,Verify SHA256SUMS,2026-07-14T21:02:49Z,MISSING_SHA256SUMS,https://github.com/lkminiPhantomWorld/welcome/actions/runs/29368059445,https://github.com/lkminiPhantomWorld/welcome/actions/runs/29368059445/job/87204416032,AVAILABLE|LOCAL_GIT_TREE_REPLAY
28,VERIFIED_TRUE,RC-02_MISSING_ENVIRONMENT_YML,Python Package using Conda,29368059432,14,1,push,2026-07-14T21:02:49Z,2026-07-14T21:03:01Z,main,710b65a1eff4ef9b2697f9eb4748aa9db08d00fc,ky46738-ops,87204415833,build-linux,5,Install dependencies,2026-07-14T21:02:58.2736539Z,EnvironmentFileNotFound: '/home/runner/work/welcome/welcome/environment.yml' file not found,https://github.com/lkminiPhantomWorld/welcome/actions/runs/29368059432,https://github.com/lkminiPhantomWorld/welcome/actions/runs/29368059432/job/87204415833,AVAILABLE
29,VERIFIED_PARTIAL_LOG_UNAVAILABLE,RC-01B_VERIFIER_IDENTITY_DRIFT,Gatekeeper,29890931528,21,1,push,2026-07-22T04:23:29Z,2026-07-22T04:23:34Z,seed_v0,1d0c67bc6aad280d9f74d652327baedcce03cf8f,ky46738-ops,88831076377,verify,VERIFIED_FALSE,VERIFIED_FALSE,2026-07-22T04:23:29Z,FAIL: Private marker 'PRIVATE_ENGINE' in ./SECURITY.md,https://github.com/lkminiPhantomWorld/welcome/actions/runs/29890931528,https://github.com/lkminiPhantomWorld/welcome/actions/runs/29890931528/job/88831076377,VERIFIED_FALSE_API_ERROR|LOCAL_VERIFIER_REPLAY
30,VERIFIED_PARTIAL_LOG_UNAVAILABLE,RC-01B_VERIFIER_IDENTITY_DRIFT,Gatekeeper,29891069179,22,1,push,2026-07-22T04:26:32Z,2026-07-22T04:26:36Z,seed_v0,7883e072db654db6529b84016aac333199680ba5,ky46738-ops,88831467835,verify,VERIFIED_FALSE,VERIFIED_FALSE,2026-07-22T04:26:32Z,FAIL: Private marker 'PRIVATE_ENGINE' in ./GOVERNANCE.md,https://github.com/lkminiPhantomWorld/welcome/actions/runs/29891069179,https://github.com/lkminiPhantomWorld/welcome/actions/runs/29891069179/job/88831467835,VERIFIED_FALSE_API_ERROR|LOCAL_VERIFIER_REPLAY
31,VERIFIED_PARTIAL_LOG_UNAVAILABLE,RC-01_GATEKEEPER_MANIFEST_OR_VERIFIER_DRIFT,Gatekeeper,29891198462,23,1,push,2026-07-22T04:29:33Z,2026-07-22T04:29:36Z,seed_v0,f4e32ce7ccec469aa8861f87998002698096c826,ky46738-ops,88831832134,verify,VERIFIED_FALSE,VERIFIED_FALSE,,VERIFIED_FALSE_LOG_UNAVAILABLE,https://github.com/lkminiPhantomWorld/welcome/actions/runs/29891198462,https://github.com/lkminiPhantomWorld/welcome/actions/runs/29891198462/job/88831832134,VERIFIED_FALSE_API_ERROR
32,VERIFIED_PARTIAL_LOG_UNAVAILABLE,RC-01_MANIFEST_HASH_DRIFT,Gatekeeper,29900486098,24,1,push,2026-07-22T07:31:01Z,2026-07-22T07:31:05Z,main,9c94e7c687b70a9287a3789c9713b64727f4b267,ky46738-ops,88859898598,verify,VERIFIED_FALSE,VERIFIED_FALSE,2026-07-22T07:31:01Z,MISSING_SHA256SUMS,https://github.com/lkminiPhantomWorld/welcome/actions/runs/29900486098,https://github.com/lkminiPhantomWorld/welcome/actions/runs/29900486098/job/88859898598,VERIFIED_FALSE_API_ERROR|LOCAL_GIT_TREE_REPLAY
33,VERIFIED_PARTIAL_LOG_UNAVAILABLE,RC-04_PAGES_WORKFLOW_OR_DEPLOYMENT_FAILURE,Deploy to GitHub Pages,29900485943,9,1,push,2026-07-22T07:31:01Z,2026-07-22T07:31:06Z,main,9c94e7c687b70a9287a3789c9713b64727f4b267,ky46738-ops,88859898402,deploy,VERIFIED_FALSE,VERIFIED_FALSE,,VERIFIED_FALSE_LOG_UNAVAILABLE,https://github.com/lkminiPhantomWorld/welcome/actions/runs/29900485943,https://github.com/lkminiPhantomWorld/welcome/actions/runs/29900485943/job/88859898402,VERIFIED_FALSE_API_ERROR
34,VERIFIED_PARTIAL_LOG_UNAVAILABLE,RC-02_MISSING_ENVIRONMENT_YML,Python Package using Conda,29900485937,15,1,push,2026-07-22T07:31:01Z,2026-07-22T07:31:05Z,main,9c94e7c687b70a9287a3789c9713b64727f4b267,ky46738-ops,88859898374,build-linux,VERIFIED_FALSE,VERIFIED_FALSE,,VERIFIED_FALSE_LOG_UNAVAILABLE,https://github.com/lkminiPhantomWorld/welcome/actions/runs/29900485937,https://github.com/lkminiPhantomWorld/welcome/actions/runs/29900485937/job/88859898374,VERIFIED_FALSE_API_ERROR
35,VERIFIED_PARTIAL_LOG_UNAVAILABLE,RC-04_PAGES_WORKFLOW_OR_DEPLOYMENT_FAILURE,Deploy to GitHub Pages,29900847335,10,1,push,2026-07-22T07:36:51Z,2026-07-22T07:36:57Z,main,5f92f12a175669ad00c0ac27f309c821e83fdbec,ky46738-ops,88861008344,deploy,VERIFIED_FALSE,VERIFIED_FALSE,,VERIFIED_FALSE_LOG_UNAVAILABLE,https://github.com/lkminiPhantomWorld/welcome/actions/runs/29900847335,https://github.com/lkminiPhantomWorld/welcome/actions/runs/29900847335/job/88861008344,VERIFIED_FALSE_API_ERROR
36,VERIFIED_PARTIAL_LOG_UNAVAILABLE,RC-02_MISSING_ENVIRONMENT_YML,Python Package using Conda,29900847333,16,1,push,2026-07-22T07:36:51Z,2026-07-22T07:36:55Z,main,5f92f12a175669ad00c0ac27f309c821e83fdbec,ky46738-ops,88861008071,build-linux,VERIFIED_FALSE,VERIFIED_FALSE,,VERIFIED_FALSE_LOG_UNAVAILABLE,https://github.com/lkminiPhantomWorld/welcome/actions/runs/29900847333,https://github.com/lkminiPhantomWorld/welcome/actions/runs/29900847333/job/88861008071,VERIFIED_FALSE_API_ERROR
37,VERIFIED_PARTIAL_LOG_UNAVAILABLE,RC-01_MANIFEST_HASH_DRIFT,Gatekeeper,29900847330,25,1,push,2026-07-22T07:36:51Z,2026-07-22T07:36:55Z,main,5f92f12a175669ad00c0ac27f309c821e83fdbec,ky46738-ops,88861008162,verify,VERIFIED_FALSE,VERIFIED_FALSE,2026-07-22T07:36:51Z,MISSING_SHA256SUMS,https://github.com/lkminiPhantomWorld/welcome/actions/runs/29900847330,https://github.com/lkminiPhantomWorld/welcome/actions/runs/29900847330/job/88861008162,VERIFIED_FALSE_API_ERROR|LOCAL_GIT_TREE_REPLAY
38,VERIFIED_PARTIAL_LOG_UNAVAILABLE,RC-01_MANIFEST_HASH_DRIFT,Gatekeeper,29901465180,26,1,push,2026-07-22T07:46:54Z,2026-07-22T07:46:58Z,main,720ed0e079b19704fde675db8af16e5f95883ff7,ky46738-ops,88862929895,verify,VERIFIED_FALSE,VERIFIED_FALSE,2026-07-22T07:46:54Z,MISSING_SHA256SUMS,https://github.com/lkminiPhantomWorld/welcome/actions/runs/29901465180,https://github.com/lkminiPhantomWorld/welcome/actions/runs/29901465180/job/88862929895,VERIFIED_FALSE_API_ERROR|LOCAL_GIT_TREE_REPLAY
39,VERIFIED_PARTIAL_LOG_UNAVAILABLE,RC-04_PAGES_WORKFLOW_OR_DEPLOYMENT_FAILURE,Deploy to GitHub Pages,29901465178,11,1,push,2026-07-22T07:46:54Z,2026-07-22T07:47:00Z,main,720ed0e079b19704fde675db8af16e5f95883ff7,ky46738-ops,88862930050,deploy,VERIFIED_FALSE,VERIFIED_FALSE,,VERIFIED_FALSE_LOG_UNAVAILABLE,https://github.com/lkminiPhantomWorld/welcome/actions/runs/29901465178,https://github.com/lkminiPhantomWorld/welcome/actions/runs/29901465178/job/88862930050,VERIFIED_FALSE_API_ERROR
40,VERIFIED_PARTIAL_LOG_UNAVAILABLE,RC-02_MISSING_ENVIRONMENT_YML,Python Package using Conda,29901465152,17,1,push,2026-07-22T07:46:54Z,2026-07-22T07:46:59Z,main,720ed0e079b19704fde675db8af16e5f95883ff7,ky46738-ops,88862930003,build-linux,VERIFIED_FALSE,VERIFIED_FALSE,,VERIFIED_FALSE_LOG_UNAVAILABLE,https://github.com/lkminiPhantomWorld/welcome/actions/runs/29901465152,https://github.com/lkminiPhantomWorld/welcome/actions/runs/29901465152/job/88862930003,VERIFIED_FALSE_API_ERROR
41,VERIFIED_PARTIAL_LOG_UNAVAILABLE,RC-04_PAGES_WORKFLOW_OR_DEPLOYMENT_FAILURE,Deploy to GitHub Pages,29901649894,12,1,push,2026-07-22T07:49:56Z,2026-07-22T07:50:02Z,main,175fce87a8b77ffd8cb6d96df150fb294134b694,ky46738-ops,88863520286,deploy,VERIFIED_FALSE,VERIFIED_FALSE,,VERIFIED_FALSE_LOG_UNAVAILABLE,https://github.com/lkminiPhantomWorld/welcome/actions/runs/29901649894,https://github.com/lkminiPhantomWorld/welcome/actions/runs/29901649894/job/88863520286,VERIFIED_FALSE_API_ERROR
42,VERIFIED_PARTIAL_LOG_UNAVAILABLE,RC-02_MISSING_ENVIRONMENT_YML,Python Package using Conda,29901649761,18,1,push,2026-07-22T07:49:56Z,2026-07-22T07:50:00Z,main,175fce87a8b77ffd8cb6d96df150fb294134b694,ky46738-ops,88863519926,build-linux,VERIFIED_FALSE,VERIFIED_FALSE,,VERIFIED_FALSE_LOG_UNAVAILABLE,https://github.com/lkminiPhantomWorld/welcome/actions/runs/29901649761,https://github.com/lkminiPhantomWorld/welcome/actions/runs/29901649761/job/88863519926,VERIFIED_FALSE_API_ERROR
43,VERIFIED_PARTIAL_LOG_UNAVAILABLE,RC-01A_STALE_DUPLICATE_README_HASH,Gatekeeper,29901649754,27,1,push,2026-07-22T07:49:56Z,2026-07-22T07:49:59Z,main,175fce87a8b77ffd8cb6d96df150fb294134b694,ky46738-ops,88863520196,verify,VERIFIED_FALSE,VERIFIED_FALSE,2026-07-22T07:49:56Z,SHA256_MISMATCH:README.md:expected=7ba5d1e49eb2c2b8d20820c4ae6a0a47a5b8b6ef288c95c283053b1c5f4f6eb5:actual=a111aaca2aa8caef98e7edeff06a50fdc3c8aed8fd9db1f4188ce55bf1f764e9,https://github.com/lkminiPhantomWorld/welcome/actions/runs/29901649754,https://github.com/lkminiPhantomWorld/welcome/actions/runs/29901649754/job/88863520196,VERIFIED_FALSE_API_ERROR|LOCAL_GIT_TREE_REPLAY
44,VERIFIED_PARTIAL_LOG_UNAVAILABLE,RC-02_MISSING_ENVIRONMENT_YML,Python Package using Conda,29901652234,19,1,push,2026-07-22T07:49:58Z,2026-07-22T07:50:02Z,copilot/ky46738-ops-move-tiny-state-core,175fce87a8b77ffd8cb6d96df150fb294134b694,ky46738-ops,88863527482,build-linux,VERIFIED_FALSE,VERIFIED_FALSE,,VERIFIED_FALSE_LOG_UNAVAILABLE,https://github.com/lkminiPhantomWorld/welcome/actions/runs/29901652234,https://github.com/lkminiPhantomWorld/welcome/actions/runs/29901652234/job/88863527482,VERIFIED_FALSE_API_ERROR
45,VERIFIED_PARTIAL_LOG_UNAVAILABLE,RC-01A_STALE_DUPLICATE_README_HASH,Gatekeeper,29901652020,28,1,push,2026-07-22T07:49:58Z,2026-07-22T07:50:02Z,copilot/ky46738-ops-move-tiny-state-core,175fce87a8b77ffd8cb6d96df150fb294134b694,ky46738-ops,88863526906,verify,VERIFIED_FALSE,VERIFIED_FALSE,2026-07-22T07:49:58Z,SHA256_MISMATCH:README.md:expected=7ba5d1e49eb2c2b8d20820c4ae6a0a47a5b8b6ef288c95c283053b1c5f4f6eb5:actual=a111aaca2aa8caef98e7edeff06a50fdc3c8aed8fd9db1f4188ce55bf1f764e9,https://github.com/lkminiPhantomWorld/welcome/actions/runs/29901652020,https://github.com/lkminiPhantomWorld/welcome/actions/runs/29901652020/job/88863526906,VERIFIED_FALSE_API_ERROR|LOCAL_GIT_TREE_REPLAY
46,VERIFIED_PARTIAL_LOG_UNAVAILABLE,RC-04_PAGES_WORKFLOW_OR_DEPLOYMENT_FAILURE,Deploy to GitHub Pages,29921729256,13,1,push,2026-07-22T12:56:30Z,2026-07-22T12:56:36Z,main,7b0b85baa00922ae00fa5bd28f871b89bd9a000c,ky46738-ops,88928636229,deploy,VERIFIED_FALSE,VERIFIED_FALSE,,VERIFIED_FALSE_LOG_UNAVAILABLE,https://github.com/lkminiPhantomWorld/welcome/actions/runs/29921729256,https://github.com/lkminiPhantomWorld/welcome/actions/runs/29921729256/job/88928636229,VERIFIED_FALSE_API_ERROR
47,VERIFIED_PARTIAL_LOG_UNAVAILABLE,RC-02_MISSING_ENVIRONMENT_YML,Python Package using Conda,29921729687,20,1,push,2026-07-22T12:56:31Z,2026-07-22T12:56:35Z,main,7b0b85baa00922ae00fa5bd28f871b89bd9a000c,ky46738-ops,88928637380,build-linux,VERIFIED_FALSE,VERIFIED_FALSE,,VERIFIED_FALSE_LOG_UNAVAILABLE,https://github.com/lkminiPhantomWorld/welcome/actions/runs/29921729687,https://github.com/lkminiPhantomWorld/welcome/actions/runs/29921729687/job/88928637380,VERIFIED_FALSE_API_ERROR
48,VERIFIED_PARTIAL_LOG_UNAVAILABLE,RC-01A_STALE_DUPLICATE_README_HASH,Gatekeeper,29921729685,29,1,push,2026-07-22T12:56:31Z,2026-07-22T12:56:35Z,main,7b0b85baa00922ae00fa5bd28f871b89bd9a000c,ky46738-ops,88928637603,verify,VERIFIED_FALSE,VERIFIED_FALSE,2026-07-22T12:56:31Z,SHA256_MISMATCH:README.md:expected=7ba5d1e49eb2c2b8d20820c4ae6a0a47a5b8b6ef288c95c283053b1c5f4f6eb5:actual=a111aaca2aa8caef98e7edeff06a50fdc3c8aed8fd9db1f4188ce55bf1f764e9,https://github.com/lkminiPhantomWorld/welcome/actions/runs/29921729685,https://github.com/lkminiPhantomWorld/welcome/actions/runs/29921729685/job/88928637603,VERIFIED_FALSE_API_ERROR|LOCAL_GIT_TREE_REPLAY
49,VERIFIED_PARTIAL_LOG_UNAVAILABLE,RC-01A_STALE_DUPLICATE_README_HASH,Gatekeeper,29921742686,30,1,push,2026-07-22T12:56:42Z,2026-07-22T12:56:46Z,main,19e53fa1b78c7f3527864b24763e02eded616d08,ky46738-ops,88928681035,verify,VERIFIED_FALSE,VERIFIED_FALSE,2026-07-22T12:56:42Z,SHA256_MISMATCH:README.md:expected=7ba5d1e49eb2c2b8d20820c4ae6a0a47a5b8b6ef288c95c283053b1c5f4f6eb5:actual=a111aaca2aa8caef98e7edeff06a50fdc3c8aed8fd9db1f4188ce55bf1f764e9,https://github.com/lkminiPhantomWorld/welcome/actions/runs/29921742686,https://github.com/lkminiPhantomWorld/welcome/actions/runs/29921742686/job/88928681035,VERIFIED_FALSE_API_ERROR|LOCAL_GIT_TREE_REPLAY
50,VERIFIED_PARTIAL_LOG_UNAVAILABLE,RC-03_PORTAL_PROJECTION_HASH_DRIFT,Deploy verified welcome site to GitHub Pages,29921742579,1,1,push,2026-07-22T12:56:42Z,2026-07-22T12:56:49Z,main,19e53fa1b78c7f3527864b24763e02eded616d08,ky46738-ops,88928685666,deploy,VERIFIED_FALSE,VERIFIED_FALSE,,VERIFIED_FALSE_LOG_UNAVAILABLE,https://github.com/lkminiPhantomWorld/welcome/actions/runs/29921742579,https://github.com/lkminiPhantomWorld/welcome/actions/runs/29921742579/job/88928685666,VERIFIED_FALSE_API_ERROR
51,VERIFIED_PARTIAL_LOG_UNAVAILABLE,RC-02_MISSING_ENVIRONMENT_YML,Python Package using Conda,29921742279,21,1,push,2026-07-22T12:56:42Z,2026-07-22T12:56:46Z,main,19e53fa1b78c7f3527864b24763e02eded616d08,ky46738-ops,88928679758,build-linux,VERIFIED_FALSE,VERIFIED_FALSE,,VERIFIED_FALSE_LOG_UNAVAILABLE,https://github.com/lkminiPhantomWorld/welcome/actions/runs/29921742279,https://github.com/lkminiPhantomWorld/welcome/actions/runs/29921742279/job/88928679758,VERIFIED_FALSE_API_ERROR
52,VERIFIED_PARTIAL_LOG_UNAVAILABLE,RC-02_MISSING_ENVIRONMENT_YML,Python Package using Conda,29931541240,22,1,push,2026-07-22T15:03:17Z,2026-07-22T15:03:23Z,automation/portal-integrity-20260722,19e53fa1b78c7f3527864b24763e02eded616d08,ky46738-ops,88962254285,build-linux,VERIFIED_FALSE,VERIFIED_FALSE,,VERIFIED_FALSE_LOG_UNAVAILABLE,https://github.com/lkminiPhantomWorld/welcome/actions/runs/29931541240,https://github.com/lkminiPhantomWorld/welcome/actions/runs/29931541240/job/88962254285,VERIFIED_FALSE_API_ERROR
53,VERIFIED_PARTIAL_LOG_UNAVAILABLE,RC-01A_STALE_DUPLICATE_README_HASH,Gatekeeper,29931541991,31,1,push,2026-07-22T15:03:18Z,2026-07-22T15:03:22Z,automation/portal-integrity-20260722,19e53fa1b78c7f3527864b24763e02eded616d08,ky46738-ops,88962256978,verify,VERIFIED_FALSE,VERIFIED_FALSE,2026-07-22T15:03:18Z,SHA256_MISMATCH:README.md:expected=7ba5d1e49eb2c2b8d20820c4ae6a0a47a5b8b6ef288c95c283053b1c5f4f6eb5:actual=a111aaca2aa8caef98e7edeff06a50fdc3c8aed8fd9db1f4188ce55bf1f764e9,https://github.com/lkminiPhantomWorld/welcome/actions/runs/29931541991,https://github.com/lkminiPhantomWorld/welcome/actions/runs/29931541991/job/88962256978,VERIFIED_FALSE_API_ERROR|LOCAL_GIT_TREE_REPLAY
54,VERIFIED_PARTIAL_LOG_UNAVAILABLE,RC-02_MISSING_ENVIRONMENT_YML,Python Package using Conda,29931576873,23,1,push,2026-07-22T15:03:44Z,2026-07-22T15:03:49Z,automation/portal-integrity-20260722,b537c52ac7ea4b177a4b2c056dadc192d7b5372b,ky46738-ops,88962377162,build-linux,VERIFIED_FALSE,VERIFIED_FALSE,,VERIFIED_FALSE_LOG_UNAVAILABLE,https://github.com/lkminiPhantomWorld/welcome/actions/runs/29931576873,https://github.com/lkminiPhantomWorld/welcome/actions/runs/29931576873/job/88962377162,VERIFIED_FALSE_API_ERROR
55,VERIFIED_PARTIAL_LOG_UNAVAILABLE,RC-01A_STALE_DUPLICATE_README_HASH,Gatekeeper,29931576857,32,1,push,2026-07-22T15:03:44Z,2026-07-22T15:03:49Z,automation/portal-integrity-20260722,b537c52ac7ea4b177a4b2c056dadc192d7b5372b,ky46738-ops,88962376763,verify,VERIFIED_FALSE,VERIFIED_FALSE,2026-07-22T15:03:44Z,SHA256_MISMATCH:README.md:expected=7ba5d1e49eb2c2b8d20820c4ae6a0a47a5b8b6ef288c95c283053b1c5f4f6eb5:actual=a111aaca2aa8caef98e7edeff06a50fdc3c8aed8fd9db1f4188ce55bf1f764e9,https://github.com/lkminiPhantomWorld/welcome/actions/runs/29931576857,https://github.com/lkminiPhantomWorld/welcome/actions/runs/29931576857/job/88962376763,VERIFIED_FALSE_API_ERROR|LOCAL_GIT_TREE_REPLAY
56,VERIFIED_PARTIAL_LOG_UNAVAILABLE,RC-02_MISSING_ENVIRONMENT_YML,Python Package using Conda,29931615690,24,1,push,2026-07-22T15:04:14Z,2026-07-22T15:04:20Z,automation/portal-integrity-20260722,ef1d0a4cf30102b27b682a105584a35c28e0fb6c,ky46738-ops,88962509470,build-linux,VERIFIED_FALSE,VERIFIED_FALSE,,VERIFIED_FALSE_LOG_UNAVAILABLE,https://github.com/lkminiPhantomWorld/welcome/actions/runs/29931615690,https://github.com/lkminiPhantomWorld/welcome/actions/runs/29931615690/job/88962509470,VERIFIED_FALSE_API_ERROR
57,VERIFIED_PARTIAL_LOG_UNAVAILABLE,RC-01A_STALE_DUPLICATE_README_HASH,Gatekeeper,29931616138,33,1,push,2026-07-22T15:04:15Z,2026-07-22T15:04:19Z,automation/portal-integrity-20260722,ef1d0a4cf30102b27b682a105584a35c28e0fb6c,ky46738-ops,88962511158,verify,VERIFIED_FALSE,VERIFIED_FALSE,2026-07-22T15:04:15Z,SHA256_MISMATCH:README.md:expected=7ba5d1e49eb2c2b8d20820c4ae6a0a47a5b8b6ef288c95c283053b1c5f4f6eb5:actual=a111aaca2aa8caef98e7edeff06a50fdc3c8aed8fd9db1f4188ce55bf1f764e9,https://github.com/lkminiPhantomWorld/welcome/actions/runs/29931616138,https://github.com/lkminiPhantomWorld/welcome/actions/runs/29931616138/job/88962511158,VERIFIED_FALSE_API_ERROR|LOCAL_GIT_TREE_REPLAY
58,VERIFIED_PARTIAL_LOG_UNAVAILABLE,RC-02_MISSING_ENVIRONMENT_YML,Python Package using Conda,29931650707,25,1,push,2026-07-22T15:04:41Z,2026-07-22T15:04:45Z,automation/portal-integrity-20260722,13335775ff48ba3980d04ceaaa765e6244987f0d,ky46738-ops,88962632828,build-linux,VERIFIED_FALSE,VERIFIED_FALSE,,VERIFIED_FALSE_LOG_UNAVAILABLE,https://github.com/lkminiPhantomWorld/welcome/actions/runs/29931650707,https://github.com/lkminiPhantomWorld/welcome/actions/runs/29931650707/job/88962632828,VERIFIED_FALSE_API_ERROR
59,VERIFIED_PARTIAL_LOG_UNAVAILABLE,RC-01A_STALE_DUPLICATE_README_HASH,Gatekeeper,29931653346,34,1,push,2026-07-22T15:04:43Z,2026-07-22T15:04:48Z,automation/portal-integrity-20260722,13335775ff48ba3980d04ceaaa765e6244987f0d,ky46738-ops,88962641595,verify,VERIFIED_FALSE,VERIFIED_FALSE,2026-07-22T15:04:43Z,SHA256_MISMATCH:README.md:expected=7ba5d1e49eb2c2b8d20820c4ae6a0a47a5b8b6ef288c95c283053b1c5f4f6eb5:actual=a111aaca2aa8caef98e7edeff06a50fdc3c8aed8fd9db1f4188ce55bf1f764e9,https://github.com/lkminiPhantomWorld/welcome/actions/runs/29931653346,https://github.com/lkminiPhantomWorld/welcome/actions/runs/29931653346/job/88962641595,VERIFIED_FALSE_API_ERROR|LOCAL_GIT_TREE_REPLAY
60,VERIFIED_PARTIAL_LOG_UNAVAILABLE,RC-01A_STALE_DUPLICATE_README_HASH,Gatekeeper,29931658300,35,1,push,2026-07-22T15:04:47Z,2026-07-22T15:04:50Z,automation/portal-integrity-20260722,50ea92a892e161aa2e7c5f4b32a4b60c9ca0952e,ky46738-ops,88962658674,verify,VERIFIED_FALSE,VERIFIED_FALSE,2026-07-22T15:04:47Z,SHA256_MISMATCH:README.md:expected=7ba5d1e49eb2c2b8d20820c4ae6a0a47a5b8b6ef288c95c283053b1c5f4f6eb5:actual=a111aaca2aa8caef98e7edeff06a50fdc3c8aed8fd9db1f4188ce55bf1f764e9,https://github.com/lkminiPhantomWorld/welcome/actions/runs/29931658300,https://github.com/lkminiPhantomWorld/welcome/actions/runs/29931658300/job/88962658674,VERIFIED_FALSE_API_ERROR|LOCAL_GIT_TREE_REPLAY
61,VERIFIED_PARTIAL_LOG_UNAVAILABLE,RC-02_MISSING_ENVIRONMENT_YML,Python Package using Conda,29931658235,26,1,push,2026-07-22T15:04:47Z,2026-07-22T15:04:51Z,automation/portal-integrity-20260722,50ea92a892e161aa2e7c5f4b32a4b60c9ca0952e,ky46738-ops,88962658611,build-linux,VERIFIED_FALSE,VERIFIED_FALSE,,VERIFIED_FALSE_LOG_UNAVAILABLE,https://github.com/lkminiPhantomWorld/welcome/actions/runs/29931658235,https://github.com/lkminiPhantomWorld/welcome/actions/runs/29931658235/job/88962658611,VERIFIED_FALSE_API_ERROR
62,VERIFIED_PARTIAL_LOG_UNAVAILABLE,RC-02_MISSING_ENVIRONMENT_YML,Python Package using Conda,29931678262,27,1,push,2026-07-22T15:05:02Z,2026-07-22T15:05:06Z,automation/portal-integrity-20260722,0dd0c8c420f7ee279e43ff673b10c1cc656057df,ky46738-ops,88962727871,build-linux,VERIFIED_FALSE,VERIFIED_FALSE,,VERIFIED_FALSE_LOG_UNAVAILABLE,https://github.com/lkminiPhantomWorld/welcome/actions/runs/29931678262,https://github.com/lkminiPhantomWorld/welcome/actions/runs/29931678262/job/88962727871,VERIFIED_FALSE_API_ERROR
63,VERIFIED_PARTIAL_LOG_UNAVAILABLE,RC-01B_VERIFIER_IDENTITY_DRIFT,Gatekeeper,29931679416,36,1,push,2026-07-22T15:05:03Z,2026-07-22T15:05:07Z,automation/portal-integrity-20260722,0dd0c8c420f7ee279e43ff673b10c1cc656057df,ky46738-ops,88962731794,verify,VERIFIED_FALSE,VERIFIED_FALSE,2026-07-22T15:05:03Z,SHA256_MISMATCH:tools/verify_lkmini.py:expected=2e417e95e1b85d290cd432f054bdf9e25c30f4267d5e20bbb131900684dbc2a7:actual=01fd76f96cc99c2bed586512efbf151ffa5be7668da6ac2b2c59670ca28ee13a,https://github.com/lkminiPhantomWorld/welcome/actions/runs/29931679416,https://github.com/lkminiPhantomWorld/welcome/actions/runs/29931679416/job/88962731794,VERIFIED_FALSE_API_ERROR|LOCAL_GIT_TREE_REPLAY
64,VERIFIED_PARTIAL_LOG_UNAVAILABLE,RC-01B_VERIFIER_IDENTITY_DRIFT,Gatekeeper,29931718048,37,1,push,2026-07-22T15:05:31Z,2026-07-22T15:05:36Z,automation/portal-integrity-20260722,aeddae598fc7430d30070f23349c74e4e42bc783,ky46738-ops,88962861971,verify,VERIFIED_FALSE,VERIFIED_FALSE,2026-07-22T15:05:31Z,SHA256_MISMATCH:tools/verify_lkmini.py:expected=2e417e95e1b85d290cd432f054bdf9e25c30f4267d5e20bbb131900684dbc2a7:actual=01fd76f96cc99c2bed586512efbf151ffa5be7668da6ac2b2c59670ca28ee13a,https://github.com/lkminiPhantomWorld/welcome/actions/runs/29931718048,https://github.com/lkminiPhantomWorld/welcome/actions/runs/29931718048/job/88962861971,VERIFIED_FALSE_API_ERROR|LOCAL_GIT_TREE_REPLAY
65,VERIFIED_PARTIAL_LOG_UNAVAILABLE,RC-02_MISSING_ENVIRONMENT_YML,Python Package using Conda,29931718001,28,1,push,2026-07-22T15:05:31Z,2026-07-22T15:05:36Z,automation/portal-integrity-20260722,aeddae598fc7430d30070f23349c74e4e42bc783,ky46738-ops,88962861969,build-linux,VERIFIED_FALSE,VERIFIED_FALSE,,VERIFIED_FALSE_LOG_UNAVAILABLE,https://github.com/lkminiPhantomWorld/welcome/actions/runs/29931718001,https://github.com/lkminiPhantomWorld/welcome/actions/runs/29931718001/job/88962861969,VERIFIED_FALSE_API_ERROR
66,VERIFIED_PARTIAL_LOG_UNAVAILABLE,RC-02_MISSING_ENVIRONMENT_YML,Python Package using Conda,29931740606,29,1,push,2026-07-22T15:05:47Z,2026-07-22T15:05:52Z,automation/portal-integrity-20260722,28ae65f2972debbf5e05bad5f0c1319f3280693b,ky46738-ops,88962938077,build-linux,VERIFIED_FALSE,VERIFIED_FALSE,,VERIFIED_FALSE_LOG_UNAVAILABLE,https://github.com/lkminiPhantomWorld/welcome/actions/runs/29931740606,https://github.com/lkminiPhantomWorld/welcome/actions/runs/29931740606/job/88962938077,VERIFIED_FALSE_API_ERROR
67,VERIFIED_PARTIAL_LOG_UNAVAILABLE,RC-01B_VERIFIER_IDENTITY_DRIFT,Gatekeeper,29931740455,38,1,push,2026-07-22T15:05:47Z,2026-07-22T15:05:51Z,automation/portal-integrity-20260722,28ae65f2972debbf5e05bad5f0c1319f3280693b,ky46738-ops,88962937749,verify,VERIFIED_FALSE,VERIFIED_FALSE,2026-07-22T15:05:47Z,SHA256_MISMATCH:tools/verify_lkmini.py:expected=2e417e95e1b85d290cd432f054bdf9e25c30f4267d5e20bbb131900684dbc2a7:actual=01fd76f96cc99c2bed586512efbf151ffa5be7668da6ac2b2c59670ca28ee13a,https://github.com/lkminiPhantomWorld/welcome/actions/runs/29931740455,https://github.com/lkminiPhantomWorld/welcome/actions/runs/29931740455/job/88962937749,VERIFIED_FALSE_API_ERROR|LOCAL_GIT_TREE_REPLAY
68,VERIFIED_PARTIAL_LOG_UNAVAILABLE,RC-02_MISSING_ENVIRONMENT_YML,Python Package using Conda,29931762627,30,1,push,2026-07-22T15:06:04Z,2026-07-22T15:06:08Z,automation/portal-integrity-20260722,4204ba657eabbfbc4196d8d0a692b0c19afdbacb,ky46738-ops,88963013978,build-linux,VERIFIED_FALSE,VERIFIED_FALSE,,VERIFIED_FALSE_LOG_UNAVAILABLE,https://github.com/lkminiPhantomWorld/welcome/actions/runs/29931762627,https://github.com/lkminiPhantomWorld/welcome/actions/runs/29931762627/job/88963013978,VERIFIED_FALSE_API_ERROR
69,VERIFIED_PARTIAL_LOG_UNAVAILABLE,RC-01B_VERIFIER_IDENTITY_DRIFT,Gatekeeper,29931764546,39,1,push,2026-07-22T15:06:05Z,2026-07-22T15:06:09Z,automation/portal-integrity-20260722,4204ba657eabbfbc4196d8d0a692b0c19afdbacb,ky46738-ops,88963020245,verify,VERIFIED_FALSE,VERIFIED_FALSE,2026-07-22T15:06:05Z,SHA256_MISMATCH:tools/verify_lkmini.py:expected=2e417e95e1b85d290cd432f054bdf9e25c30f4267d5e20bbb131900684dbc2a7:actual=01fd76f96cc99c2bed586512efbf151ffa5be7668da6ac2b2c59670ca28ee13a,https://github.com/lkminiPhantomWorld/welcome/actions/runs/29931764546,https://github.com/lkminiPhantomWorld/welcome/actions/runs/29931764546/job/88963020245,VERIFIED_FALSE_API_ERROR|LOCAL_GIT_TREE_REPLAY
70,VERIFIED_PARTIAL_LOG_UNAVAILABLE,RC-02_MISSING_ENVIRONMENT_YML,Python Package using Conda,29931777231,31,1,push,2026-07-22T15:06:15Z,2026-07-22T15:06:20Z,automation/portal-integrity-20260722,fc9e95faa5c9d1d7a6f74d288dd736ddf206543e,ky46738-ops,88963065397,build-linux,VERIFIED_FALSE,VERIFIED_FALSE,,VERIFIED_FALSE_LOG_UNAVAILABLE,https://github.com/lkminiPhantomWorld/welcome/actions/runs/29931777231,https://github.com/lkminiPhantomWorld/welcome/actions/runs/29931777231/job/88963065397,VERIFIED_FALSE_API_ERROR
71,VERIFIED_PARTIAL_LOG_UNAVAILABLE,RC-01B_VERIFIER_IDENTITY_DRIFT,Gatekeeper,29931776717,40,1,push,2026-07-22T15:06:15Z,2026-07-22T15:06:19Z,automation/portal-integrity-20260722,fc9e95faa5c9d1d7a6f74d288dd736ddf206543e,ky46738-ops,88963063812,verify,VERIFIED_FALSE,VERIFIED_FALSE,2026-07-22T15:06:15Z,SHA256_MISMATCH:tools/verify_lkmini.py:expected=2e417e95e1b85d290cd432f054bdf9e25c30f4267d5e20bbb131900684dbc2a7:actual=01fd76f96cc99c2bed586512efbf151ffa5be7668da6ac2b2c59670ca28ee13a,https://github.com/lkminiPhantomWorld/welcome/actions/runs/29931776717,https://github.com/lkminiPhantomWorld/welcome/actions/runs/29931776717/job/88963063812,VERIFIED_FALSE_API_ERROR|LOCAL_GIT_TREE_REPLAY
72,VERIFIED_PARTIAL_LOG_UNAVAILABLE,RC-02_MISSING_ENVIRONMENT_YML,Python Package using Conda,29931800449,32,1,push,2026-07-22T15:06:33Z,2026-07-22T15:06:39Z,automation/portal-integrity-20260722,5515a39402422a2da92d60eb0316894aa728a0db,ky46738-ops,88963147110,build-linux,VERIFIED_FALSE,VERIFIED_FALSE,,VERIFIED_FALSE_LOG_UNAVAILABLE,https://github.com/lkminiPhantomWorld/welcome/actions/runs/29931800449,https://github.com/lkminiPhantomWorld/welcome/actions/runs/29931800449/job/88963147110,VERIFIED_FALSE_API_ERROR
73,VERIFIED_PARTIAL_LOG_UNAVAILABLE,RC-01B_VERIFIER_IDENTITY_DRIFT,Gatekeeper,29931800632,41,1,push,2026-07-22T15:06:34Z,2026-07-22T15:06:38Z,automation/portal-integrity-20260722,5515a39402422a2da92d60eb0316894aa728a0db,ky46738-ops,88963147995,verify,VERIFIED_FALSE,VERIFIED_FALSE,2026-07-22T15:06:34Z,SHA256_MISMATCH:tools/verify_lkmini.py:expected=2e417e95e1b85d290cd432f054bdf9e25c30f4267d5e20bbb131900684dbc2a7:actual=01fd76f96cc99c2bed586512efbf151ffa5be7668da6ac2b2c59670ca28ee13a,https://github.com/lkminiPhantomWorld/welcome/actions/runs/29931800632,https://github.com/lkminiPhantomWorld/welcome/actions/runs/29931800632/job/88963147995,VERIFIED_FALSE_API_ERROR|LOCAL_GIT_TREE_REPLAY
74,VERIFIED_PARTIAL_LOG_UNAVAILABLE,RC-01B_VERIFIER_IDENTITY_DRIFT,Gatekeeper,29931818155,42,1,push,2026-07-22T15:06:47Z,2026-07-22T15:06:52Z,automation/portal-integrity-20260722,e700cdb5aed65a4bc94f1ddacde5496f36699e1d,ky46738-ops,88963210963,verify,VERIFIED_FALSE,VERIFIED_FALSE,2026-07-22T15:06:47Z,SHA256_MISMATCH:tools/verify_lkmini.py:expected=2e417e95e1b85d290cd432f054bdf9e25c30f4267d5e20bbb131900684dbc2a7:actual=01fd76f96cc99c2bed586512efbf151ffa5be7668da6ac2b2c59670ca28ee13a,https://github.com/lkminiPhantomWorld/welcome/actions/runs/29931818155,https://github.com/lkminiPhantomWorld/welcome/actions/runs/29931818155/job/88963210963,VERIFIED_FALSE_API_ERROR|LOCAL_GIT_TREE_REPLAY
75,VERIFIED_PARTIAL_LOG_UNAVAILABLE,RC-02_MISSING_ENVIRONMENT_YML,Python Package using Conda,29931818308,33,1,push,2026-07-22T15:06:48Z,2026-07-22T15:06:52Z,automation/portal-integrity-20260722,e700cdb5aed65a4bc94f1ddacde5496f36699e1d,ky46738-ops,88963210826,build-linux,VERIFIED_FALSE,VERIFIED_FALSE,,VERIFIED_FALSE_LOG_UNAVAILABLE,https://github.com/lkminiPhantomWorld/welcome/actions/runs/29931818308,https://github.com/lkminiPhantomWorld/welcome/actions/runs/29931818308/job/88963210826,VERIFIED_FALSE_API_ERROR
76,VERIFIED_PARTIAL_LOG_UNAVAILABLE,RC-02_MISSING_ENVIRONMENT_YML,Python Package using Conda,29931847623,34,1,push,2026-07-22T15:07:11Z,2026-07-22T15:07:17Z,automation/portal-integrity-20260722,2352d73344618e736652d462fb469ce1f496419c,ky46738-ops,88963317771,build-linux,VERIFIED_FALSE,VERIFIED_FALSE,,VERIFIED_FALSE_LOG_UNAVAILABLE,https://github.com/lkminiPhantomWorld/welcome/actions/runs/29931847623,https://github.com/lkminiPhantomWorld/welcome/actions/runs/29931847623/job/88963317771,VERIFIED_FALSE_API_ERROR
77,VERIFIED_PARTIAL_LOG_UNAVAILABLE,RC-01B_VERIFIER_IDENTITY_DRIFT,Gatekeeper,29931847252,43,1,push,2026-07-22T15:07:11Z,2026-07-22T15:07:15Z,automation/portal-integrity-20260722,2352d73344618e736652d462fb469ce1f496419c,ky46738-ops,88963311995,verify,VERIFIED_FALSE,VERIFIED_FALSE,2026-07-22T15:07:11Z,SHA256_MISMATCH:tools/verify_lkmini.py:expected=2e417e95e1b85d290cd432f054bdf9e25c30f4267d5e20bbb131900684dbc2a7:actual=01fd76f96cc99c2bed586512efbf151ffa5be7668da6ac2b2c59670ca28ee13a,https://github.com/lkminiPhantomWorld/welcome/actions/runs/29931847252,https://github.com/lkminiPhantomWorld/welcome/actions/runs/29931847252/job/88963311995,VERIFIED_FALSE_API_ERROR|LOCAL_GIT_TREE_REPLAY
78,VERIFIED_PARTIAL_LOG_UNAVAILABLE,RC-02_MISSING_ENVIRONMENT_YML,Python Package using Conda,29931875272,35,1,push,2026-07-22T15:07:32Z,2026-07-22T15:07:38Z,automation/portal-integrity-20260722,b5b7f7d4eaceb7a4c7e43bc487a1d81ed1fd4b4c,ky46738-ops,88963409943,build-linux,VERIFIED_FALSE,VERIFIED_FALSE,,VERIFIED_FALSE_LOG_UNAVAILABLE,https://github.com/lkminiPhantomWorld/welcome/actions/runs/29931875272,https://github.com/lkminiPhantomWorld/welcome/actions/runs/29931875272/job/88963409943,VERIFIED_FALSE_API_ERROR
79,VERIFIED_PARTIAL_LOG_UNAVAILABLE,RC-01B_VERIFIER_IDENTITY_DRIFT,Gatekeeper,29931875853,44,1,push,2026-07-22T15:07:33Z,2026-07-22T15:07:54Z,automation/portal-integrity-20260722,b5b7f7d4eaceb7a4c7e43bc487a1d81ed1fd4b4c,ky46738-ops,88963412003,verify,VERIFIED_FALSE,VERIFIED_FALSE,2026-07-22T15:07:33Z,SHA256_MISMATCH:tools/verify_lkmini.py:expected=2e417e95e1b85d290cd432f054bdf9e25c30f4267d5e20bbb131900684dbc2a7:actual=01fd76f96cc99c2bed586512efbf151ffa5be7668da6ac2b2c59670ca28ee13a,https://github.com/lkminiPhantomWorld/welcome/actions/runs/29931875853,https://github.com/lkminiPhantomWorld/welcome/actions/runs/29931875853/job/88963412003,VERIFIED_FALSE_API_ERROR|LOCAL_GIT_TREE_REPLAY
80,VERIFIED_PARTIAL_LOG_UNAVAILABLE,RC-01B_VERIFIER_IDENTITY_DRIFT,Gatekeeper,29931898320,45,1,pull_request,2026-07-22T15:07:50Z,2026-07-22T15:07:55Z,automation/portal-integrity-20260722,b5b7f7d4eaceb7a4c7e43bc487a1d81ed1fd4b4c,ky46738-ops,88963491390,verify,VERIFIED_FALSE,VERIFIED_FALSE,2026-07-22T15:07:50Z,SHA256_MISMATCH:tools/verify_lkmini.py:expected=2e417e95e1b85d290cd432f054bdf9e25c30f4267d5e20bbb131900684dbc2a7:actual=01fd76f96cc99c2bed586512efbf151ffa5be7668da6ac2b2c59670ca28ee13a,https://github.com/lkminiPhantomWorld/welcome/actions/runs/29931898320,https://github.com/lkminiPhantomWorld/welcome/actions/runs/29931898320/job/88963491390,VERIFIED_FALSE_API_ERROR|LOCAL_GIT_TREE_REPLAY
81,VERIFIED_PARTIAL_LOG_UNAVAILABLE,RC-04_PAGES_WORKFLOW_OR_DEPLOYMENT_FAILURE,Deploy to GitHub Pages,29931937295,15,1,push,2026-07-22T15:08:21Z,2026-07-22T15:08:31Z,main,31b890f7a401c0a7f654358405cf7ed84328e90c,ky46738-ops,88963650280,deploy,VERIFIED_FALSE,VERIFIED_FALSE,,VERIFIED_FALSE_LOG_UNAVAILABLE,https://github.com/lkminiPhantomWorld/welcome/actions/runs/29931937295,https://github.com/lkminiPhantomWorld/welcome/actions/runs/29931937295/job/88963650280,VERIFIED_FALSE_API_ERROR
82,VERIFIED_PARTIAL_LOG_UNAVAILABLE,RC-03_PORTAL_PROJECTION_HASH_DRIFT,Deploy verified welcome site to GitHub Pages,29931936444,2,1,push,2026-07-22T15:08:21Z,2026-07-22T15:08:26Z,main,31b890f7a401c0a7f654358405cf7ed84328e90c,ky46738-ops,88963627155,deploy,VERIFIED_FALSE,VERIFIED_FALSE,,VERIFIED_FALSE_LOG_UNAVAILABLE,https://github.com/lkminiPhantomWorld/welcome/actions/runs/29931936444,https://github.com/lkminiPhantomWorld/welcome/actions/runs/29931936444/job/88963627155,VERIFIED_FALSE_API_ERROR
83,VERIFIED_PARTIAL_LOG_UNAVAILABLE,RC-02_MISSING_ENVIRONMENT_YML,Python Package using Conda,29931938555,36,1,push,2026-07-22T15:08:22Z,2026-07-22T15:08:27Z,main,31b890f7a401c0a7f654358405cf7ed84328e90c,ky46738-ops,88963634912,build-linux,VERIFIED_FALSE,VERIFIED_FALSE,,VERIFIED_FALSE_LOG_UNAVAILABLE,https://github.com/lkminiPhantomWorld/welcome/actions/runs/29931938555,https://github.com/lkminiPhantomWorld/welcome/actions/runs/29931938555/job/88963634912,VERIFIED_FALSE_API_ERROR
84,VERIFIED_PARTIAL_LOG_UNAVAILABLE,RC-01B_VERIFIER_IDENTITY_DRIFT,Gatekeeper,29931938366,46,1,push,2026-07-22T15:08:22Z,2026-07-22T15:08:27Z,main,31b890f7a401c0a7f654358405cf7ed84328e90c,ky46738-ops,88963633842,verify,VERIFIED_FALSE,VERIFIED_FALSE,2026-07-22T15:08:22Z,SHA256_MISMATCH:tools/verify_lkmini.py:expected=2e417e95e1b85d290cd432f054bdf9e25c30f4267d5e20bbb131900684dbc2a7:actual=01fd76f96cc99c2bed586512efbf151ffa5be7668da6ac2b2c59670ca28ee13a,https://github.com/lkminiPhantomWorld/welcome/actions/runs/29931938366,https://github.com/lkminiPhantomWorld/welcome/actions/runs/29931938366/job/88963633842,VERIFIED_FALSE_API_ERROR|LOCAL_GIT_TREE_REPLAY
85,VERIFIED_PARTIAL_LOG_UNAVAILABLE,RC-01_GATEKEEPER_MANIFEST_OR_VERIFIER_DRIFT,Gatekeeper,29932708633,47,1,push,2026-07-22T15:18:08Z,2026-07-22T15:18:13Z,seed_v0,ae8be50b8f1c5330a37fb4d57b8cab13cff33bc4,ky46738-ops,88966288828,verify,VERIFIED_FALSE,VERIFIED_FALSE,,VERIFIED_FALSE_LOG_UNAVAILABLE,https://github.com/lkminiPhantomWorld/welcome/actions/runs/29932708633,https://github.com/lkminiPhantomWorld/welcome/actions/runs/29932708633/job/88966288828,VERIFIED_FALSE_API_ERROR
86,VERIFIED_PARTIAL_LOG_UNAVAILABLE,RC-02_MISSING_ENVIRONMENT_YML,Python Package using Conda,29936294445,37,1,push,2026-07-22T16:03:50Z,2026-07-22T16:03:55Z,main,36d341550fecc6a2859553f3cd8e441f6a0fa5ea,ky46738-ops,88978621445,build-linux,VERIFIED_FALSE,VERIFIED_FALSE,,VERIFIED_FALSE_LOG_UNAVAILABLE,https://github.com/lkminiPhantomWorld/welcome/actions/runs/29936294445,https://github.com/lkminiPhantomWorld/welcome/actions/runs/29936294445/job/88978621445,VERIFIED_FALSE_API_ERROR
87,VERIFIED_PARTIAL_LOG_UNAVAILABLE,RC-01B_VERIFIER_IDENTITY_DRIFT,Gatekeeper,29936294418,49,1,push,2026-07-22T16:03:50Z,2026-07-22T16:03:54Z,main,36d341550fecc6a2859553f3cd8e441f6a0fa5ea,ky46738-ops,88978620995,verify,VERIFIED_FALSE,VERIFIED_FALSE,2026-07-22T16:03:50Z,SHA256_MISMATCH:tools/verify_lkmini.py:expected=2e417e95e1b85d290cd432f054bdf9e25c30f4267d5e20bbb131900684dbc2a7:actual=01fd76f96cc99c2bed586512efbf151ffa5be7668da6ac2b2c59670ca28ee13a,https://github.com/lkminiPhantomWorld/welcome/actions/runs/29936294418,https://github.com/lkminiPhantomWorld/welcome/actions/runs/29936294418/job/88978620995,VERIFIED_FALSE_API_ERROR|LOCAL_GIT_TREE_REPLAY
88,VERIFIED_PARTIAL_LOG_UNAVAILABLE,RC-03_PORTAL_PROJECTION_HASH_DRIFT,Deploy verified welcome site to GitHub Pages,29936294829,3,1,push,2026-07-22T16:03:51Z,2026-07-22T16:03:58Z,main,36d341550fecc6a2859553f3cd8e441f6a0fa5ea,ky46738-ops,88978630363,deploy,VERIFIED_FALSE,VERIFIED_FALSE,,VERIFIED_FALSE_LOG_UNAVAILABLE,https://github.com/lkminiPhantomWorld/welcome/actions/runs/29936294829,https://github.com/lkminiPhantomWorld/welcome/actions/runs/29936294829/job/88978630363,VERIFIED_FALSE_API_ERROR
89,VERIFIED_PARTIAL_LOG_UNAVAILABLE,RC-02_MISSING_ENVIRONMENT_YML,Python Package using Conda,29936316660,38,1,push,2026-07-22T16:04:07Z,2026-07-22T16:04:13Z,main,1bb759cdba9866a7bc3de2d507a851d6d4fdc5a4,ky46738-ops,88978698299,build-linux,VERIFIED_FALSE,VERIFIED_FALSE,,VERIFIED_FALSE_LOG_UNAVAILABLE,https://github.com/lkminiPhantomWorld/welcome/actions/runs/29936316660,https://github.com/lkminiPhantomWorld/welcome/actions/runs/29936316660/job/88978698299,VERIFIED_FALSE_API_ERROR
90,VERIFIED_PARTIAL_LOG_UNAVAILABLE,RC-01B_VERIFIER_IDENTITY_DRIFT,Gatekeeper,29936316024,50,1,push,2026-07-22T16:04:07Z,2026-07-22T16:04:11Z,main,1bb759cdba9866a7bc3de2d507a851d6d4fdc5a4,ky46738-ops,88978695228,verify,VERIFIED_FALSE,VERIFIED_FALSE,2026-07-22T16:04:07Z,SHA256_MISMATCH:tools/verify_lkmini.py:expected=2e417e95e1b85d290cd432f054bdf9e25c30f4267d5e20bbb131900684dbc2a7:actual=01fd76f96cc99c2bed586512efbf151ffa5be7668da6ac2b2c59670ca28ee13a,https://github.com/lkminiPhantomWorld/welcome/actions/runs/29936316024,https://github.com/lkminiPhantomWorld/welcome/actions/runs/29936316024/job/88978695228,VERIFIED_FALSE_API_ERROR|LOCAL_GIT_TREE_REPLAY
91,VERIFIED_PARTIAL_LOG_UNAVAILABLE,RC-04_PAGES_WORKFLOW_OR_DEPLOYMENT_FAILURE,Deploy to GitHub Pages,29936315848,17,1,push,2026-07-22T16:04:07Z,2026-07-22T16:04:18Z,main,1bb759cdba9866a7bc3de2d507a851d6d4fdc5a4,ky46738-ops,88978719741,deploy,VERIFIED_FALSE,VERIFIED_FALSE,,VERIFIED_FALSE_LOG_UNAVAILABLE,https://github.com/lkminiPhantomWorld/welcome/actions/runs/29936315848,https://github.com/lkminiPhantomWorld/welcome/actions/runs/29936315848/job/88978719741,VERIFIED_FALSE_API_ERROR
92,VERIFIED_PARTIAL_LOG_UNAVAILABLE,RC-03_PORTAL_PROJECTION_HASH_DRIFT,Deploy verified welcome site to GitHub Pages,29936315709,4,1,push,2026-07-22T16:04:07Z,2026-07-22T16:04:13Z,main,1bb759cdba9866a7bc3de2d507a851d6d4fdc5a4,ky46738-ops,88978694526,deploy,VERIFIED_FALSE,VERIFIED_FALSE,,VERIFIED_FALSE_LOG_UNAVAILABLE,https://github.com/lkminiPhantomWorld/welcome/actions/runs/29936315709,https://github.com/lkminiPhantomWorld/welcome/actions/runs/29936315709/job/88978694526,VERIFIED_FALSE_API_ERROR
93,VERIFIED_PARTIAL_LOG_UNAVAILABLE,RC-01B_VERIFIER_IDENTITY_DRIFT,Gatekeeper,29936340020,51,1,push,2026-07-22T16:04:25Z,2026-07-22T16:04:30Z,main,3bcbe8315d988d1f4daaa4d23151bf9d6a129e29,ky46738-ops,88978776736,verify,VERIFIED_FALSE,VERIFIED_FALSE,2026-07-22T16:04:25Z,SHA256_MISMATCH:tools/verify_lkmini.py:expected=2e417e95e1b85d290cd432f054bdf9e25c30f4267d5e20bbb131900684dbc2a7:actual=01fd76f96cc99c2bed586512efbf151ffa5be7668da6ac2b2c59670ca28ee13a,https://github.com/lkminiPhantomWorld/welcome/actions/runs/29936340020,https://github.com/lkminiPhantomWorld/welcome/actions/runs/29936340020/job/88978776736,VERIFIED_FALSE_API_ERROR|LOCAL_GIT_TREE_REPLAY
94,VERIFIED_PARTIAL_LOG_UNAVAILABLE,RC-02_MISSING_ENVIRONMENT_YML,Python Package using Conda,29936339985,39,1,push,2026-07-22T16:04:25Z,2026-07-22T16:04:29Z,main,3bcbe8315d988d1f4daaa4d23151bf9d6a129e29,ky46738-ops,88978776190,build-linux,VERIFIED_FALSE,VERIFIED_FALSE,,VERIFIED_FALSE_LOG_UNAVAILABLE,https://github.com/lkminiPhantomWorld/welcome/actions/runs/29936339985,https://github.com/lkminiPhantomWorld/welcome/actions/runs/29936339985/job/88978776190,VERIFIED_FALSE_API_ERROR
95,VERIFIED_PARTIAL_LOG_UNAVAILABLE,RC-03_PORTAL_PROJECTION_HASH_DRIFT,Deploy verified welcome site to GitHub Pages,29936339890,5,1,push,2026-07-22T16:04:25Z,2026-07-22T16:04:30Z,main,3bcbe8315d988d1f4daaa4d23151bf9d6a129e29,ky46738-ops,88978776767,deploy,VERIFIED_FALSE,VERIFIED_FALSE,,VERIFIED_FALSE_LOG_UNAVAILABLE,https://github.com/lkminiPhantomWorld/welcome/actions/runs/29936339890,https://github.com/lkminiPhantomWorld/welcome/actions/runs/29936339890/job/88978776767,VERIFIED_FALSE_API_ERROR
96,VERIFIED_TRUE,RC-02_MISSING_ENVIRONMENT_YML,Python Package using Conda,29993209214,41,1,push,2026-07-23T08:56:59Z,2026-07-23T08:57:25Z,alert-autofix-2,bff9fe5b4151d78e7336c7b5e7d1f9f61f81a846,ky46738-ops,89160589604,build-linux,5,Install dependencies,2026-07-23T08:57:22.1942471Z,EnvironmentFileNotFound: '/home/runner/work/welcome/welcome/environment.yml' file not found,https://github.com/lkminiPhantomWorld/welcome/actions/runs/29993209214,https://github.com/lkminiPhantomWorld/welcome/actions/runs/29993209214/job/89160589604,AVAILABLE
97,VERIFIED_TRUE,RC-01B_VERIFIER_IDENTITY_DRIFT,Gatekeeper,29993208532,52,1,push,2026-07-23T08:56:59Z,2026-07-23T08:57:24Z,alert-autofix-2,3bcbe8315d988d1f4daaa4d23151bf9d6a129e29,ky46738-ops,89160587580,verify,3,驗證 LKMini 公開種子,2026-07-23T08:56:59Z,SHA256_MISMATCH:tools/verify_lkmini.py:expected=2e417e95e1b85d290cd432f054bdf9e25c30f4267d5e20bbb131900684dbc2a7:actual=01fd76f96cc99c2bed586512efbf151ffa5be7668da6ac2b2c59670ca28ee13a,https://github.com/lkminiPhantomWorld/welcome/actions/runs/29993208532,https://github.com/lkminiPhantomWorld/welcome/actions/runs/29993208532/job/89160587580,AVAILABLE|LOCAL_GIT_TREE_REPLAY
98,VERIFIED_TRUE,RC-02_MISSING_ENVIRONMENT_YML,Python Package using Conda,29993208460,40,1,push,2026-07-23T08:56:59Z,2026-07-23T08:57:27Z,alert-autofix-2,3bcbe8315d988d1f4daaa4d23151bf9d6a129e29,ky46738-ops,89160586976,build-linux,5,Install dependencies,2026-07-23T08:57:23.6471289Z,EnvironmentFileNotFound: '/home/runner/work/welcome/welcome/environment.yml' file not found,https://github.com/lkminiPhantomWorld/welcome/actions/runs/29993208460,https://github.com/lkminiPhantomWorld/welcome/actions/runs/29993208460/job/89160586976,AVAILABLE
99,VERIFIED_TRUE,RC-01B_VERIFIER_IDENTITY_DRIFT,Gatekeeper,29993209694,53,1,push,2026-07-23T08:57:00Z,2026-07-23T08:57:10Z,alert-autofix-2,bff9fe5b4151d78e7336c7b5e7d1f9f61f81a846,ky46738-ops,89160592403,verify,3,驗證 LKMini 公開種子,2026-07-23T08:57:00Z,SHA256_MISMATCH:tools/verify_lkmini.py:expected=2e417e95e1b85d290cd432f054bdf9e25c30f4267d5e20bbb131900684dbc2a7:actual=01fd76f96cc99c2bed586512efbf151ffa5be7668da6ac2b2c59670ca28ee13a,https://github.com/lkminiPhantomWorld/welcome/actions/runs/29993209694,https://github.com/lkminiPhantomWorld/welcome/actions/runs/29993209694/job/89160592403,AVAILABLE|LOCAL_GIT_TREE_REPLAY
100,VERIFIED_TRUE,RC-01B_VERIFIER_IDENTITY_DRIFT,Gatekeeper,29993213578,54,1,pull_request,2026-07-23T08:57:03Z,2026-07-23T08:59:18Z,alert-autofix-2,bff9fe5b4151d78e7336c7b5e7d1f9f61f81a846,ky46738-ops,89160604234,verify,3,驗證 LKMini 公開種子,2026-07-23T08:57:03Z,SHA256_MISMATCH:tools/verify_lkmini.py:expected=2e417e95e1b85d290cd432f054bdf9e25c30f4267d5e20bbb131900684dbc2a7:actual=01fd76f96cc99c2bed586512efbf151ffa5be7668da6ac2b2c59670ca28ee13a,https://github.com/lkminiPhantomWorld/welcome/actions/runs/29993213578,https://github.com/lkminiPhantomWorld/welcome/actions/runs/29993213578/job/89160604234,AVAILABLE|LOCAL_GIT_TREE_REPLAY
101,VERIFIED_TRUE,RC-02_MISSING_ENVIRONMENT_YML,Python Package using Conda,29997230268,42,1,push,2026-07-23T09:54:41Z,2026-07-23T09:55:05Z,main,33476ad15ba0aac9caa055de09ad975e7176af68,ky46738-ops,89173690285,build-linux,5,Install dependencies,2026-07-23T09:55:01.3572829Z,EnvironmentFileNotFound: '/home/runner/work/welcome/welcome/environment.yml' file not found,https://github.com/lkminiPhantomWorld/welcome/actions/runs/29997230268,https://github.com/lkminiPhantomWorld/welcome/actions/runs/29997230268/job/89173690285,AVAILABLE
102,VERIFIED_TRUE,RC-01B_VERIFIER_IDENTITY_DRIFT,Gatekeeper,29997230216,55,1,push,2026-07-23T09:54:41Z,2026-07-23T09:54:50Z,main,33476ad15ba0aac9caa055de09ad975e7176af68,ky46738-ops,89173690296,verify,3,驗證 LKMini 公開種子,2026-07-23T09:54:41Z,SHA256_MISMATCH:tools/verify_lkmini.py:expected=2e417e95e1b85d290cd432f054bdf9e25c30f4267d5e20bbb131900684dbc2a7:actual=01fd76f96cc99c2bed586512efbf151ffa5be7668da6ac2b2c59670ca28ee13a,https://github.com/lkminiPhantomWorld/welcome/actions/runs/29997230216,https://github.com/lkminiPhantomWorld/welcome/actions/runs/29997230216/job/89173690296,AVAILABLE|LOCAL_GIT_TREE_REPLAY
103,VERIFIED_TRUE,RC-02_MISSING_ENVIRONMENT_YML,Python Package using Conda,30041813072,43,1,push,2026-07-23T20:22:28Z,2026-07-23T20:22:50Z,main,fa0de945adfb1b51cd6f266a79ae66c5d41065e6,ky46738-ops,89323289965,build-linux,5,Install dependencies,2026-07-23T20:22:47.5872023Z,EnvironmentFileNotFound: '/home/runner/work/welcome/welcome/environment.yml' file not found,https://github.com/lkminiPhantomWorld/welcome/actions/runs/30041813072,https://github.com/lkminiPhantomWorld/welcome/actions/runs/30041813072/job/89323289965,AVAILABLE
104,VERIFIED_TRUE,RC-01B_VERIFIER_IDENTITY_DRIFT,Gatekeeper,30041813384,59,1,push,2026-07-23T20:22:29Z,2026-07-23T20:22:36Z,main,fa0de945adfb1b51cd6f266a79ae66c5d41065e6,ky46738-ops,89323291034,verify,3,驗證 LKMini 公開種子,2026-07-23T20:22:29Z,SHA256_MISMATCH:tools/verify_lkmini.py:expected=2e417e95e1b85d290cd432f054bdf9e25c30f4267d5e20bbb131900684dbc2a7:actual=01fd76f96cc99c2bed586512efbf151ffa5be7668da6ac2b2c59670ca28ee13a,https://github.com/lkminiPhantomWorld/welcome/actions/runs/30041813384,https://github.com/lkminiPhantomWorld/welcome/actions/runs/30041813384/job/89323291034,AVAILABLE|LOCAL_GIT_TREE_REPLAY
105,VERIFIED_TRUE,RC-03_PORTAL_PROJECTION_HASH_DRIFT,Deploy verified welcome site to GitHub Pages,30041813324,7,1,push,2026-07-23T20:22:29Z,2026-07-23T20:22:42Z,main,fa0de945adfb1b51cd6f266a79ae66c5d41065e6,ky46738-ops,89323294888,deploy,3,暴力驗證正式投影,2026-07-23T20:22:38.3380352Z,PUBLIC_PORTAL_PROJECTION_COMPLETION=ERROR: 雜湊不一致：index.html,https://github.com/lkminiPhantomWorld/welcome/actions/runs/30041813324,https://github.com/lkminiPhantomWorld/welcome/actions/runs/30041813324/job/89323294888,AVAILABLE
106,VERIFIED_TRUE,RC-01B_VERIFIER_IDENTITY_DRIFT,Gatekeeper,30041831928,60,1,push,2026-07-23T20:22:44Z,2026-07-23T20:22:56Z,main,f59b43f266a195e38513afcaf48b21948bd48200,ky46738-ops,89323352108,verify,3,驗證 LKMini 公開種子,2026-07-23T20:22:44Z,SHA256_MISMATCH:tools/verify_lkmini.py:expected=2e417e95e1b85d290cd432f054bdf9e25c30f4267d5e20bbb131900684dbc2a7:actual=01fd76f96cc99c2bed586512efbf151ffa5be7668da6ac2b2c59670ca28ee13a,https://github.com/lkminiPhantomWorld/welcome/actions/runs/30041831928,https://github.com/lkminiPhantomWorld/welcome/actions/runs/30041831928/job/89323352108,AVAILABLE|LOCAL_GIT_TREE_REPLAY
107,VERIFIED_TRUE,RC-02_MISSING_ENVIRONMENT_YML,Python Package using Conda,30041831201,44,1,push,2026-07-23T20:22:44Z,2026-07-23T20:23:10Z,main,f59b43f266a195e38513afcaf48b21948bd48200,ky46738-ops,89323350426,build-linux,5,Install dependencies,2026-07-23T20:23:07.3326375Z,EnvironmentFileNotFound: '/home/runner/work/welcome/welcome/environment.yml' file not found,https://github.com/lkminiPhantomWorld/welcome/actions/runs/30041831201,https://github.com/lkminiPhantomWorld/welcome/actions/runs/30041831201/job/89323350426,AVAILABLE
108,VERIFIED_TRUE,RC-03_PORTAL_PROJECTION_HASH_DRIFT,Deploy verified welcome site to GitHub Pages,30041831989,8,1,push,2026-07-23T20:22:45Z,2026-07-23T20:22:57Z,main,f59b43f266a195e38513afcaf48b21948bd48200,ky46738-ops,89323355807,deploy,3,暴力驗證正式投影,2026-07-23T20:22:54.4726292Z,PUBLIC_PORTAL_PROJECTION_COMPLETION=ERROR: 雜湊不一致：index.html,https://github.com/lkminiPhantomWorld/welcome/actions/runs/30041831989,https://github.com/lkminiPhantomWorld/welcome/actions/runs/30041831989/job/89323355807,AVAILABLE
109,VERIFIED_TRUE,RC-03_PORTAL_PROJECTION_HASH_DRIFT,Deploy verified welcome site to GitHub Pages,30042079107,9,1,push,2026-07-23T20:26:16Z,2026-07-23T20:26:26Z,main,da3f6c2cfcf2cbef36b1bb2125df13c746ebc244,ky46738-ops,89324177543,deploy,3,暴力驗證正式投影,2026-07-23T20:26:24.0472962Z,PUBLIC_PORTAL_PROJECTION_COMPLETION=ERROR: 雜湊不一致：index.html,https://github.com/lkminiPhantomWorld/welcome/actions/runs/30042079107,https://github.com/lkminiPhantomWorld/welcome/actions/runs/30042079107/job/89324177543,AVAILABLE
110,VERIFIED_TRUE,RC-02_MISSING_ENVIRONMENT_YML,Python Package using Conda,30042078959,45,1,push,2026-07-23T20:26:16Z,2026-07-23T20:26:42Z,main,da3f6c2cfcf2cbef36b1bb2125df13c746ebc244,ky46738-ops,89324177104,build-linux,5,Install dependencies,2026-07-23T20:26:38.8415640Z,EnvironmentFileNotFound: '/home/runner/work/welcome/welcome/environment.yml' file not found,https://github.com/lkminiPhantomWorld/welcome/actions/runs/30042078959,https://github.com/lkminiPhantomWorld/welcome/actions/runs/30042078959/job/89324177104,AVAILABLE
111,VERIFIED_TRUE,RC-01B_VERIFIER_IDENTITY_DRIFT,Gatekeeper,30042080941,61,1,push,2026-07-23T20:26:18Z,2026-07-23T20:26:27Z,main,da3f6c2cfcf2cbef36b1bb2125df13c746ebc244,ky46738-ops,89324182785,verify,3,驗證 LKMini 公開種子,2026-07-23T20:26:18Z,SHA256_MISMATCH:tools/verify_lkmini.py:expected=2e417e95e1b85d290cd432f054bdf9e25c30f4267d5e20bbb131900684dbc2a7:actual=01fd76f96cc99c2bed586512efbf151ffa5be7668da6ac2b2c59670ca28ee13a,https://github.com/lkminiPhantomWorld/welcome/actions/runs/30042080941,https://github.com/lkminiPhantomWorld/welcome/actions/runs/30042080941/job/89324182785,AVAILABLE|LOCAL_GIT_TREE_REPLAY
112,VERIFIED_TRUE,RC-03_PORTAL_PROJECTION_HASH_DRIFT,Deploy verified welcome site to GitHub Pages,30043166871,10,1,push,2026-07-23T20:41:45Z,2026-07-23T20:41:59Z,main,70f3b700adf0fc4a7eb7706cad199b2f984a00e8,ky46738-ops,89327797047,deploy,3,暴力驗證正式投影,2026-07-23T20:41:56.0427597Z,PUBLIC_PORTAL_PROJECTION_COMPLETION=ERROR: 雜湊不一致：index.html,https://github.com/lkminiPhantomWorld/welcome/actions/runs/30043166871,https://github.com/lkminiPhantomWorld/welcome/actions/runs/30043166871/job/89327797047,AVAILABLE
113,VERIFIED_TRUE,RC-01B_VERIFIER_IDENTITY_DRIFT,Gatekeeper,30043166827,62,1,push,2026-07-23T20:41:45Z,2026-07-23T20:41:52Z,main,70f3b700adf0fc4a7eb7706cad199b2f984a00e8,ky46738-ops,89327792481,verify,3,驗證 LKMini 公開種子,2026-07-23T20:41:45Z,SHA256_MISMATCH:tools/verify_lkmini.py:expected=2e417e95e1b85d290cd432f054bdf9e25c30f4267d5e20bbb131900684dbc2a7:actual=01fd76f96cc99c2bed586512efbf151ffa5be7668da6ac2b2c59670ca28ee13a,https://github.com/lkminiPhantomWorld/welcome/actions/runs/30043166827,https://github.com/lkminiPhantomWorld/welcome/actions/runs/30043166827/job/89327792481,AVAILABLE|LOCAL_GIT_TREE_REPLAY
114,VERIFIED_TRUE,RC-02_MISSING_ENVIRONMENT_YML,Python Package using Conda,30043166801,46,1,push,2026-07-23T20:41:45Z,2026-07-23T20:42:12Z,main,70f3b700adf0fc4a7eb7706cad199b2f984a00e8,ky46738-ops,89327792618,build-linux,5,Install dependencies,2026-07-23T20:42:09.6648064Z,EnvironmentFileNotFound: '/home/runner/work/welcome/welcome/environment.yml' file not found,https://github.com/lkminiPhantomWorld/welcome/actions/runs/30043166801,https://github.com/lkminiPhantomWorld/welcome/actions/runs/30043166801/job/89327792618,AVAILABLE
115,VERIFIED_TRUE,RC-03_PORTAL_PROJECTION_HASH_DRIFT,Deploy verified welcome site to GitHub Pages,30044867900,11,1,push,2026-07-23T21:06:36Z,2026-07-23T21:06:50Z,main,0b3d5ed5a505b4b6805845702649dddff107f8bc,ky46738-ops,89333470184,deploy,3,暴力驗證正式投影,2026-07-23T21:06:47.3201233Z,PUBLIC_PORTAL_PROJECTION_COMPLETION=ERROR: 雜湊不一致：index.html,https://github.com/lkminiPhantomWorld/welcome/actions/runs/30044867900,https://github.com/lkminiPhantomWorld/welcome/actions/runs/30044867900/job/89333470184,AVAILABLE
116,VERIFIED_TRUE,RC-01B_VERIFIER_IDENTITY_DRIFT,Gatekeeper,30044867712,63,1,push,2026-07-23T21:06:36Z,2026-07-23T21:06:46Z,main,0b3d5ed5a505b4b6805845702649dddff107f8bc,ky46738-ops,89333465220,verify,3,驗證 LKMini 公開種子,2026-07-23T21:06:36Z,SHA256_MISMATCH:tools/verify_lkmini.py:expected=2e417e95e1b85d290cd432f054bdf9e25c30f4267d5e20bbb131900684dbc2a7:actual=01fd76f96cc99c2bed586512efbf151ffa5be7668da6ac2b2c59670ca28ee13a,https://github.com/lkminiPhantomWorld/welcome/actions/runs/30044867712,https://github.com/lkminiPhantomWorld/welcome/actions/runs/30044867712/job/89333465220,AVAILABLE|LOCAL_GIT_TREE_REPLAY
117,VERIFIED_TRUE,RC-02_MISSING_ENVIRONMENT_YML,Python Package using Conda,30044867438,47,1,push,2026-07-23T21:06:36Z,2026-07-23T21:07:10Z,main,0b3d5ed5a505b4b6805845702649dddff107f8bc,ky46738-ops,89333465834,build-linux,5,Install dependencies,2026-07-23T21:07:08.5771023Z,EnvironmentFileNotFound: '/home/runner/work/welcome/welcome/environment.yml' file not found,https://github.com/lkminiPhantomWorld/welcome/actions/runs/30044867438,https://github.com/lkminiPhantomWorld/welcome/actions/runs/30044867438/job/89333465834,AVAILABLE
118,VERIFIED_TRUE,RC-01B_VERIFIER_IDENTITY_DRIFT,Gatekeeper,30049101035,64,1,push,2026-07-23T22:13:04Z,2026-07-23T22:13:12Z,main,00698b4c26231d003d8763b1c3137dd8e2adc118,ky46738-ops,89346983906,verify,3,驗證 LKMini 公開種子,2026-07-23T22:13:04Z,SHA256_MISMATCH:tools/verify_lkmini.py:expected=2e417e95e1b85d290cd432f054bdf9e25c30f4267d5e20bbb131900684dbc2a7:actual=01fd76f96cc99c2bed586512efbf151ffa5be7668da6ac2b2c59670ca28ee13a,https://github.com/lkminiPhantomWorld/welcome/actions/runs/30049101035,https://github.com/lkminiPhantomWorld/welcome/actions/runs/30049101035/job/89346983906,AVAILABLE|LOCAL_GIT_TREE_REPLAY
119,VERIFIED_TRUE,RC-03_PORTAL_PROJECTION_HASH_DRIFT,Deploy verified welcome site to GitHub Pages,30049101018,12,1,push,2026-07-23T22:13:04Z,2026-07-23T22:13:15Z,main,00698b4c26231d003d8763b1c3137dd8e2adc118,ky46738-ops,89346984256,deploy,3,暴力驗證正式投影,2026-07-23T22:13:12.2621424Z,PUBLIC_PORTAL_PROJECTION_COMPLETION=ERROR: 雜湊不一致：index.html,https://github.com/lkminiPhantomWorld/welcome/actions/runs/30049101018,https://github.com/lkminiPhantomWorld/welcome/actions/runs/30049101018/job/89346984256,AVAILABLE
120,VERIFIED_TRUE,RC-02_MISSING_ENVIRONMENT_YML,Python Package using Conda,30049100924,48,1,push,2026-07-23T22:13:04Z,2026-07-23T22:13:55Z,main,00698b4c26231d003d8763b1c3137dd8e2adc118,ky46738-ops,89346983483,build-linux,5,Install dependencies,2026-07-23T22:13:52.1437907Z,EnvironmentFileNotFound: '/home/runner/work/welcome/welcome/environment.yml' file not found,https://github.com/lkminiPhantomWorld/welcome/actions/runs/30049100924,https://github.com/lkminiPhantomWorld/welcome/actions/runs/30049100924/job/89346983483,AVAILABLE
121,VERIFIED_TRUE,RC-03_PORTAL_PROJECTION_HASH_DRIFT,Deploy verified welcome site to GitHub Pages,30049154333,13,1,push,2026-07-23T22:13:54Z,2026-07-23T22:14:06Z,main,b11bedb4e0d5acff315167beee6a3ede0193368e,ky46738-ops,89347142339,deploy,3,暴力驗證正式投影,2026-07-23T22:14:02.9285355Z,PUBLIC_PORTAL_PROJECTION_COMPLETION=ERROR: 雜湊不一致：index.html,https://github.com/lkminiPhantomWorld/welcome/actions/runs/30049154333,https://github.com/lkminiPhantomWorld/welcome/actions/runs/30049154333/job/89347142339,AVAILABLE
122,VERIFIED_TRUE,RC-01B_VERIFIER_IDENTITY_DRIFT,Gatekeeper,30049154271,65,1,push,2026-07-23T22:13:54Z,2026-07-23T22:14:01Z,main,b11bedb4e0d5acff315167beee6a3ede0193368e,ky46738-ops,89347141694,verify,3,驗證 LKMini 公開種子,2026-07-23T22:13:54Z,SHA256_MISMATCH:tools/verify_lkmini.py:expected=2e417e95e1b85d290cd432f054bdf9e25c30f4267d5e20bbb131900684dbc2a7:actual=01fd76f96cc99c2bed586512efbf151ffa5be7668da6ac2b2c59670ca28ee13a,https://github.com/lkminiPhantomWorld/welcome/actions/runs/30049154271,https://github.com/lkminiPhantomWorld/welcome/actions/runs/30049154271/job/89347141694,AVAILABLE|LOCAL_GIT_TREE_REPLAY
123,VERIFIED_TRUE,RC-02_MISSING_ENVIRONMENT_YML,Python Package using Conda,30049154182,49,1,push,2026-07-23T22:13:54Z,2026-07-23T22:14:19Z,main,b11bedb4e0d5acff315167beee6a3ede0193368e,ky46738-ops,89347141442,build-linux,5,Install dependencies,2026-07-23T22:14:16.0552164Z,EnvironmentFileNotFound: '/home/runner/work/welcome/welcome/environment.yml' file not found,https://github.com/lkminiPhantomWorld/welcome/actions/runs/30049154182,https://github.com/lkminiPhantomWorld/welcome/actions/runs/30049154182/job/89347141442,AVAILABLE
124,VERIFIED_TRUE,RC-01B_VERIFIER_IDENTITY_DRIFT,Gatekeeper,30052482359,66,1,push,2026-07-23T23:12:40Z,2026-07-23T23:12:48Z,main,8a5a1319e4b30ac647f773a1af70a209659ae8a1,ky46738-ops,89357280331,verify,3,驗證 LKMini 公開種子,2026-07-23T23:12:40Z,SHA256_MISMATCH:tools/verify_lkmini.py:expected=2e417e95e1b85d290cd432f054bdf9e25c30f4267d5e20bbb131900684dbc2a7:actual=01fd76f96cc99c2bed586512efbf151ffa5be7668da6ac2b2c59670ca28ee13a,https://github.com/lkminiPhantomWorld/welcome/actions/runs/30052482359,https://github.com/lkminiPhantomWorld/welcome/actions/runs/30052482359/job/89357280331,AVAILABLE|LOCAL_GIT_TREE_REPLAY
125,VERIFIED_TRUE,RC-02_MISSING_ENVIRONMENT_YML,Python Package using Conda,30052482312,50,1,push,2026-07-23T23:12:40Z,2026-07-23T23:13:11Z,main,8a5a1319e4b30ac647f773a1af70a209659ae8a1,ky46738-ops,89357280390,build-linux,5,Install dependencies,2026-07-23T23:13:07.6261363Z,EnvironmentFileNotFound: '/home/runner/work/welcome/welcome/environment.yml' file not found,https://github.com/lkminiPhantomWorld/welcome/actions/runs/30052482312,https://github.com/lkminiPhantomWorld/welcome/actions/runs/30052482312/job/89357280390,AVAILABLE
126,VERIFIED_TRUE,RC-03_PORTAL_PROJECTION_HASH_DRIFT,Deploy verified welcome site to GitHub Pages,30052481957,14,1,push,2026-07-23T23:12:40Z,2026-07-23T23:12:54Z,main,8a5a1319e4b30ac647f773a1af70a209659ae8a1,ky46738-ops,89357279462,deploy,3,暴力驗證正式投影,2026-07-23T23:12:50.3273939Z,PUBLIC_PORTAL_PROJECTION_COMPLETION=ERROR: 雜湊不一致：index.html,https://github.com/lkminiPhantomWorld/welcome/actions/runs/30052481957,https://github.com/lkminiPhantomWorld/welcome/actions/runs/30052481957/job/89357279462,AVAILABLE
127,VERIFIED_TRUE,RC-01B_VERIFIER_IDENTITY_DRIFT,Gatekeeper,30052620153,67,1,push,2026-07-23T23:15:13Z,2026-07-23T23:15:24Z,main,322eff264c92c4658941e36d6ab6718beab238d7,ky46738-ops,89357679874,verify,3,驗證 LKMini 公開種子,2026-07-23T23:15:13Z,SHA256_MISMATCH:tools/verify_lkmini.py:expected=2e417e95e1b85d290cd432f054bdf9e25c30f4267d5e20bbb131900684dbc2a7:actual=01fd76f96cc99c2bed586512efbf151ffa5be7668da6ac2b2c59670ca28ee13a,https://github.com/lkminiPhantomWorld/welcome/actions/runs/30052620153,https://github.com/lkminiPhantomWorld/welcome/actions/runs/30052620153/job/89357679874,AVAILABLE|LOCAL_GIT_TREE_REPLAY
128,VERIFIED_TRUE,RC-02_MISSING_ENVIRONMENT_YML,Python Package using Conda,30052620148,51,1,push,2026-07-23T23:15:13Z,2026-07-23T23:15:46Z,main,322eff264c92c4658941e36d6ab6718beab238d7,ky46738-ops,89357679908,build-linux,5,Install dependencies,2026-07-23T23:15:43.8166982Z,EnvironmentFileNotFound: '/home/runner/work/welcome/welcome/environment.yml' file not found,https://github.com/lkminiPhantomWorld/welcome/actions/runs/30052620148,https://github.com/lkminiPhantomWorld/welcome/actions/runs/30052620148/job/89357679908,AVAILABLE
129,VERIFIED_TRUE,RC-03_PORTAL_PROJECTION_HASH_DRIFT,Deploy verified welcome site to GitHub Pages,30052620134,15,1,push,2026-07-23T23:15:13Z,2026-07-23T23:15:26Z,main,322eff264c92c4658941e36d6ab6718beab238d7,ky46738-ops,89357680376,deploy,3,暴力驗證正式投影,2026-07-23T23:15:22.7265599Z,PUBLIC_PORTAL_PROJECTION_COMPLETION=ERROR: 雜湊不一致：index.html,https://github.com/lkminiPhantomWorld/welcome/actions/runs/30052620134,https://github.com/lkminiPhantomWorld/welcome/actions/runs/30052620134/job/89357680376,AVAILABLE
130,VERIFIED_TRUE,RC-02_MISSING_ENVIRONMENT_YML,Python Package using Conda,30052713944,52,1,push,2026-07-23T23:17:01Z,2026-07-23T23:17:41Z,main,4848cc9d098302095e68848ea415470688c0029f,ky46738-ops,89357964029,build-linux,5,Install dependencies,2026-07-23T23:17:38.6115878Z,EnvironmentFileNotFound: '/home/runner/work/welcome/welcome/environment.yml' file not found,https://github.com/lkminiPhantomWorld/welcome/actions/runs/30052713944,https://github.com/lkminiPhantomWorld/welcome/actions/runs/30052713944/job/89357964029,AVAILABLE
131,VERIFIED_TRUE,RC-03_PORTAL_PROJECTION_HASH_DRIFT,Deploy verified welcome site to GitHub Pages,30052713931,16,1,push,2026-07-23T23:17:01Z,2026-07-23T23:17:15Z,main,4848cc9d098302095e68848ea415470688c0029f,ky46738-ops,89357967146,deploy,3,暴力驗證正式投影,2026-07-23T23:17:11.7373995Z,PUBLIC_PORTAL_PROJECTION_COMPLETION=ERROR: 雜湊不一致：index.html,https://github.com/lkminiPhantomWorld/welcome/actions/runs/30052713931,https://github.com/lkminiPhantomWorld/welcome/actions/runs/30052713931/job/89357967146,AVAILABLE
132,VERIFIED_TRUE,RC-01B_VERIFIER_IDENTITY_DRIFT,Gatekeeper,30052713916,68,1,push,2026-07-23T23:17:01Z,2026-07-23T23:17:10Z,main,4848cc9d098302095e68848ea415470688c0029f,ky46738-ops,89357963988,verify,3,驗證 LKMini 公開種子,2026-07-23T23:17:01Z,SHA256_MISMATCH:tools/verify_lkmini.py:expected=2e417e95e1b85d290cd432f054bdf9e25c30f4267d5e20bbb131900684dbc2a7:actual=01fd76f96cc99c2bed586512efbf151ffa5be7668da6ac2b2c59670ca28ee13a,https://github.com/lkminiPhantomWorld/welcome/actions/runs/30052713916,https://github.com/lkminiPhantomWorld/welcome/actions/runs/30052713916/job/89357963988,AVAILABLE|LOCAL_GIT_TREE_REPLAY
133,VERIFIED_TRUE,RC-01B_VERIFIER_IDENTITY_DRIFT,Gatekeeper,30052731172,69,1,push,2026-07-23T23:17:21Z,2026-07-23T23:17:31Z,main,6f59ae5dcc7acbf9bf305d201e7b910d1d2d84a2,ky46738-ops,89358018314,verify,3,驗證 LKMini 公開種子,2026-07-23T23:17:21Z,SHA256_MISMATCH:tools/verify_lkmini.py:expected=2e417e95e1b85d290cd432f054bdf9e25c30f4267d5e20bbb131900684dbc2a7:actual=01fd76f96cc99c2bed586512efbf151ffa5be7668da6ac2b2c59670ca28ee13a,https://github.com/lkminiPhantomWorld/welcome/actions/runs/30052731172,https://github.com/lkminiPhantomWorld/welcome/actions/runs/30052731172/job/89358018314,AVAILABLE|LOCAL_GIT_TREE_REPLAY
134,VERIFIED_TRUE,RC-02_MISSING_ENVIRONMENT_YML,Python Package using Conda,30052731129,53,1,push,2026-07-23T23:17:21Z,2026-07-23T23:18:06Z,main,6f59ae5dcc7acbf9bf305d201e7b910d1d2d84a2,ky46738-ops,89358018218,build-linux,5,Install dependencies,2026-07-23T23:18:04.6433322Z,EnvironmentFileNotFound: '/home/runner/work/welcome/welcome/environment.yml' file not found,https://github.com/lkminiPhantomWorld/welcome/actions/runs/30052731129,https://github.com/lkminiPhantomWorld/welcome/actions/runs/30052731129/job/89358018218,AVAILABLE
135,VERIFIED_TRUE,RC-03_PORTAL_PROJECTION_HASH_DRIFT,Deploy verified welcome site to GitHub Pages,30052731117,17,1,push,2026-07-23T23:17:21Z,2026-07-23T23:17:35Z,main,6f59ae5dcc7acbf9bf305d201e7b910d1d2d84a2,ky46738-ops,89358021631,deploy,3,暴力驗證正式投影,2026-07-23T23:17:32.3908414Z,PUBLIC_PORTAL_PROJECTION_COMPLETION=ERROR: 雜湊不一致：index.html,https://github.com/lkminiPhantomWorld/welcome/actions/runs/30052731117,https://github.com/lkminiPhantomWorld/welcome/actions/runs/30052731117/job/89358021631,AVAILABLE
136,VERIFIED_TRUE,RC-02_MISSING_ENVIRONMENT_YML,Python Package using Conda,30052838503,54,1,push,2026-07-23T23:19:27Z,2026-07-23T23:19:56Z,main,04f39c787e2c2689e53bd92248070dc6f86471de,ky46738-ops,89358356670,build-linux,5,Install dependencies,2026-07-23T23:19:53.2342869Z,EnvironmentFileNotFound: '/home/runner/work/welcome/welcome/environment.yml' file not found,https://github.com/lkminiPhantomWorld/welcome/actions/runs/30052838503,https://github.com/lkminiPhantomWorld/welcome/actions/runs/30052838503/job/89358356670,AVAILABLE
137,VERIFIED_TRUE,RC-03_PORTAL_PROJECTION_HASH_DRIFT,Deploy verified welcome site to GitHub Pages,30052838490,18,1,push,2026-07-23T23:19:27Z,2026-07-23T23:19:37Z,main,04f39c787e2c2689e53bd92248070dc6f86471de,ky46738-ops,89358356944,deploy,3,暴力驗證正式投影,2026-07-23T23:19:34.7568919Z,PUBLIC_PORTAL_PROJECTION_COMPLETION=ERROR: 雜湊不一致：index.html,https://github.com/lkminiPhantomWorld/welcome/actions/runs/30052838490,https://github.com/lkminiPhantomWorld/welcome/actions/runs/30052838490/job/89358356944,AVAILABLE
138,VERIFIED_TRUE,RC-01B_VERIFIER_IDENTITY_DRIFT,Gatekeeper,30052838486,70,1,push,2026-07-23T23:19:27Z,2026-07-23T23:19:35Z,main,04f39c787e2c2689e53bd92248070dc6f86471de,ky46738-ops,89358356532,verify,3,驗證 LKMini 公開種子,2026-07-23T23:19:27Z,SHA256_MISMATCH:tools/verify_lkmini.py:expected=2e417e95e1b85d290cd432f054bdf9e25c30f4267d5e20bbb131900684dbc2a7:actual=01fd76f96cc99c2bed586512efbf151ffa5be7668da6ac2b2c59670ca28ee13a,https://github.com/lkminiPhantomWorld/welcome/actions/runs/30052838486,https://github.com/lkminiPhantomWorld/welcome/actions/runs/30052838486/job/89358356532,AVAILABLE|LOCAL_GIT_TREE_REPLAY
139,VERIFIED_TRUE,RC-02_MISSING_ENVIRONMENT_YML,Python Package using Conda,30053057059,55,1,push,2026-07-23T23:23:38Z,2026-07-23T23:24:23Z,main,e6fd13f1c215e8bc9cef9790feca3dfca94572af,ky46738-ops,89359024639,build-linux,5,Install dependencies,2026-07-23T23:24:20.4874200Z,EnvironmentFileNotFound: '/home/runner/work/welcome/welcome/environment.yml' file not found,https://github.com/lkminiPhantomWorld/welcome/actions/runs/30053057059,https://github.com/lkminiPhantomWorld/welcome/actions/runs/30053057059/job/89359024639,AVAILABLE
140,VERIFIED_TRUE,RC-01B_VERIFIER_IDENTITY_DRIFT,Gatekeeper,30053057048,71,1,push,2026-07-23T23:23:38Z,2026-07-23T23:23:48Z,main,e6fd13f1c215e8bc9cef9790feca3dfca94572af,ky46738-ops,89359024622,verify,3,驗證 LKMini 公開種子,2026-07-23T23:23:38Z,SHA256_MISMATCH:tools/verify_lkmini.py:expected=2e417e95e1b85d290cd432f054bdf9e25c30f4267d5e20bbb131900684dbc2a7:actual=01fd76f96cc99c2bed586512efbf151ffa5be7668da6ac2b2c59670ca28ee13a,https://github.com/lkminiPhantomWorld/welcome/actions/runs/30053057048,https://github.com/lkminiPhantomWorld/welcome/actions/runs/30053057048/job/89359024622,AVAILABLE|LOCAL_GIT_TREE_REPLAY
141,VERIFIED_TRUE,RC-03_PORTAL_PROJECTION_HASH_DRIFT,Deploy verified welcome site to GitHub Pages,30053057019,19,1,push,2026-07-23T23:23:38Z,2026-07-23T23:23:50Z,main,e6fd13f1c215e8bc9cef9790feca3dfca94572af,ky46738-ops,89359024843,deploy,3,暴力驗證正式投影,2026-07-23T23:23:46.7762170Z,PUBLIC_PORTAL_PROJECTION_COMPLETION=ERROR: 雜湊不一致：index.html,https://github.com/lkminiPhantomWorld/welcome/actions/runs/30053057019,https://github.com/lkminiPhantomWorld/welcome/actions/runs/30053057019/job/89359024843,AVAILABLE
142,VERIFIED_TRUE,RC-02_MISSING_ENVIRONMENT_YML,Python Package using Conda,30053622340,56,1,push,2026-07-23T23:34:39Z,2026-07-23T23:35:05Z,main,fc6f0f111791bb3be59069092079969e6b8c0c87,ky46738-ops,89360712543,build-linux,5,Install dependencies,2026-07-23T23:35:02.1064496Z,EnvironmentFileNotFound: '/home/runner/work/welcome/welcome/environment.yml' file not found,https://github.com/lkminiPhantomWorld/welcome/actions/runs/30053622340,https://github.com/lkminiPhantomWorld/welcome/actions/runs/30053622340/job/89360712543,AVAILABLE
143,VERIFIED_TRUE,RC-03_PORTAL_PROJECTION_HASH_DRIFT,Deploy verified welcome site to GitHub Pages,30053622332,20,1,push,2026-07-23T23:34:39Z,2026-07-23T23:34:52Z,main,fc6f0f111791bb3be59069092079969e6b8c0c87,ky46738-ops,89360713013,deploy,3,暴力驗證正式投影,2026-07-23T23:34:48.0554797Z,PUBLIC_PORTAL_PROJECTION_COMPLETION=ERROR: 雜湊不一致：index.html,https://github.com/lkminiPhantomWorld/welcome/actions/runs/30053622332,https://github.com/lkminiPhantomWorld/welcome/actions/runs/30053622332/job/89360713013,AVAILABLE
144,VERIFIED_TRUE,RC-01B_VERIFIER_IDENTITY_DRIFT,Gatekeeper,30053622327,72,1,push,2026-07-23T23:34:39Z,2026-07-23T23:34:47Z,main,fc6f0f111791bb3be59069092079969e6b8c0c87,ky46738-ops,89360712391,verify,3,驗證 LKMini 公開種子,2026-07-23T23:34:39Z,SHA256_MISMATCH:tools/verify_lkmini.py:expected=2e417e95e1b85d290cd432f054bdf9e25c30f4267d5e20bbb131900684dbc2a7:actual=01fd76f96cc99c2bed586512efbf151ffa5be7668da6ac2b2c59670ca28ee13a,https://github.com/lkminiPhantomWorld/welcome/actions/runs/30053622327,https://github.com/lkminiPhantomWorld/welcome/actions/runs/30053622327/job/89360712391,AVAILABLE|LOCAL_GIT_TREE_REPLAY
145,VERIFIED_TRUE,RC-03_PORTAL_PROJECTION_HASH_DRIFT,Deploy verified welcome site to GitHub Pages,30055352036,21,1,push,2026-07-24T00:09:18Z,2026-07-24T00:09:34Z,main,7eef41e3eb8c076ba4806bb43fdf25c6cab7e9a2,ky46738-ops,89365769783,deploy,3,暴力驗證正式投影,2026-07-24T00:09:30.3584372Z,PUBLIC_PORTAL_PROJECTION_COMPLETION=ERROR: 雜湊不一致：index.html,https://github.com/lkminiPhantomWorld/welcome/actions/runs/30055352036,https://github.com/lkminiPhantomWorld/welcome/actions/runs/30055352036/job/89365769783,AVAILABLE
146,VERIFIED_TRUE,RC-02_MISSING_ENVIRONMENT_YML,Python Package using Conda,30055352027,57,1,push,2026-07-24T00:09:18Z,2026-07-24T00:09:47Z,main,7eef41e3eb8c076ba4806bb43fdf25c6cab7e9a2,ky46738-ops,89365766737,build-linux,5,Install dependencies,2026-07-24T00:09:45.1385456Z,EnvironmentFileNotFound: '/home/runner/work/welcome/welcome/environment.yml' file not found,https://github.com/lkminiPhantomWorld/welcome/actions/runs/30055352027,https://github.com/lkminiPhantomWorld/welcome/actions/runs/30055352027/job/89365766737,AVAILABLE
147,VERIFIED_TRUE,RC-01B_VERIFIER_IDENTITY_DRIFT,Gatekeeper,30055351995,73,1,push,2026-07-24T00:09:18Z,2026-07-24T00:09:30Z,main,7eef41e3eb8c076ba4806bb43fdf25c6cab7e9a2,ky46738-ops,89365766632,verify,3,驗證 LKMini 公開種子,2026-07-24T00:09:18Z,SHA256_MISMATCH:tools/verify_lkmini.py:expected=2e417e95e1b85d290cd432f054bdf9e25c30f4267d5e20bbb131900684dbc2a7:actual=01fd76f96cc99c2bed586512efbf151ffa5be7668da6ac2b2c59670ca28ee13a,https://github.com/lkminiPhantomWorld/welcome/actions/runs/30055351995,https://github.com/lkminiPhantomWorld/welcome/actions/runs/30055351995/job/89365766632,AVAILABLE|LOCAL_GIT_TREE_REPLAY
148,VERIFIED_TRUE,RC-01B_VERIFIER_IDENTITY_DRIFT,Gatekeeper,30058871019,74,1,push,2026-07-24T01:24:16Z,2026-07-24T01:24:26Z,main,b185df1dff7993376c7f80a8ad2f1f3ea1e3d1ec,ky46738-ops,89376206880,verify,3,驗證 LKMini 公開種子,2026-07-24T01:24:16Z,SHA256_MISMATCH:tools/verify_lkmini.py:expected=2e417e95e1b85d290cd432f054bdf9e25c30f4267d5e20bbb131900684dbc2a7:actual=01fd76f96cc99c2bed586512efbf151ffa5be7668da6ac2b2c59670ca28ee13a,https://github.com/lkminiPhantomWorld/welcome/actions/runs/30058871019,https://github.com/lkminiPhantomWorld/welcome/actions/runs/30058871019/job/89376206880,AVAILABLE|LOCAL_GIT_TREE_REPLAY
149,VERIFIED_TRUE,RC-03_PORTAL_PROJECTION_HASH_DRIFT,Deploy verified welcome site to GitHub Pages,30058870985,22,1,push,2026-07-24T01:24:16Z,2026-07-24T01:24:29Z,main,b185df1dff7993376c7f80a8ad2f1f3ea1e3d1ec,ky46738-ops,89376206885,deploy,3,暴力驗證正式投影,2026-07-24T01:24:25.9199869Z,PUBLIC_PORTAL_PROJECTION_COMPLETION=ERROR: 雜湊不一致：index.html,https://github.com/lkminiPhantomWorld/welcome/actions/runs/30058870985,https://github.com/lkminiPhantomWorld/welcome/actions/runs/30058870985/job/89376206885,AVAILABLE
150,VERIFIED_TRUE,RC-02_MISSING_ENVIRONMENT_YML,Python Package using Conda,30058870983,58,1,push,2026-07-24T01:24:16Z,2026-07-24T01:25:15Z,main,b185df1dff7993376c7f80a8ad2f1f3ea1e3d1ec,ky46738-ops,89376206690,build-linux,5,Install dependencies,2026-07-24T01:25:11.4680662Z,EnvironmentFileNotFound: '/home/runner/work/welcome/welcome/environment.yml' file not found,https://github.com/lkminiPhantomWorld/welcome/actions/runs/30058870983,https://github.com/lkminiPhantomWorld/welcome/actions/runs/30058870983/job/89376206690,AVAILABLE
151,VERIFIED_TRUE,RC-01B_VERIFIER_IDENTITY_DRIFT,Gatekeeper,30058890581,75,1,push,2026-07-24T01:24:42Z,2026-07-24T01:24:49Z,main,7ae583d69bd65238bc69a97f11f0a7526d9cc8e0,ky46738-ops,89376263633,verify,3,驗證 LKMini 公開種子,2026-07-24T01:24:42Z,SHA256_MISMATCH:tools/verify_lkmini.py:expected=2e417e95e1b85d290cd432f054bdf9e25c30f4267d5e20bbb131900684dbc2a7:actual=01fd76f96cc99c2bed586512efbf151ffa5be7668da6ac2b2c59670ca28ee13a,https://github.com/lkminiPhantomWorld/welcome/actions/runs/30058890581,https://github.com/lkminiPhantomWorld/welcome/actions/runs/30058890581/job/89376263633,AVAILABLE|LOCAL_GIT_TREE_REPLAY
152,VERIFIED_TRUE,RC-02_MISSING_ENVIRONMENT_YML,Python Package using Conda,30058890560,59,1,push,2026-07-24T01:24:42Z,2026-07-24T01:25:36Z,main,7ae583d69bd65238bc69a97f11f0a7526d9cc8e0,ky46738-ops,89376263478,build-linux,5,Install dependencies,2026-07-24T01:25:34.0083216Z,EnvironmentFileNotFound: '/home/runner/work/welcome/welcome/environment.yml' file not found,https://github.com/lkminiPhantomWorld/welcome/actions/runs/30058890560,https://github.com/lkminiPhantomWorld/welcome/actions/runs/30058890560/job/89376263478,AVAILABLE
153,VERIFIED_TRUE,RC-03_PORTAL_PROJECTION_HASH_DRIFT,Deploy verified welcome site to GitHub Pages,30060122721,24,1,push,2026-07-24T01:52:24Z,2026-07-24T01:52:35Z,main,6ab490e547d74745c2f6139bb349749099b010fe,ky46738-ops,89379908401,deploy,3,暴力驗證正式投影,2026-07-24T01:52:33.0746283Z,PUBLIC_PORTAL_PROJECTION_COMPLETION=ERROR: 雜湊不一致：index.html,https://github.com/lkminiPhantomWorld/welcome/actions/runs/30060122721,https://github.com/lkminiPhantomWorld/welcome/actions/runs/30060122721/job/89379908401,AVAILABLE
154,VERIFIED_TRUE,RC-01B_VERIFIER_IDENTITY_DRIFT,Gatekeeper,30060122708,76,1,push,2026-07-24T01:52:24Z,2026-07-24T01:52:31Z,main,6ab490e547d74745c2f6139bb349749099b010fe,ky46738-ops,89379906394,verify,3,驗證 LKMini 公開種子,2026-07-24T01:52:24Z,SHA256_MISMATCH:tools/verify_lkmini.py:expected=2e417e95e1b85d290cd432f054bdf9e25c30f4267d5e20bbb131900684dbc2a7:actual=01fd76f96cc99c2bed586512efbf151ffa5be7668da6ac2b2c59670ca28ee13a,https://github.com/lkminiPhantomWorld/welcome/actions/runs/30060122708,https://github.com/lkminiPhantomWorld/welcome/actions/runs/30060122708/job/89379906394,AVAILABLE|LOCAL_GIT_TREE_REPLAY
155,VERIFIED_TRUE,RC-02_MISSING_ENVIRONMENT_YML,Python Package using Conda,30060122726,60,1,push,2026-07-24T01:52:25Z,2026-07-24T01:53:07Z,main,6ab490e547d74745c2f6139bb349749099b010fe,ky46738-ops,89379906511,build-linux,5,Install dependencies,2026-07-24T01:53:03.7840862Z,EnvironmentFileNotFound: '/home/runner/work/welcome/welcome/environment.yml' file not found,https://github.com/lkminiPhantomWorld/welcome/actions/runs/30060122726,https://github.com/lkminiPhantomWorld/welcome/actions/runs/30060122726/job/89379906511,AVAILABLE
156,VERIFIED_TRUE,RC-01B_VERIFIER_IDENTITY_DRIFT,Gatekeeper,30098651984,77,1,push,2026-07-24T13:52:34Z,2026-07-24T13:52:41Z,main,490f749a57f7bb0080cd8614b82274364957ed91,ky46738-ops,89498898378,verify,3,驗證 LKMini 公開種子,2026-07-24T13:52:34Z,SHA256_MISMATCH:tools/verify_lkmini.py:expected=2e417e95e1b85d290cd432f054bdf9e25c30f4267d5e20bbb131900684dbc2a7:actual=01fd76f96cc99c2bed586512efbf151ffa5be7668da6ac2b2c59670ca28ee13a,https://github.com/lkminiPhantomWorld/welcome/actions/runs/30098651984,https://github.com/lkminiPhantomWorld/welcome/actions/runs/30098651984/job/89498898378,AVAILABLE|LOCAL_GIT_TREE_REPLAY
157,VERIFIED_TRUE,RC-02_MISSING_ENVIRONMENT_YML,Python Package using Conda,30098651977,61,1,push,2026-07-24T13:52:34Z,2026-07-24T13:53:16Z,main,490f749a57f7bb0080cd8614b82274364957ed91,ky46738-ops,89498898274,build-linux,5,Install dependencies,2026-07-24T13:53:04.7137175Z,EnvironmentFileNotFound: '/home/runner/work/welcome/welcome/environment.yml' file not found,https://github.com/lkminiPhantomWorld/welcome/actions/runs/30098651977,https://github.com/lkminiPhantomWorld/welcome/actions/runs/30098651977/job/89498898274,AVAILABLE
158,VERIFIED_TRUE,RC-01B_VERIFIER_IDENTITY_DRIFT,Gatekeeper,30098653618,78,1,push,2026-07-24T13:52:35Z,2026-07-24T13:52:46Z,main,6675d2f00905de42aa6c9e3543b24e8a5ae3441a,ky46738-ops,89498904070,verify,3,驗證 LKMini 公開種子,2026-07-24T13:52:35Z,SHA256_MISMATCH:tools/verify_lkmini.py:expected=2e417e95e1b85d290cd432f054bdf9e25c30f4267d5e20bbb131900684dbc2a7:actual=01fd76f96cc99c2bed586512efbf151ffa5be7668da6ac2b2c59670ca28ee13a,https://github.com/lkminiPhantomWorld/welcome/actions/runs/30098653618,https://github.com/lkminiPhantomWorld/welcome/actions/runs/30098653618/job/89498904070,AVAILABLE|LOCAL_GIT_TREE_REPLAY
159,VERIFIED_TRUE,RC-02_MISSING_ENVIRONMENT_YML,Python Package using Conda,30098653617,62,1,push,2026-07-24T13:52:35Z,2026-07-24T13:53:42Z,main,6675d2f00905de42aa6c9e3543b24e8a5ae3441a,ky46738-ops,89498903942,build-linux,5,Install dependencies,2026-07-24T13:53:38.6220006Z,EnvironmentFileNotFound: '/home/runner/work/welcome/welcome/environment.yml' file not found,https://github.com/lkminiPhantomWorld/welcome/actions/runs/30098653617,https://github.com/lkminiPhantomWorld/welcome/actions/runs/30098653617/job/89498903942,AVAILABLE
160,VERIFIED_TRUE,RC-02_MISSING_ENVIRONMENT_YML,Python Package using Conda,30098655519,63,1,push,2026-07-24T13:52:37Z,2026-07-24T13:53:25Z,main,c2138c6f40ae1770e913c9ede2991b58e9fb6449,ky46738-ops,89498910587,build-linux,5,Install dependencies,2026-07-24T13:53:22.2031297Z,EnvironmentFileNotFound: '/home/runner/work/welcome/welcome/environment.yml' file not found,https://github.com/lkminiPhantomWorld/welcome/actions/runs/30098655519,https://github.com/lkminiPhantomWorld/welcome/actions/runs/30098655519/job/89498910587,AVAILABLE
161,VERIFIED_TRUE,RC-01B_VERIFIER_IDENTITY_DRIFT,Gatekeeper,30098655498,79,1,push,2026-07-24T13:52:37Z,2026-07-24T13:52:45Z,main,c2138c6f40ae1770e913c9ede2991b58e9fb6449,ky46738-ops,89498910717,verify,3,驗證 LKMini 公開種子,2026-07-24T13:52:37Z,SHA256_MISMATCH:tools/verify_lkmini.py:expected=2e417e95e1b85d290cd432f054bdf9e25c30f4267d5e20bbb131900684dbc2a7:actual=01fd76f96cc99c2bed586512efbf151ffa5be7668da6ac2b2c59670ca28ee13a,https://github.com/lkminiPhantomWorld/welcome/actions/runs/30098655498,https://github.com/lkminiPhantomWorld/welcome/actions/runs/30098655498/job/89498910717,AVAILABLE|LOCAL_GIT_TREE_REPLAY
162,VERIFIED_TRUE,RC-01B_VERIFIER_IDENTITY_DRIFT,Gatekeeper,30098657118,80,1,push,2026-07-24T13:52:39Z,2026-07-24T13:52:46Z,main,97f22e0dfa0523956cf22fbab6da0fbf385678ae,ky46738-ops,89498915882,verify,3,驗證 LKMini 公開種子,2026-07-24T13:52:39Z,SHA256_MISMATCH:tools/verify_lkmini.py:expected=2e417e95e1b85d290cd432f054bdf9e25c30f4267d5e20bbb131900684dbc2a7:actual=01fd76f96cc99c2bed586512efbf151ffa5be7668da6ac2b2c59670ca28ee13a,https://github.com/lkminiPhantomWorld/welcome/actions/runs/30098657118,https://github.com/lkminiPhantomWorld/welcome/actions/runs/30098657118/job/89498915882,AVAILABLE|LOCAL_GIT_TREE_REPLAY
163,VERIFIED_TRUE,RC-02_MISSING_ENVIRONMENT_YML,Python Package using Conda,30098657113,64,1,push,2026-07-24T13:52:39Z,2026-07-24T13:53:29Z,main,97f22e0dfa0523956cf22fbab6da0fbf385678ae,ky46738-ops,89498916158,build-linux,5,Install dependencies,2026-07-24T13:53:25.9965028Z,EnvironmentFileNotFound: '/home/runner/work/welcome/welcome/environment.yml' file not found,https://github.com/lkminiPhantomWorld/welcome/actions/runs/30098657113,https://github.com/lkminiPhantomWorld/welcome/actions/runs/30098657113/job/89498916158,AVAILABLE
164,VERIFIED_TRUE,RC-01B_VERIFIER_IDENTITY_DRIFT,Gatekeeper,30098658993,81,1,push,2026-07-24T13:52:40Z,2026-07-24T13:52:51Z,main,8b82d507688d8268d6c309bf26355e0162fd015a,ky46738-ops,89498922228,verify,3,驗證 LKMini 公開種子,2026-07-24T13:52:40Z,SHA256_MISMATCH:tools/verify_lkmini.py:expected=2e417e95e1b85d290cd432f054bdf9e25c30f4267d5e20bbb131900684dbc2a7:actual=01fd76f96cc99c2bed586512efbf151ffa5be7668da6ac2b2c59670ca28ee13a,https://github.com/lkminiPhantomWorld/welcome/actions/runs/30098658993,https://github.com/lkminiPhantomWorld/welcome/actions/runs/30098658993/job/89498922228,AVAILABLE|LOCAL_GIT_TREE_REPLAY
165,VERIFIED_TRUE,RC-02_MISSING_ENVIRONMENT_YML,Python Package using Conda,30098658934,65,1,push,2026-07-24T13:52:40Z,2026-07-24T13:53:24Z,main,8b82d507688d8268d6c309bf26355e0162fd015a,ky46738-ops,89498922101,build-linux,5,Install dependencies,2026-07-24T13:53:21.0126436Z,EnvironmentFileNotFound: '/home/runner/work/welcome/welcome/environment.yml' file not found,https://github.com/lkminiPhantomWorld/welcome/actions/runs/30098658934,https://github.com/lkminiPhantomWorld/welcome/actions/runs/30098658934/job/89498922101,AVAILABLE
166,VERIFIED_TRUE,RC-01B_VERIFIER_IDENTITY_DRIFT,Gatekeeper,30098660815,82,1,push,2026-07-24T13:52:42Z,2026-07-24T13:52:52Z,main,3f8e218148c4af34b5c2d9573cab9b382847ac1e,ky46738-ops,89498928696,verify,3,驗證 LKMini 公開種子,2026-07-24T13:52:42Z,SHA256_MISMATCH:tools/verify_lkmini.py:expected=2e417e95e1b85d290cd432f054bdf9e25c30f4267d5e20bbb131900684dbc2a7:actual=01fd76f96cc99c2bed586512efbf151ffa5be7668da6ac2b2c59670ca28ee13a,https://github.com/lkminiPhantomWorld/welcome/actions/runs/30098660815,https://github.com/lkminiPhantomWorld/welcome/actions/runs/30098660815/job/89498928696,AVAILABLE|LOCAL_GIT_TREE_REPLAY
167,VERIFIED_TRUE,RC-02_MISSING_ENVIRONMENT_YML,Python Package using Conda,30098660795,66,1,push,2026-07-24T13:52:42Z,2026-07-24T13:53:31Z,main,3f8e218148c4af34b5c2d9573cab9b382847ac1e,ky46738-ops,89498928775,build-linux,5,Install dependencies,2026-07-24T13:53:28.9391435Z,EnvironmentFileNotFound: '/home/runner/work/welcome/welcome/environment.yml' file not found,https://github.com/lkminiPhantomWorld/welcome/actions/runs/30098660795,https://github.com/lkminiPhantomWorld/welcome/actions/runs/30098660795/job/89498928775,AVAILABLE
168,VERIFIED_TRUE,RC-01B_VERIFIER_IDENTITY_DRIFT,Gatekeeper,30098662245,83,1,push,2026-07-24T13:52:43Z,2026-07-24T13:52:51Z,main,b2d9d43df9887349d72e21f9635df9ea83cb4f35,ky46738-ops,89498933576,verify,3,驗證 LKMini 公開種子,2026-07-24T13:52:43Z,SHA256_MISMATCH:tools/verify_lkmini.py:expected=2e417e95e1b85d290cd432f054bdf9e25c30f4267d5e20bbb131900684dbc2a7:actual=01fd76f96cc99c2bed586512efbf151ffa5be7668da6ac2b2c59670ca28ee13a,https://github.com/lkminiPhantomWorld/welcome/actions/runs/30098662245,https://github.com/lkminiPhantomWorld/welcome/actions/runs/30098662245/job/89498933576,AVAILABLE|LOCAL_GIT_TREE_REPLAY
169,VERIFIED_TRUE,RC-02_MISSING_ENVIRONMENT_YML,Python Package using Conda,30098662202,67,1,push,2026-07-24T13:52:43Z,2026-07-24T13:53:27Z,main,b2d9d43df9887349d72e21f9635df9ea83cb4f35,ky46738-ops,89498933428,build-linux,5,Install dependencies,2026-07-24T13:53:24.8855751Z,EnvironmentFileNotFound: '/home/runner/work/welcome/welcome/environment.yml' file not found,https://github.com/lkminiPhantomWorld/welcome/actions/runs/30098662202,https://github.com/lkminiPhantomWorld/welcome/actions/runs/30098662202/job/89498933428,AVAILABLE
170,VERIFIED_TRUE,RC-01B_VERIFIER_IDENTITY_DRIFT,Gatekeeper,30102012492,84,1,push,2026-07-24T14:40:27Z,2026-07-24T14:40:38Z,main,359a0bc902331dc225159a00d8d2052c25aa0f56,ky46738-ops,89510145904,verify,3,驗證 LKMini 公開種子,2026-07-24T14:40:27Z,SHA256_MISMATCH:tools/verify_lkmini.py:expected=2e417e95e1b85d290cd432f054bdf9e25c30f4267d5e20bbb131900684dbc2a7:actual=01fd76f96cc99c2bed586512efbf151ffa5be7668da6ac2b2c59670ca28ee13a,https://github.com/lkminiPhantomWorld/welcome/actions/runs/30102012492,https://github.com/lkminiPhantomWorld/welcome/actions/runs/30102012492/job/89510145904,AVAILABLE|LOCAL_GIT_TREE_REPLAY
171,VERIFIED_TRUE,RC-02_MISSING_ENVIRONMENT_YML,Python Package using Conda,30102012481,68,1,push,2026-07-24T14:40:27Z,2026-07-24T14:41:13Z,main,359a0bc902331dc225159a00d8d2052c25aa0f56,ky46738-ops,89510145694,build-linux,5,Install dependencies,2026-07-24T14:41:11.2137855Z,EnvironmentFileNotFound: '/home/runner/work/welcome/welcome/environment.yml' file not found,https://github.com/lkminiPhantomWorld/welcome/actions/runs/30102012481,https://github.com/lkminiPhantomWorld/welcome/actions/runs/30102012481/job/89510145694,AVAILABLE
172,VERIFIED_TRUE,RC-02_MISSING_ENVIRONMENT_YML,Python Package using Conda,30102014953,69,1,push,2026-07-24T14:40:29Z,2026-07-24T14:40:56Z,main,55f58d8427080bab128e179b647a3f1d00ffc858,ky46738-ops,89510154242,build-linux,5,Install dependencies,2026-07-24T14:40:53.5457990Z,EnvironmentFileNotFound: '/home/runner/work/welcome/welcome/environment.yml' file not found,https://github.com/lkminiPhantomWorld/welcome/actions/runs/30102014953,https://github.com/lkminiPhantomWorld/welcome/actions/runs/30102014953/job/89510154242,AVAILABLE
173,VERIFIED_TRUE,RC-01B_VERIFIER_IDENTITY_DRIFT,Gatekeeper,30102014698,85,1,push,2026-07-24T14:40:29Z,2026-07-24T14:40:38Z,main,55f58d8427080bab128e179b647a3f1d00ffc858,ky46738-ops,89510153693,verify,3,驗證 LKMini 公開種子,2026-07-24T14:40:29Z,SHA256_MISMATCH:tools/verify_lkmini.py:expected=2e417e95e1b85d290cd432f054bdf9e25c30f4267d5e20bbb131900684dbc2a7:actual=01fd76f96cc99c2bed586512efbf151ffa5be7668da6ac2b2c59670ca28ee13a,https://github.com/lkminiPhantomWorld/welcome/actions/runs/30102014698,https://github.com/lkminiPhantomWorld/welcome/actions/runs/30102014698/job/89510153693,AVAILABLE|LOCAL_GIT_TREE_REPLAY
174,VERIFIED_TRUE,RC-01B_VERIFIER_IDENTITY_DRIFT,Gatekeeper,30102015556,86,1,push,2026-07-24T14:40:30Z,2026-07-24T14:40:41Z,main,232c89a3e1f832b9c020ed18d3e7d401e0777a2e,ky46738-ops,89510156259,verify,3,驗證 LKMini 公開種子,2026-07-24T14:40:30Z,SHA256_MISMATCH:tools/verify_lkmini.py:expected=2e417e95e1b85d290cd432f054bdf9e25c30f4267d5e20bbb131900684dbc2a7:actual=01fd76f96cc99c2bed586512efbf151ffa5be7668da6ac2b2c59670ca28ee13a,https://github.com/lkminiPhantomWorld/welcome/actions/runs/30102015556,https://github.com/lkminiPhantomWorld/welcome/actions/runs/30102015556/job/89510156259,AVAILABLE|LOCAL_GIT_TREE_REPLAY
175,VERIFIED_TRUE,RC-02_MISSING_ENVIRONMENT_YML,Python Package using Conda,30102015554,70,1,push,2026-07-24T14:40:30Z,2026-07-24T14:41:24Z,main,232c89a3e1f832b9c020ed18d3e7d401e0777a2e,ky46738-ops,89510156202,build-linux,5,Install dependencies,2026-07-24T14:41:21.0949735Z,EnvironmentFileNotFound: '/home/runner/work/welcome/welcome/environment.yml' file not found,https://github.com/lkminiPhantomWorld/welcome/actions/runs/30102015554,https://github.com/lkminiPhantomWorld/welcome/actions/runs/30102015554/job/89510156202,AVAILABLE
176,VERIFIED_TRUE,RC-01B_VERIFIER_IDENTITY_DRIFT,Gatekeeper,30102029207,87,1,push,2026-07-24T14:40:42Z,2026-07-24T14:40:49Z,main,30ff90000a182800333614f5870ecb1b010e8a58,ky46738-ops,89510205299,verify,3,驗證 LKMini 公開種子,2026-07-24T14:40:42Z,SHA256_MISMATCH:tools/verify_lkmini.py:expected=2e417e95e1b85d290cd432f054bdf9e25c30f4267d5e20bbb131900684dbc2a7:actual=01fd76f96cc99c2bed586512efbf151ffa5be7668da6ac2b2c59670ca28ee13a,https://github.com/lkminiPhantomWorld/welcome/actions/runs/30102029207,https://github.com/lkminiPhantomWorld/welcome/actions/runs/30102029207/job/89510205299,AVAILABLE|LOCAL_GIT_TREE_REPLAY
177,VERIFIED_TRUE,RC-02_MISSING_ENVIRONMENT_YML,Python Package using Conda,30102029201,71,1,push,2026-07-24T14:40:42Z,2026-07-24T14:41:11Z,main,30ff90000a182800333614f5870ecb1b010e8a58,ky46738-ops,89510205402,build-linux,5,Install dependencies,2026-07-24T14:41:08.7139899Z,EnvironmentFileNotFound: '/home/runner/work/welcome/welcome/environment.yml' file not found,https://github.com/lkminiPhantomWorld/welcome/actions/runs/30102029201,https://github.com/lkminiPhantomWorld/welcome/actions/runs/30102029201/job/89510205402,AVAILABLE
178,VERIFIED_TRUE,RC-01B_VERIFIER_IDENTITY_DRIFT,Gatekeeper,30102367851,88,1,push,2026-07-24T14:45:27Z,2026-07-24T14:45:38Z,main,23d3e978e9bd053ac5f539fb81dab96bc5ac81a9,ky46738-ops,89511337100,verify,3,驗證 LKMini 公開種子,2026-07-24T14:45:27Z,SHA256_MISMATCH:tools/verify_lkmini.py:expected=2e417e95e1b85d290cd432f054bdf9e25c30f4267d5e20bbb131900684dbc2a7:actual=01fd76f96cc99c2bed586512efbf151ffa5be7668da6ac2b2c59670ca28ee13a,https://github.com/lkminiPhantomWorld/welcome/actions/runs/30102367851,https://github.com/lkminiPhantomWorld/welcome/actions/runs/30102367851/job/89511337100,AVAILABLE|LOCAL_GIT_TREE_REPLAY
179,VERIFIED_TRUE,RC-02_MISSING_ENVIRONMENT_YML,Python Package using Conda,30102367738,72,1,push,2026-07-24T14:45:27Z,2026-07-24T14:46:22Z,main,23d3e978e9bd053ac5f539fb81dab96bc5ac81a9,ky46738-ops,89511336336,build-linux,5,Install dependencies,2026-07-24T14:46:18.5708001Z,EnvironmentFileNotFound: '/home/runner/work/welcome/welcome/environment.yml' file not found,https://github.com/lkminiPhantomWorld/welcome/actions/runs/30102367738,https://github.com/lkminiPhantomWorld/welcome/actions/runs/30102367738/job/89511336336,AVAILABLE
180,VERIFIED_TRUE,RC-02_MISSING_ENVIRONMENT_YML,Python Package using Conda,30102369410,73,1,push,2026-07-24T14:45:28Z,2026-07-24T14:45:47Z,main,941aee8f3c212a24998a40b8bf7eec742971fc78,ky46738-ops,89511341632,build-linux,5,Install dependencies,2026-07-24T14:45:44.3826818Z,EnvironmentFileNotFound: '/home/runner/work/welcome/welcome/environment.yml' file not found,https://github.com/lkminiPhantomWorld/welcome/actions/runs/30102369410,https://github.com/lkminiPhantomWorld/welcome/actions/runs/30102369410/job/89511341632,AVAILABLE
181,VERIFIED_TRUE,RC-01B_VERIFIER_IDENTITY_DRIFT,Gatekeeper,30102369320,89,1,push,2026-07-24T14:45:28Z,2026-07-24T14:45:35Z,main,941aee8f3c212a24998a40b8bf7eec742971fc78,ky46738-ops,89511341390,verify,3,驗證 LKMini 公開種子,2026-07-24T14:45:28Z,SHA256_MISMATCH:tools/verify_lkmini.py:expected=2e417e95e1b85d290cd432f054bdf9e25c30f4267d5e20bbb131900684dbc2a7:actual=01fd76f96cc99c2bed586512efbf151ffa5be7668da6ac2b2c59670ca28ee13a,https://github.com/lkminiPhantomWorld/welcome/actions/runs/30102369320,https://github.com/lkminiPhantomWorld/welcome/actions/runs/30102369320/job/89511341390,AVAILABLE|LOCAL_GIT_TREE_REPLAY
182,VERIFIED_TRUE,RC-01B_VERIFIER_IDENTITY_DRIFT,Gatekeeper,30102372272,90,1,push,2026-07-24T14:45:30Z,2026-07-24T14:45:40Z,main,0287c6599810145c883a8e69d3b2d822f821351b,ky46738-ops,89511351748,verify,3,驗證 LKMini 公開種子,2026-07-24T14:45:30Z,SHA256_MISMATCH:tools/verify_lkmini.py:expected=2e417e95e1b85d290cd432f054bdf9e25c30f4267d5e20bbb131900684dbc2a7:actual=01fd76f96cc99c2bed586512efbf151ffa5be7668da6ac2b2c59670ca28ee13a,https://github.com/lkminiPhantomWorld/welcome/actions/runs/30102372272,https://github.com/lkminiPhantomWorld/welcome/actions/runs/30102372272/job/89511351748,AVAILABLE|LOCAL_GIT_TREE_REPLAY
183,VERIFIED_TRUE,RC-02_MISSING_ENVIRONMENT_YML,Python Package using Conda,30102372010,74,1,push,2026-07-24T14:45:30Z,2026-07-24T14:46:16Z,main,0287c6599810145c883a8e69d3b2d822f821351b,ky46738-ops,89511351180,build-linux,5,Install dependencies,2026-07-24T14:46:13.9285206Z,EnvironmentFileNotFound: '/home/runner/work/welcome/welcome/environment.yml' file not found,https://github.com/lkminiPhantomWorld/welcome/actions/runs/30102372010,https://github.com/lkminiPhantomWorld/welcome/actions/runs/30102372010/job/89511351180,AVAILABLE
184,VERIFIED_TRUE,RC-02_MISSING_ENVIRONMENT_YML,Python Package using Conda,30102388086,75,1,push,2026-07-24T14:45:44Z,2026-07-24T14:46:24Z,main,b0ab33e4fbbbd3dea5eaa32be88cbdcbad27aaa8,ky46738-ops,89511406399,build-linux,5,Install dependencies,2026-07-24T14:46:22.3803963Z,EnvironmentFileNotFound: '/home/runner/work/welcome/welcome/environment.yml' file not found,https://github.com/lkminiPhantomWorld/welcome/actions/runs/30102388086,https://github.com/lkminiPhantomWorld/welcome/actions/runs/30102388086/job/89511406399,AVAILABLE
185,VERIFIED_TRUE,RC-01B_VERIFIER_IDENTITY_DRIFT,Gatekeeper,30102388075,91,1,push,2026-07-24T14:45:44Z,2026-07-24T14:45:53Z,main,b0ab33e4fbbbd3dea5eaa32be88cbdcbad27aaa8,ky46738-ops,89511406416,verify,3,驗證 LKMini 公開種子,2026-07-24T14:45:44Z,SHA256_MISMATCH:tools/verify_lkmini.py:expected=2e417e95e1b85d290cd432f054bdf9e25c30f4267d5e20bbb131900684dbc2a7:actual=01fd76f96cc99c2bed586512efbf151ffa5be7668da6ac2b2c59670ca28ee13a,https://github.com/lkminiPhantomWorld/welcome/actions/runs/30102388075,https://github.com/lkminiPhantomWorld/welcome/actions/runs/30102388075/job/89511406416,AVAILABLE|LOCAL_GIT_TREE_REPLAY
186,VERIFIED_TRUE,RC-02_MISSING_ENVIRONMENT_YML,Python Package using Conda,30102654599,76,1,push,2026-07-24T14:49:33Z,2026-07-24T14:50:01Z,main,256a2c5618a2f7552989da0e330f1e6481ef42c8,ky46738-ops,89512308490,build-linux,5,Install dependencies,2026-07-24T14:49:58.1549358Z,EnvironmentFileNotFound: '/home/runner/work/welcome/welcome/environment.yml' file not found,https://github.com/lkminiPhantomWorld/welcome/actions/runs/30102654599,https://github.com/lkminiPhantomWorld/welcome/actions/runs/30102654599/job/89512308490,AVAILABLE
187,VERIFIED_TRUE,RC-01B_VERIFIER_IDENTITY_DRIFT,Gatekeeper,30102654554,92,1,push,2026-07-24T14:49:33Z,2026-07-24T14:49:45Z,main,256a2c5618a2f7552989da0e330f1e6481ef42c8,ky46738-ops,89512308000,verify,3,驗證 LKMini 公開種子,2026-07-24T14:49:33Z,SHA256_MISMATCH:tools/verify_lkmini.py:expected=2e417e95e1b85d290cd432f054bdf9e25c30f4267d5e20bbb131900684dbc2a7:actual=01fd76f96cc99c2bed586512efbf151ffa5be7668da6ac2b2c59670ca28ee13a,https://github.com/lkminiPhantomWorld/welcome/actions/runs/30102654554,https://github.com/lkminiPhantomWorld/welcome/actions/runs/30102654554/job/89512308000,AVAILABLE|LOCAL_GIT_TREE_REPLAY
188,VERIFIED_TRUE,RC-02_MISSING_ENVIRONMENT_YML,Python Package using Conda,30102656520,77,1,push,2026-07-24T14:49:35Z,2026-07-24T14:50:07Z,main,e1436bac7d82b0966ef305550113746b1578afbf,ky46738-ops,89512314210,build-linux,5,Install dependencies,2026-07-24T14:50:04.8894041Z,EnvironmentFileNotFound: '/home/runner/work/welcome/welcome/environment.yml' file not found,https://github.com/lkminiPhantomWorld/welcome/actions/runs/30102656520,https://github.com/lkminiPhantomWorld/welcome/actions/runs/30102656520/job/89512314210,AVAILABLE
189,VERIFIED_TRUE,RC-01B_VERIFIER_IDENTITY_DRIFT,Gatekeeper,30102656507,93,1,push,2026-07-24T14:49:35Z,2026-07-24T14:49:46Z,main,e1436bac7d82b0966ef305550113746b1578afbf,ky46738-ops,89512314234,verify,3,驗證 LKMini 公開種子,2026-07-24T14:49:35Z,SHA256_MISMATCH:tools/verify_lkmini.py:expected=2e417e95e1b85d290cd432f054bdf9e25c30f4267d5e20bbb131900684dbc2a7:actual=01fd76f96cc99c2bed586512efbf151ffa5be7668da6ac2b2c59670ca28ee13a,https://github.com/lkminiPhantomWorld/welcome/actions/runs/30102656507,https://github.com/lkminiPhantomWorld/welcome/actions/runs/30102656507/job/89512314234,AVAILABLE|LOCAL_GIT_TREE_REPLAY
190,VERIFIED_TRUE,RC-01B_VERIFIER_IDENTITY_DRIFT,Gatekeeper,30102657948,94,1,push,2026-07-24T14:49:36Z,2026-07-24T14:49:43Z,main,bf24f4b255171ca20b63671971a311ad10be7a54,ky46738-ops,89512318444,verify,3,驗證 LKMini 公開種子,2026-07-24T14:49:36Z,SHA256_MISMATCH:tools/verify_lkmini.py:expected=2e417e95e1b85d290cd432f054bdf9e25c30f4267d5e20bbb131900684dbc2a7:actual=01fd76f96cc99c2bed586512efbf151ffa5be7668da6ac2b2c59670ca28ee13a,https://github.com/lkminiPhantomWorld/welcome/actions/runs/30102657948,https://github.com/lkminiPhantomWorld/welcome/actions/runs/30102657948/job/89512318444,AVAILABLE|LOCAL_GIT_TREE_REPLAY
191,VERIFIED_TRUE,RC-02_MISSING_ENVIRONMENT_YML,Python Package using Conda,30102657819,78,1,push,2026-07-24T14:49:36Z,2026-07-24T14:50:22Z,main,bf24f4b255171ca20b63671971a311ad10be7a54,ky46738-ops,89512317699,build-linux,5,Install dependencies,2026-07-24T14:50:18.1452170Z,EnvironmentFileNotFound: '/home/runner/work/welcome/welcome/environment.yml' file not found,https://github.com/lkminiPhantomWorld/welcome/actions/runs/30102657819,https://github.com/lkminiPhantomWorld/welcome/actions/runs/30102657819/job/89512317699,AVAILABLE
192,VERIFIED_TRUE,RC-01B_VERIFIER_IDENTITY_DRIFT,Gatekeeper,30102659690,95,1,push,2026-07-24T14:49:37Z,2026-07-24T14:49:47Z,main,a82282426e5d6e683c1065094122f628c570552f,ky46738-ops,89512324229,verify,3,驗證 LKMini 公開種子,2026-07-24T14:49:37Z,SHA256_MISMATCH:tools/verify_lkmini.py:expected=2e417e95e1b85d290cd432f054bdf9e25c30f4267d5e20bbb131900684dbc2a7:actual=01fd76f96cc99c2bed586512efbf151ffa5be7668da6ac2b2c59670ca28ee13a,https://github.com/lkminiPhantomWorld/welcome/actions/runs/30102659690,https://github.com/lkminiPhantomWorld/welcome/actions/runs/30102659690/job/89512324229,AVAILABLE|LOCAL_GIT_TREE_REPLAY
193,VERIFIED_TRUE,RC-02_MISSING_ENVIRONMENT_YML,Python Package using Conda,30102659668,79,1,push,2026-07-24T14:49:37Z,2026-07-24T14:50:06Z,main,a82282426e5d6e683c1065094122f628c570552f,ky46738-ops,89512324057,build-linux,5,Install dependencies,2026-07-24T14:50:04.1351360Z,EnvironmentFileNotFound: '/home/runner/work/welcome/welcome/environment.yml' file not found,https://github.com/lkminiPhantomWorld/welcome/actions/runs/30102659668,https://github.com/lkminiPhantomWorld/welcome/actions/runs/30102659668/job/89512324057,AVAILABLE
194,VERIFIED_TRUE,RC-01B_VERIFIER_IDENTITY_DRIFT,Gatekeeper,30103117799,96,1,push,2026-07-24T14:56:01Z,2026-07-24T14:56:08Z,main,5f6fe4bcee8c670f8ee7dca5e83202c9f7fb35a1,ky46738-ops,89513857250,verify,3,驗證 LKMini 公開種子,2026-07-24T14:56:01Z,SHA256_MISMATCH:tools/verify_lkmini.py:expected=2e417e95e1b85d290cd432f054bdf9e25c30f4267d5e20bbb131900684dbc2a7:actual=01fd76f96cc99c2bed586512efbf151ffa5be7668da6ac2b2c59670ca28ee13a,https://github.com/lkminiPhantomWorld/welcome/actions/runs/30103117799,https://github.com/lkminiPhantomWorld/welcome/actions/runs/30103117799/job/89513857250,AVAILABLE|LOCAL_GIT_TREE_REPLAY
195,VERIFIED_TRUE,RC-02_MISSING_ENVIRONMENT_YML,Python Package using Conda,30103117790,80,1,push,2026-07-24T14:56:01Z,2026-07-24T14:56:43Z,main,5f6fe4bcee8c670f8ee7dca5e83202c9f7fb35a1,ky46738-ops,89513856944,build-linux,5,Install dependencies,2026-07-24T14:56:41.9551649Z,EnvironmentFileNotFound: '/home/runner/work/welcome/welcome/environment.yml' file not found,https://github.com/lkminiPhantomWorld/welcome/actions/runs/30103117790,https://github.com/lkminiPhantomWorld/welcome/actions/runs/30103117790/job/89513856944,AVAILABLE
196,VERIFIED_TRUE,RC-03_PORTAL_PROJECTION_HASH_DRIFT,Deploy verified welcome site to GitHub Pages,30103117781,44,1,push,2026-07-24T14:56:01Z,2026-07-24T14:56:11Z,main,5f6fe4bcee8c670f8ee7dca5e83202c9f7fb35a1,ky46738-ops,89513857469,deploy,3,暴力驗證正式投影,2026-07-24T14:56:09.3478627Z,VERIFICATION=ERROR: 雜湊不一致：mini/index.html,https://github.com/lkminiPhantomWorld/welcome/actions/runs/30103117781,https://github.com/lkminiPhantomWorld/welcome/actions/runs/30103117781/job/89513857469,AVAILABLE
197,VERIFIED_TRUE,RC-01B_VERIFIER_IDENTITY_DRIFT,Gatekeeper,30103132313,97,1,push,2026-07-24T14:56:14Z,2026-07-24T14:56:21Z,main,837e87a4878de66a1491c6780a15ac169c55ab97,ky46738-ops,89513908913,verify,3,驗證 LKMini 公開種子,2026-07-24T14:56:14Z,SHA256_MISMATCH:tools/verify_lkmini.py:expected=2e417e95e1b85d290cd432f054bdf9e25c30f4267d5e20bbb131900684dbc2a7:actual=01fd76f96cc99c2bed586512efbf151ffa5be7668da6ac2b2c59670ca28ee13a,https://github.com/lkminiPhantomWorld/welcome/actions/runs/30103132313,https://github.com/lkminiPhantomWorld/welcome/actions/runs/30103132313/job/89513908913,AVAILABLE|LOCAL_GIT_TREE_REPLAY
198,VERIFIED_TRUE,RC-02_MISSING_ENVIRONMENT_YML,Python Package using Conda,30103132237,81,1,push,2026-07-24T14:56:14Z,2026-07-24T14:57:09Z,main,837e87a4878de66a1491c6780a15ac169c55ab97,ky46738-ops,89513908738,build-linux,5,Install dependencies,2026-07-24T14:57:05.0983663Z,EnvironmentFileNotFound: '/home/runner/work/welcome/welcome/environment.yml' file not found,https://github.com/lkminiPhantomWorld/welcome/actions/runs/30103132237,https://github.com/lkminiPhantomWorld/welcome/actions/runs/30103132237/job/89513908738,AVAILABLE
199,VERIFIED_TRUE,RC-03_PORTAL_PROJECTION_HASH_DRIFT,Deploy verified welcome site to GitHub Pages,30103132028,45,1,push,2026-07-24T14:56:14Z,2026-07-24T14:56:24Z,main,837e87a4878de66a1491c6780a15ac169c55ab97,ky46738-ops,89513910897,deploy,3,暴力驗證正式投影,2026-07-24T14:56:21.9003206Z,VERIFICATION=ERROR: 雜湊不一致：mini/index.html,https://github.com/lkminiPhantomWorld/welcome/actions/runs/30103132028,https://github.com/lkminiPhantomWorld/welcome/actions/runs/30103132028/job/89513910897,AVAILABLE
200,VERIFIED_TRUE,RC-01B_VERIFIER_IDENTITY_DRIFT,Gatekeeper,30104360552,98,1,push,2026-07-24T15:13:31Z,2026-07-24T15:13:41Z,main,9235f92b8b1c23abe898c292e43cdaff5d6f30c0,ky46738-ops,89518011821,verify,3,驗證 LKMini 公開種子,2026-07-24T15:13:31Z,SHA256_MISMATCH:tools/verify_lkmini.py:expected=2e417e95e1b85d290cd432f054bdf9e25c30f4267d5e20bbb131900684dbc2a7:actual=01fd76f96cc99c2bed586512efbf151ffa5be7668da6ac2b2c59670ca28ee13a,https://github.com/lkminiPhantomWorld/welcome/actions/runs/30104360552,https://github.com/lkminiPhantomWorld/welcome/actions/runs/30104360552/job/89518011821,AVAILABLE|LOCAL_GIT_TREE_REPLAY
201,VERIFIED_TRUE,RC-02_MISSING_ENVIRONMENT_YML,Python Package using Conda,30104360545,82,1,push,2026-07-24T15:13:31Z,2026-07-24T15:13:59Z,main,9235f92b8b1c23abe898c292e43cdaff5d6f30c0,ky46738-ops,89518011618,build-linux,5,Install dependencies,2026-07-24T15:13:55.5537397Z,EnvironmentFileNotFound: '/home/runner/work/welcome/welcome/environment.yml' file not found,https://github.com/lkminiPhantomWorld/welcome/actions/runs/30104360545,https://github.com/lkminiPhantomWorld/welcome/actions/runs/30104360545/job/89518011618,AVAILABLE
202,VERIFIED_TRUE,RC-03_PORTAL_PROJECTION_HASH_DRIFT,Deploy verified welcome site to GitHub Pages,30104375326,47,1,push,2026-07-24T15:13:43Z,2026-07-24T15:13:59Z,main,cb5403ae1a71fbacf9ae94b5f3fe3de6db66c69c,ky46738-ops,89518083234,deploy,3,暴力驗證正式投影,2026-07-24T15:13:57.1060064Z,##[error]Process completed with exit code 1.,https://github.com/lkminiPhantomWorld/welcome/actions/runs/30104375326,https://github.com/lkminiPhantomWorld/welcome/actions/runs/30104375326/job/89518083234,AVAILABLE
203,VERIFIED_TRUE,RC-02_MISSING_ENVIRONMENT_YML,Python Package using Conda,30104375276,83,1,push,2026-07-24T15:13:43Z,2026-07-24T15:14:31Z,main,cb5403ae1a71fbacf9ae94b5f3fe3de6db66c69c,ky46738-ops,89518061280,build-linux,5,Install dependencies,2026-07-24T15:14:27.6615685Z,EnvironmentFileNotFound: '/home/runner/work/welcome/welcome/environment.yml' file not found,https://github.com/lkminiPhantomWorld/welcome/actions/runs/30104375276,https://github.com/lkminiPhantomWorld/welcome/actions/runs/30104375276/job/89518061280,AVAILABLE
204,VERIFIED_TRUE,RC-01B_VERIFIER_IDENTITY_DRIFT,Gatekeeper,30104375267,99,1,push,2026-07-24T15:13:43Z,2026-07-24T15:13:50Z,main,cb5403ae1a71fbacf9ae94b5f3fe3de6db66c69c,ky46738-ops,89518060862,verify,3,驗證 LKMini 公開種子,2026-07-24T15:13:43Z,SHA256_MISMATCH:tools/verify_lkmini.py:expected=2e417e95e1b85d290cd432f054bdf9e25c30f4267d5e20bbb131900684dbc2a7:actual=01fd76f96cc99c2bed586512efbf151ffa5be7668da6ac2b2c59670ca28ee13a,https://github.com/lkminiPhantomWorld/welcome/actions/runs/30104375267,https://github.com/lkminiPhantomWorld/welcome/actions/runs/30104375267/job/89518060862,AVAILABLE|LOCAL_GIT_TREE_REPLAY
205,VERIFIED_TRUE,RC-03_PORTAL_PROJECTION_HASH_DRIFT,Deploy verified welcome site to GitHub Pages,30104648595,48,1,push,2026-07-24T15:17:33Z,2026-07-24T15:17:46Z,main,10f89d5ad08f260509bcba850c4fa9caa8bcc21b,ky46738-ops,89518972617,deploy,3,暴力驗證正式投影,2026-07-24T15:17:42.8268239Z,VERIFICATION=ERROR: 雜湊不一致：mini/index.html,https://github.com/lkminiPhantomWorld/welcome/actions/runs/30104648595,https://github.com/lkminiPhantomWorld/welcome/actions/runs/30104648595/job/89518972617,AVAILABLE
206,VERIFIED_TRUE,RC-02_MISSING_ENVIRONMENT_YML,Python Package using Conda,30104648584,84,1,push,2026-07-24T15:17:33Z,2026-07-24T15:18:12Z,main,10f89d5ad08f260509bcba850c4fa9caa8bcc21b,ky46738-ops,89518972237,build-linux,5,Install dependencies,2026-07-24T15:18:08.2325284Z,EnvironmentFileNotFound: '/home/runner/work/welcome/welcome/environment.yml' file not found,https://github.com/lkminiPhantomWorld/welcome/actions/runs/30104648584,https://github.com/lkminiPhantomWorld/welcome/actions/runs/30104648584/job/89518972237,AVAILABLE
207,VERIFIED_TRUE,RC-01B_VERIFIER_IDENTITY_DRIFT,Gatekeeper,30104648513,100,1,push,2026-07-24T15:17:33Z,2026-07-24T15:17:41Z,main,10f89d5ad08f260509bcba850c4fa9caa8bcc21b,ky46738-ops,89518972030,verify,3,驗證 LKMini 公開種子,2026-07-24T15:17:33Z,SHA256_MISMATCH:tools/verify_lkmini.py:expected=2e417e95e1b85d290cd432f054bdf9e25c30f4267d5e20bbb131900684dbc2a7:actual=01fd76f96cc99c2bed586512efbf151ffa5be7668da6ac2b2c59670ca28ee13a,https://github.com/lkminiPhantomWorld/welcome/actions/runs/30104648513,https://github.com/lkminiPhantomWorld/welcome/actions/runs/30104648513/job/89518972030,AVAILABLE|LOCAL_GIT_TREE_REPLAY
208,VERIFIED_TRUE,RC-03_PORTAL_PROJECTION_HASH_DRIFT,Deploy verified welcome site to GitHub Pages,30104706662,49,1,push,2026-07-24T15:18:22Z,2026-07-24T15:18:37Z,main,4a08509c6d5c3728253cc6435422fb181d4556eb,ky46738-ops,89519175953,deploy,3,暴力驗證正式投影,2026-07-24T15:18:34.3250232Z,##[error]Process completed with exit code 1.,https://github.com/lkminiPhantomWorld/welcome/actions/runs/30104706662,https://github.com/lkminiPhantomWorld/welcome/actions/runs/30104706662/job/89519175953,AVAILABLE
209,VERIFIED_TRUE,RC-01B_VERIFIER_IDENTITY_DRIFT,Gatekeeper,30104706528,101,1,push,2026-07-24T15:18:22Z,2026-07-24T15:18:29Z,main,4a08509c6d5c3728253cc6435422fb181d4556eb,ky46738-ops,89519170088,verify,3,驗證 LKMini 公開種子,2026-07-24T15:18:22Z,SHA256_MISMATCH:tools/verify_lkmini.py:expected=2e417e95e1b85d290cd432f054bdf9e25c30f4267d5e20bbb131900684dbc2a7:actual=01fd76f96cc99c2bed586512efbf151ffa5be7668da6ac2b2c59670ca28ee13a,https://github.com/lkminiPhantomWorld/welcome/actions/runs/30104706528,https://github.com/lkminiPhantomWorld/welcome/actions/runs/30104706528/job/89519170088,AVAILABLE|LOCAL_GIT_TREE_REPLAY
210,VERIFIED_TRUE,RC-02_MISSING_ENVIRONMENT_YML,Python Package using Conda,30104706498,85,1,push,2026-07-24T15:18:22Z,2026-07-24T15:19:07Z,main,4a08509c6d5c3728253cc6435422fb181d4556eb,ky46738-ops,89519169824,build-linux,5,Install dependencies,2026-07-24T15:19:04.3569202Z,EnvironmentFileNotFound: '/home/runner/work/welcome/welcome/environment.yml' file not found,https://github.com/lkminiPhantomWorld/welcome/actions/runs/30104706498,https://github.com/lkminiPhantomWorld/welcome/actions/runs/30104706498/job/89519169824,AVAILABLE
211,VERIFIED_TRUE,RC-02_MISSING_ENVIRONMENT_YML,Python Package using Conda,30104884093,86,1,push,2026-07-24T15:20:51Z,2026-07-24T15:21:22Z,main,ef112b7bfe76f97e3929f95f6c8c49ab504fb628,ky46738-ops,89519765893,build-linux,5,Install dependencies,2026-07-24T15:21:20.2029959Z,EnvironmentFileNotFound: '/home/runner/work/welcome/welcome/environment.yml' file not found,https://github.com/lkminiPhantomWorld/welcome/actions/runs/30104884093,https://github.com/lkminiPhantomWorld/welcome/actions/runs/30104884093/job/89519765893,AVAILABLE
212,VERIFIED_TRUE,RC-03_PORTAL_PROJECTION_HASH_DRIFT,Deploy verified welcome site to GitHub Pages,30104884028,50,1,push,2026-07-24T15:20:51Z,2026-07-24T15:21:02Z,main,ef112b7bfe76f97e3929f95f6c8c49ab504fb628,ky46738-ops,89519770570,deploy,3,暴力驗證正式投影,2026-07-24T15:21:00.2890665Z,VERIFICATION=ERROR: 雜湊不一致：mini/index.html,https://github.com/lkminiPhantomWorld/welcome/actions/runs/30104884028,https://github.com/lkminiPhantomWorld/welcome/actions/runs/30104884028/job/89519770570,AVAILABLE
213,VERIFIED_TRUE,RC-01B_VERIFIER_IDENTITY_DRIFT,Gatekeeper,30104883961,102,1,push,2026-07-24T15:20:51Z,2026-07-24T15:20:59Z,main,ef112b7bfe76f97e3929f95f6c8c49ab504fb628,ky46738-ops,89519765489,verify,3,驗證 LKMini 公開種子,2026-07-24T15:20:51Z,SHA256_MISMATCH:tools/verify_lkmini.py:expected=2e417e95e1b85d290cd432f054bdf9e25c30f4267d5e20bbb131900684dbc2a7:actual=01fd76f96cc99c2bed586512efbf151ffa5be7668da6ac2b2c59670ca28ee13a,https://github.com/lkminiPhantomWorld/welcome/actions/runs/30104883961,https://github.com/lkminiPhantomWorld/welcome/actions/runs/30104883961/job/89519765489,AVAILABLE|LOCAL_GIT_TREE_REPLAY
214,VERIFIED_TRUE,RC-01B_VERIFIER_IDENTITY_DRIFT,Gatekeeper,30104938962,103,1,push,2026-07-24T15:21:39Z,2026-07-24T15:21:46Z,main,d0f063d2307d2b76781f58fb732c4707882e6720,ky46738-ops,89519951956,verify,3,驗證 LKMini 公開種子,2026-07-24T15:21:39Z,SHA256_MISMATCH:tools/verify_lkmini.py:expected=2e417e95e1b85d290cd432f054bdf9e25c30f4267d5e20bbb131900684dbc2a7:actual=01fd76f96cc99c2bed586512efbf151ffa5be7668da6ac2b2c59670ca28ee13a,https://github.com/lkminiPhantomWorld/welcome/actions/runs/30104938962,https://github.com/lkminiPhantomWorld/welcome/actions/runs/30104938962/job/89519951956,AVAILABLE|LOCAL_GIT_TREE_REPLAY
215,VERIFIED_TRUE,RC-03_PORTAL_PROJECTION_HASH_DRIFT,Deploy verified welcome site to GitHub Pages,30104938944,51,1,push,2026-07-24T15:21:39Z,2026-07-24T15:21:48Z,main,d0f063d2307d2b76781f58fb732c4707882e6720,ky46738-ops,89519952370,deploy,3,暴力驗證正式投影,2026-07-24T15:21:46.5424103Z,VERIFICATION=ERROR: 雜湊不一致：mini/index.html,https://github.com/lkminiPhantomWorld/welcome/actions/runs/30104938944,https://github.com/lkminiPhantomWorld/welcome/actions/runs/30104938944/job/89519952370,AVAILABLE
216,VERIFIED_TRUE,RC-02_MISSING_ENVIRONMENT_YML,Python Package using Conda,30104938891,87,1,push,2026-07-24T15:21:39Z,2026-07-24T15:22:20Z,main,d0f063d2307d2b76781f58fb732c4707882e6720,ky46738-ops,89519952003,build-linux,5,Install dependencies,2026-07-24T15:22:18.3938198Z,EnvironmentFileNotFound: '/home/runner/work/welcome/welcome/environment.yml' file not found,https://github.com/lkminiPhantomWorld/welcome/actions/runs/30104938891,https://github.com/lkminiPhantomWorld/welcome/actions/runs/30104938891/job/89519952003,AVAILABLE
217,VERIFIED_TRUE,RC-02_MISSING_ENVIRONMENT_YML,Python Package using Conda,30104982165,88,1,push,2026-07-24T15:22:15Z,2026-07-24T15:22:43Z,main,d350a08fb0dd477917eaa2dd54719498f6e1b301,ky46738-ops,89520091938,build-linux,5,Install dependencies,2026-07-24T15:22:40.0509178Z,EnvironmentFileNotFound: '/home/runner/work/welcome/welcome/environment.yml' file not found,https://github.com/lkminiPhantomWorld/welcome/actions/runs/30104982165,https://github.com/lkminiPhantomWorld/welcome/actions/runs/30104982165/job/89520091938,AVAILABLE
218,VERIFIED_TRUE,RC-03_PORTAL_PROJECTION_HASH_DRIFT,Deploy verified welcome site to GitHub Pages,30104981888,52,1,push,2026-07-24T15:22:15Z,2026-07-24T15:22:27Z,main,d350a08fb0dd477917eaa2dd54719498f6e1b301,ky46738-ops,89520097145,deploy,3,暴力驗證正式投影,2026-07-24T15:22:24.3915451Z,##[error]Process completed with exit code 1.,https://github.com/lkminiPhantomWorld/welcome/actions/runs/30104981888,https://github.com/lkminiPhantomWorld/welcome/actions/runs/30104981888/job/89520097145,AVAILABLE
219,VERIFIED_TRUE,RC-01B_VERIFIER_IDENTITY_DRIFT,Gatekeeper,30104981704,104,1,push,2026-07-24T15:22:15Z,2026-07-24T15:22:22Z,main,d350a08fb0dd477917eaa2dd54719498f6e1b301,ky46738-ops,89520091634,verify,3,驗證 LKMini 公開種子,2026-07-24T15:22:15Z,SHA256_MISMATCH:tools/verify_lkmini.py:expected=2e417e95e1b85d290cd432f054bdf9e25c30f4267d5e20bbb131900684dbc2a7:actual=01fd76f96cc99c2bed586512efbf151ffa5be7668da6ac2b2c59670ca28ee13a,https://github.com/lkminiPhantomWorld/welcome/actions/runs/30104981704,https://github.com/lkminiPhantomWorld/welcome/actions/runs/30104981704/job/89520091634,AVAILABLE|LOCAL_GIT_TREE_REPLAY
220,VERIFIED_TRUE,RC-01B_VERIFIER_IDENTITY_DRIFT,Gatekeeper,30106556111,105,1,push,2026-07-24T15:44:09Z,2026-07-24T15:44:15Z,main,f2d16a939c23a978056d6c35618561c0c551bbb4,ky46738-ops,89525280432,verify,3,驗證 LKMini 公開種子,2026-07-24T15:44:09Z,SHA256_MISMATCH:tools/verify_lkmini.py:expected=2e417e95e1b85d290cd432f054bdf9e25c30f4267d5e20bbb131900684dbc2a7:actual=01fd76f96cc99c2bed586512efbf151ffa5be7668da6ac2b2c59670ca28ee13a,https://github.com/lkminiPhantomWorld/welcome/actions/runs/30106556111,https://github.com/lkminiPhantomWorld/welcome/actions/runs/30106556111/job/89525280432,AVAILABLE|LOCAL_GIT_TREE_REPLAY
221,VERIFIED_TRUE,RC-02_MISSING_ENVIRONMENT_YML,Python Package using Conda,30106556006,89,1,push,2026-07-24T15:44:09Z,2026-07-24T15:44:48Z,main,f2d16a939c23a978056d6c35618561c0c551bbb4,ky46738-ops,89525280203,build-linux,5,Install dependencies,2026-07-24T15:44:44.7157192Z,EnvironmentFileNotFound: '/home/runner/work/welcome/welcome/environment.yml' file not found,https://github.com/lkminiPhantomWorld/welcome/actions/runs/30106556006,https://github.com/lkminiPhantomWorld/welcome/actions/runs/30106556006/job/89525280203,AVAILABLE
222,VERIFIED_TRUE,RC-01B_VERIFIER_IDENTITY_DRIFT,Gatekeeper,30106557012,106,1,push,2026-07-24T15:44:10Z,2026-07-24T15:44:19Z,main,1cb3b12a81390397479297ec65e896d255141644,ky46738-ops,89525283341,verify,3,驗證 LKMini 公開種子,2026-07-24T15:44:10Z,SHA256_MISMATCH:tools/verify_lkmini.py:expected=2e417e95e1b85d290cd432f054bdf9e25c30f4267d5e20bbb131900684dbc2a7:actual=01fd76f96cc99c2bed586512efbf151ffa5be7668da6ac2b2c59670ca28ee13a,https://github.com/lkminiPhantomWorld/welcome/actions/runs/30106557012,https://github.com/lkminiPhantomWorld/welcome/actions/runs/30106557012/job/89525283341,AVAILABLE|LOCAL_GIT_TREE_REPLAY
223,VERIFIED_TRUE,RC-02_MISSING_ENVIRONMENT_YML,Python Package using Conda,30106556971,90,1,push,2026-07-24T15:44:10Z,2026-07-24T15:44:47Z,main,1cb3b12a81390397479297ec65e896d255141644,ky46738-ops,89525283045,build-linux,5,Install dependencies,2026-07-24T15:44:44.3490485Z,EnvironmentFileNotFound: '/home/runner/work/welcome/welcome/environment.yml' file not found,https://github.com/lkminiPhantomWorld/welcome/actions/runs/30106556971,https://github.com/lkminiPhantomWorld/welcome/actions/runs/30106556971/job/89525283045,AVAILABLE
224,VERIFIED_TRUE,RC-02_MISSING_ENVIRONMENT_YML,Python Package using Conda,30106558785,91,1,push,2026-07-24T15:44:11Z,2026-07-24T15:44:52Z,main,680c53b1a8ee0e432a1cf4932d45137fbc819f38,ky46738-ops,89525289213,build-linux,5,Install dependencies,2026-07-24T15:44:48.6785444Z,EnvironmentFileNotFound: '/home/runner/work/welcome/welcome/environment.yml' file not found,https://github.com/lkminiPhantomWorld/welcome/actions/runs/30106558785,https://github.com/lkminiPhantomWorld/welcome/actions/runs/30106558785/job/89525289213,AVAILABLE
225,VERIFIED_TRUE,RC-01B_VERIFIER_IDENTITY_DRIFT,Gatekeeper,30106558680,107,1,push,2026-07-24T15:44:11Z,2026-07-24T15:44:21Z,main,680c53b1a8ee0e432a1cf4932d45137fbc819f38,ky46738-ops,89525289653,verify,3,驗證 LKMini 公開種子,2026-07-24T15:44:11Z,SHA256_MISMATCH:tools/verify_lkmini.py:expected=2e417e95e1b85d290cd432f054bdf9e25c30f4267d5e20bbb131900684dbc2a7:actual=01fd76f96cc99c2bed586512efbf151ffa5be7668da6ac2b2c59670ca28ee13a,https://github.com/lkminiPhantomWorld/welcome/actions/runs/30106558680,https://github.com/lkminiPhantomWorld/welcome/actions/runs/30106558680/job/89525289653,AVAILABLE|LOCAL_GIT_TREE_REPLAY
226,VERIFIED_TRUE,RC-02_MISSING_ENVIRONMENT_YML,Python Package using Conda,30106559825,92,1,push,2026-07-24T15:44:12Z,2026-07-24T15:45:01Z,main,28c5def5f64c431c4cf396a1cfc3dc9ec07029ba,ky46738-ops,89525292897,build-linux,5,Install dependencies,2026-07-24T15:44:57.4048686Z,EnvironmentFileNotFound: '/home/runner/work/welcome/welcome/environment.yml' file not found,https://github.com/lkminiPhantomWorld/welcome/actions/runs/30106559825,https://github.com/lkminiPhantomWorld/welcome/actions/runs/30106559825/job/89525292897,AVAILABLE
227,VERIFIED_TRUE,RC-01B_VERIFIER_IDENTITY_DRIFT,Gatekeeper,30106559799,108,1,push,2026-07-24T15:44:12Z,2026-07-24T15:44:22Z,main,28c5def5f64c431c4cf396a1cfc3dc9ec07029ba,ky46738-ops,89525292523,verify,3,驗證 LKMini 公開種子,2026-07-24T15:44:12Z,SHA256_MISMATCH:tools/verify_lkmini.py:expected=2e417e95e1b85d290cd432f054bdf9e25c30f4267d5e20bbb131900684dbc2a7:actual=01fd76f96cc99c2bed586512efbf151ffa5be7668da6ac2b2c59670ca28ee13a,https://github.com/lkminiPhantomWorld/welcome/actions/runs/30106559799,https://github.com/lkminiPhantomWorld/welcome/actions/runs/30106559799/job/89525292523,AVAILABLE|LOCAL_GIT_TREE_REPLAY
228,VERIFIED_TRUE,RC-03_PORTAL_PROJECTION_HASH_DRIFT,Deploy verified welcome site to GitHub Pages,30106560914,57,1,push,2026-07-24T15:44:13Z,2026-07-24T15:44:28Z,main,2c1da2844072443c266fb4503451a0e6e7028e76,ky46738-ops,89525301934,deploy,3,暴力驗證正式投影,2026-07-24T15:44:25.1830610Z,VERIFICATION=ERROR: 雜湊不一致：mini/index.html,https://github.com/lkminiPhantomWorld/welcome/actions/runs/30106560914,https://github.com/lkminiPhantomWorld/welcome/actions/runs/30106560914/job/89525301934,AVAILABLE
229,VERIFIED_PARTIAL_LOG_UNAVAILABLE,RC-01B_VERIFIER_IDENTITY_DRIFT,Gatekeeper,30106560865,109,1,push,2026-07-24T15:44:13Z,2026-07-24T15:44:21Z,main,2c1da2844072443c266fb4503451a0e6e7028e76,ky46738-ops,89525296485,verify,3,驗證 LKMini 公開種子,2026-07-24T15:44:13Z,SHA256_MISMATCH:tools/verify_lkmini.py:expected=2e417e95e1b85d290cd432f054bdf9e25c30f4267d5e20bbb131900684dbc2a7:actual=01fd76f96cc99c2bed586512efbf151ffa5be7668da6ac2b2c59670ca28ee13a,https://github.com/lkminiPhantomWorld/welcome/actions/runs/30106560865,https://github.com/lkminiPhantomWorld/welcome/actions/runs/30106560865/job/89525296485,VERIFIED_FALSE_API_ERROR|LOCAL_GIT_TREE_REPLAY
230,VERIFIED_TRUE,RC-02_MISSING_ENVIRONMENT_YML,Python Package using Conda,30106560862,93,1,push,2026-07-24T15:44:13Z,2026-07-24T15:45:02Z,main,2c1da2844072443c266fb4503451a0e6e7028e76,ky46738-ops,89525296578,build-linux,5,Install dependencies,2026-07-24T15:44:58.6598542Z,EnvironmentFileNotFound: '/home/runner/work/welcome/welcome/environment.yml' file not found,https://github.com/lkminiPhantomWorld/welcome/actions/runs/30106560862,https://github.com/lkminiPhantomWorld/welcome/actions/runs/30106560862/job/89525296578,AVAILABLE
231,VERIFIED_TRUE,RC-01B_VERIFIER_IDENTITY_DRIFT,Gatekeeper,30106602393,110,1,push,2026-07-24T15:44:50Z,2026-07-24T15:45:00Z,main,dee4acc3f603de45a8c05856f488c3eb6c2e8410,ky46738-ops,89525439217,verify,3,驗證 LKMini 公開種子,2026-07-24T15:44:50Z,SHA256_MISMATCH:tools/verify_lkmini.py:expected=2e417e95e1b85d290cd432f054bdf9e25c30f4267d5e20bbb131900684dbc2a7:actual=01fd76f96cc99c2bed586512efbf151ffa5be7668da6ac2b2c59670ca28ee13a,https://github.com/lkminiPhantomWorld/welcome/actions/runs/30106602393,https://github.com/lkminiPhantomWorld/welcome/actions/runs/30106602393/job/89525439217,AVAILABLE|LOCAL_GIT_TREE_REPLAY
232,VERIFIED_TRUE,RC-02_MISSING_ENVIRONMENT_YML,Python Package using Conda,30106602340,94,1,push,2026-07-24T15:44:50Z,2026-07-24T15:45:31Z,main,dee4acc3f603de45a8c05856f488c3eb6c2e8410,ky46738-ops,89525439165,build-linux,5,Install dependencies,2026-07-24T15:45:26.8683311Z,EnvironmentFileNotFound: '/home/runner/work/welcome/welcome/environment.yml' file not found,https://github.com/lkminiPhantomWorld/welcome/actions/runs/30106602340,https://github.com/lkminiPhantomWorld/welcome/actions/runs/30106602340/job/89525439165,AVAILABLE
233,VERIFIED_TRUE,RC-02_MISSING_ENVIRONMENT_YML,Python Package using Conda,30107892019,95,1,push,2026-07-24T16:05:20Z,2026-07-24T16:05:52Z,codex/org-company-alignment,dee4acc3f603de45a8c05856f488c3eb6c2e8410,ky46738-ops,89529731818,build-linux,5,Install dependencies,2026-07-24T16:05:47.1948154Z,EnvironmentFileNotFound: '/home/runner/work/welcome/welcome/environment.yml' file not found,https://github.com/lkminiPhantomWorld/welcome/actions/runs/30107892019,https://github.com/lkminiPhantomWorld/welcome/actions/runs/30107892019/job/89529731818,AVAILABLE
234,VERIFIED_TRUE,RC-01B_VERIFIER_IDENTITY_DRIFT,Gatekeeper,30107891961,111,1,push,2026-07-24T16:05:20Z,2026-07-24T16:05:41Z,codex/org-company-alignment,dee4acc3f603de45a8c05856f488c3eb6c2e8410,ky46738-ops,89529731458,verify,3,驗證 LKMini 公開種子,2026-07-24T16:05:20Z,SHA256_MISMATCH:tools/verify_lkmini.py:expected=2e417e95e1b85d290cd432f054bdf9e25c30f4267d5e20bbb131900684dbc2a7:actual=01fd76f96cc99c2bed586512efbf151ffa5be7668da6ac2b2c59670ca28ee13a,https://github.com/lkminiPhantomWorld/welcome/actions/runs/30107891961,https://github.com/lkminiPhantomWorld/welcome/actions/runs/30107891961/job/89529731458,AVAILABLE|LOCAL_GIT_TREE_REPLAY
235,VERIFIED_TRUE,RC-01B_VERIFIER_IDENTITY_DRIFT,Gatekeeper,30217165320,112,1,push,2026-07-26T19:35:20Z,2026-07-26T19:35:29Z,agent/open-source-upload-evidence-20260727,dee4acc3f603de45a8c05856f488c3eb6c2e8410,ky46738-ops,89833274473,verify,3,驗證 LKMini 公開種子,2026-07-26T19:35:20Z,SHA256_MISMATCH:tools/verify_lkmini.py:expected=2e417e95e1b85d290cd432f054bdf9e25c30f4267d5e20bbb131900684dbc2a7:actual=01fd76f96cc99c2bed586512efbf151ffa5be7668da6ac2b2c59670ca28ee13a,https://github.com/lkminiPhantomWorld/welcome/actions/runs/30217165320,https://github.com/lkminiPhantomWorld/welcome/actions/runs/30217165320/job/89833274473,AVAILABLE|LOCAL_GIT_TREE_REPLAY
236,VERIFIED_TRUE,RC-02_MISSING_ENVIRONMENT_YML,Python Package using Conda,30217165318,96,1,push,2026-07-26T19:35:20Z,2026-07-26T19:35:46Z,agent/open-source-upload-evidence-20260727,dee4acc3f603de45a8c05856f488c3eb6c2e8410,ky46738-ops,89833274412,build-linux,5,Install dependencies,2026-07-26T19:35:42.9363668Z,EnvironmentFileNotFound: '/home/runner/work/welcome/welcome/environment.yml' file not found,https://github.com/lkminiPhantomWorld/welcome/actions/runs/30217165318,https://github.com/lkminiPhantomWorld/welcome/actions/runs/30217165318/job/89833274412,AVAILABLE
237,VERIFIED_TRUE,RC-02_MISSING_ENVIRONMENT_YML,Python Package using Conda,30217262073,97,1,push,2026-07-26T19:38:04Z,2026-07-26T19:39:14Z,agent/open-source-upload-evidence-20260727,1c796e0d05baf1baab4131bade1036b1274fd5bb,ky46738-ops,89833522040,build-linux,5,Install dependencies,2026-07-26T19:39:12.2288621Z,EnvironmentFileNotFound: '/home/runner/work/welcome/welcome/environment.yml' file not found,https://github.com/lkminiPhantomWorld/welcome/actions/runs/30217262073,https://github.com/lkminiPhantomWorld/welcome/actions/runs/30217262073/job/89833522040,AVAILABLE
238,VERIFIED_TRUE,RC-01B_VERIFIER_IDENTITY_DRIFT,Gatekeeper,30217262056,113,1,push,2026-07-26T19:38:04Z,2026-07-26T19:38:11Z,agent/open-source-upload-evidence-20260727,1c796e0d05baf1baab4131bade1036b1274fd5bb,ky46738-ops,89833522016,verify,3,驗證 LKMini 公開種子,2026-07-26T19:38:04Z,SHA256_MISMATCH:tools/verify_lkmini.py:expected=2e417e95e1b85d290cd432f054bdf9e25c30f4267d5e20bbb131900684dbc2a7:actual=01fd76f96cc99c2bed586512efbf151ffa5be7668da6ac2b2c59670ca28ee13a,https://github.com/lkminiPhantomWorld/welcome/actions/runs/30217262056,https://github.com/lkminiPhantomWorld/welcome/actions/runs/30217262056/job/89833522016,AVAILABLE|LOCAL_GIT_TREE_REPLAY
239,VERIFIED_TRUE,RC-02_MISSING_ENVIRONMENT_YML,Python Package using Conda,30217270071,98,1,push,2026-07-26T19:38:18Z,2026-07-26T19:38:53Z,agent/open-source-upload-evidence-20260727,4501515dc05843b10d63958bc16587aed51160fc,ky46738-ops,89833543027,build-linux,5,Install dependencies,2026-07-26T19:38:50.1496176Z,EnvironmentFileNotFound: '/home/runner/work/welcome/welcome/environment.yml' file not found,https://github.com/lkminiPhantomWorld/welcome/actions/runs/30217270071,https://github.com/lkminiPhantomWorld/welcome/actions/runs/30217270071/job/89833543027,AVAILABLE
240,VERIFIED_TRUE,RC-01B_VERIFIER_IDENTITY_DRIFT,Gatekeeper,30217270065,114,1,push,2026-07-26T19:38:18Z,2026-07-26T19:38:26Z,agent/open-source-upload-evidence-20260727,4501515dc05843b10d63958bc16587aed51160fc,ky46738-ops,89833543007,verify,3,驗證 LKMini 公開種子,2026-07-26T19:38:18Z,SHA256_MISMATCH:tools/verify_lkmini.py:expected=2e417e95e1b85d290cd432f054bdf9e25c30f4267d5e20bbb131900684dbc2a7:actual=01fd76f96cc99c2bed586512efbf151ffa5be7668da6ac2b2c59670ca28ee13a,https://github.com/lkminiPhantomWorld/welcome/actions/runs/30217270065,https://github.com/lkminiPhantomWorld/welcome/actions/runs/30217270065/job/89833543007,AVAILABLE|LOCAL_GIT_TREE_REPLAY
241,VERIFIED_TRUE,RC-01B_VERIFIER_IDENTITY_DRIFT,Gatekeeper,30217281969,115,1,push,2026-07-26T19:38:40Z,2026-07-26T19:38:51Z,agent/open-source-upload-evidence-20260727,2e559bed8fd1300edbf1e07f0865093cdca2632c,ky46738-ops,89833574602,verify,3,驗證 LKMini 公開種子,2026-07-26T19:38:40Z,SHA256_MISMATCH:tools/verify_lkmini.py:expected=2e417e95e1b85d290cd432f054bdf9e25c30f4267d5e20bbb131900684dbc2a7:actual=01fd76f96cc99c2bed586512efbf151ffa5be7668da6ac2b2c59670ca28ee13a,https://github.com/lkminiPhantomWorld/welcome/actions/runs/30217281969,https://github.com/lkminiPhantomWorld/welcome/actions/runs/30217281969/job/89833574602,AVAILABLE|LOCAL_GIT_TREE_REPLAY
242,VERIFIED_TRUE,RC-02_MISSING_ENVIRONMENT_YML,Python Package using Conda,30217281956,99,1,push,2026-07-26T19:38:40Z,2026-07-26T19:39:04Z,agent/open-source-upload-evidence-20260727,2e559bed8fd1300edbf1e07f0865093cdca2632c,ky46738-ops,89833574513,build-linux,5,Install dependencies,2026-07-26T19:39:00.5126313Z,EnvironmentFileNotFound: '/home/runner/work/welcome/welcome/environment.yml' file not found,https://github.com/lkminiPhantomWorld/welcome/actions/runs/30217281956,https://github.com/lkminiPhantomWorld/welcome/actions/runs/30217281956/job/89833574513,AVAILABLE
243,VERIFIED_TRUE,RC-01B_VERIFIER_IDENTITY_DRIFT,Gatekeeper,30217288448,116,1,push,2026-07-26T19:38:51Z,2026-07-26T19:38:58Z,agent/open-source-upload-evidence-20260727,47ea215496aabd3525963cf6dca9532dbc1192c2,ky46738-ops,89833591540,verify,3,驗證 LKMini 公開種子,2026-07-26T19:38:51Z,SHA256_MISMATCH:tools/verify_lkmini.py:expected=2e417e95e1b85d290cd432f054bdf9e25c30f4267d5e20bbb131900684dbc2a7:actual=01fd76f96cc99c2bed586512efbf151ffa5be7668da6ac2b2c59670ca28ee13a,https://github.com/lkminiPhantomWorld/welcome/actions/runs/30217288448,https://github.com/lkminiPhantomWorld/welcome/actions/runs/30217288448/job/89833591540,AVAILABLE|LOCAL_GIT_TREE_REPLAY
244,VERIFIED_TRUE,RC-02_MISSING_ENVIRONMENT_YML,Python Package using Conda,30217288435,100,1,push,2026-07-26T19:38:51Z,2026-07-26T19:39:29Z,agent/open-source-upload-evidence-20260727,47ea215496aabd3525963cf6dca9532dbc1192c2,ky46738-ops,89833591504,build-linux,5,Install dependencies,2026-07-26T19:39:25.7656988Z,EnvironmentFileNotFound: '/home/runner/work/welcome/welcome/environment.yml' file not found,https://github.com/lkminiPhantomWorld/welcome/actions/runs/30217288435,https://github.com/lkminiPhantomWorld/welcome/actions/runs/30217288435/job/89833591504,AVAILABLE
245,VERIFIED_TRUE,RC-01B_VERIFIER_IDENTITY_DRIFT,Gatekeeper,30217295549,117,1,push,2026-07-26T19:39:03Z,2026-07-26T19:39:12Z,agent/open-source-upload-evidence-20260727,3a155c64f797d2b130ca958540c8da720c7b0587,ky46738-ops,89833609668,verify,3,驗證 LKMini 公開種子,2026-07-26T19:39:03Z,SHA256_MISMATCH:tools/verify_lkmini.py:expected=2e417e95e1b85d290cd432f054bdf9e25c30f4267d5e20bbb131900684dbc2a7:actual=01fd76f96cc99c2bed586512efbf151ffa5be7668da6ac2b2c59670ca28ee13a,https://github.com/lkminiPhantomWorld/welcome/actions/runs/30217295549,https://github.com/lkminiPhantomWorld/welcome/actions/runs/30217295549/job/89833609668,AVAILABLE|LOCAL_GIT_TREE_REPLAY
246,VERIFIED_TRUE,RC-02_MISSING_ENVIRONMENT_YML,Python Package using Conda,30217295503,101,1,push,2026-07-26T19:39:03Z,2026-07-26T19:39:29Z,agent/open-source-upload-evidence-20260727,3a155c64f797d2b130ca958540c8da720c7b0587,ky46738-ops,89833609460,build-linux,5,Install dependencies,2026-07-26T19:39:27.4030232Z,EnvironmentFileNotFound: '/home/runner/work/welcome/welcome/environment.yml' file not found,https://github.com/lkminiPhantomWorld/welcome/actions/runs/30217295503,https://github.com/lkminiPhantomWorld/welcome/actions/runs/30217295503/job/89833609460,AVAILABLE
247,VERIFIED_TRUE,RC-01B_VERIFIER_IDENTITY_DRIFT,Gatekeeper,30217303941,118,1,pull_request,2026-07-26T19:39:17Z,2026-07-26T19:39:24Z,agent/open-source-upload-evidence-20260727,3a155c64f797d2b130ca958540c8da720c7b0587,ky46738-ops,89833631115,verify,3,驗證 LKMini 公開種子,2026-07-26T19:39:17Z,SHA256_MISMATCH:tools/verify_lkmini.py:expected=2e417e95e1b85d290cd432f054bdf9e25c30f4267d5e20bbb131900684dbc2a7:actual=01fd76f96cc99c2bed586512efbf151ffa5be7668da6ac2b2c59670ca28ee13a,https://github.com/lkminiPhantomWorld/welcome/actions/runs/30217303941,https://github.com/lkminiPhantomWorld/welcome/actions/runs/30217303941/job/89833631115,AVAILABLE|LOCAL_GIT_TREE_REPLAY
