time_utc,time_tpe,evidence_status,source,event_type,subject,action,operator,path,commit_sha,platform_id,coordinate,details
2026-05-13T04:31:05Z,2026-05-13T12:31:05+08:00,VERIFIED_TRUE,GitHub connector fetch_commit,MINI_SEED_COMMIT,ky46738-ops/LaoK-System,Add LK Mini SVG world seed,ky46738-ops,LKMini/LKMini.svg,39fcca18d0878df5c054e0063381549cd54b77e1,,https://github.com/ky46738-ops/LaoK-System/commit/39fcca18d0878df5c054e0063381549cd54b77e1,1200x630 SVG; metadata created_at_tpe_label=20260513-042721_TPE
2026-05-16T16:00:00Z,2026-05-17T00:00:00+08:00,VERIFIED_PARTIAL_EXACT_COMMIT_FALSE,welcome@8abd89f:SHA256SUMS,MINI_FORMAL_UPDATE_LABEL,LKMini seed_v0,Semantic Civilization Architecture updated,ky46738-ops (manifest statement),SHA256SUMS,,,https://github.com/lkminiPhantomWorld/welcome/blob/8abd89f80dad32aa5e4d6378564edff049a37ab8/SHA256SUMS,Exact 2026-05-17 commit SHA was not returned by the private repository connector
2026-07-06T17:31:10Z,2026-07-07T01:31:10+08:00,VERIFIED_TRUE,local public git mirror,GITHUB_COMMIT_FILE,lkminiPhantomWorld/welcome,A .githooks/pre-commit,Kevin Yang / committer GitHub,.githooks/pre-commit,8abd89f80dad32aa5e4d6378564edff049a37ab8,,https://github.com/lkminiPhantomWorld/welcome/blob/8abd89f80dad32aa5e4d6378564edff049a37ab8/.githooks/pre-commit,Initial commit
2026-07-06T17:31:10Z,2026-07-07T01:31:10+08:00,VERIFIED_TRUE,local public git mirror,GITHUB_COMMIT_FILE,lkminiPhantomWorld/welcome,A .github/CODEOWNERS,Kevin Yang / committer GitHub,.github/CODEOWNERS,8abd89f80dad32aa5e4d6378564edff049a37ab8,,https://github.com/lkminiPhantomWorld/welcome/blob/8abd89f80dad32aa5e4d6378564edff049a37ab8/.github/CODEOWNERS,Initial commit
2026-07-06T17:31:10Z,2026-07-07T01:31:10+08:00,VERIFIED_TRUE,local public git mirror,GITHUB_COMMIT_FILE,lkminiPhantomWorld/welcome,A .github/workflows/gatekeeper.yml,Kevin Yang / committer GitHub,.github/workflows/gatekeeper.yml,8abd89f80dad32aa5e4d6378564edff049a37ab8,,https://github.com/lkminiPhantomWorld/welcome/blob/8abd89f80dad32aa5e4d6378564edff049a37ab8/.github/workflows/gatekeeper.yml,Initial commit
2026-07-06T17:31:10Z,2026-07-07T01:31:10+08:00,VERIFIED_TRUE,local public git mirror,GITHUB_COMMIT_FILE,lkminiPhantomWorld/welcome,A .github/workflows/pages.yml,Kevin Yang / committer GitHub,.github/workflows/pages.yml,8abd89f80dad32aa5e4d6378564edff049a37ab8,,https://github.com/lkminiPhantomWorld/welcome/blob/8abd89f80dad32aa5e4d6378564edff049a37ab8/.github/workflows/pages.yml,Initial commit
2026-07-06T17:31:10Z,2026-07-07T01:31:10+08:00,VERIFIED_TRUE,local public git mirror,GITHUB_COMMIT_FILE,lkminiPhantomWorld/welcome,A .github/workflows/python-package-conda.yml,Kevin Yang / committer GitHub,.github/workflows/python-package-conda.yml,8abd89f80dad32aa5e4d6378564edff049a37ab8,,https://github.com/lkminiPhantomWorld/welcome/blob/8abd89f80dad32aa5e4d6378564edff049a37ab8/.github/workflows/python-package-conda.yml,Initial commit
2026-07-06T17:31:10Z,2026-07-07T01:31:10+08:00,VERIFIED_TRUE,local public git mirror,GITHUB_COMMIT_FILE,lkminiPhantomWorld/welcome,A .github/workflows/rename-md-h1.yml,Kevin Yang / committer GitHub,.github/workflows/rename-md-h1.yml,8abd89f80dad32aa5e4d6378564edff049a37ab8,,https://github.com/lkminiPhantomWorld/welcome/blob/8abd89f80dad32aa5e4d6378564edff049a37ab8/.github/workflows/rename-md-h1.yml,Initial commit
2026-07-06T17:31:10Z,2026-07-07T01:31:10+08:00,VERIFIED_TRUE,local public git mirror,GITHUB_COMMIT_FILE,lkminiPhantomWorld/welcome,A .tags/seed_v0.md,Kevin Yang / committer GitHub,.tags/seed_v0.md,8abd89f80dad32aa5e4d6378564edff049a37ab8,,https://github.com/lkminiPhantomWorld/welcome/blob/8abd89f80dad32aa5e4d6378564edff049a37ab8/.tags/seed_v0.md,Initial commit
2026-07-06T17:31:10Z,2026-07-07T01:31:10+08:00,VERIFIED_TRUE,local public git mirror,GITHUB_COMMIT_FILE,lkminiPhantomWorld/welcome,A ANCHOR.md,Kevin Yang / committer GitHub,ANCHOR.md,8abd89f80dad32aa5e4d6378564edff049a37ab8,,https://github.com/lkminiPhantomWorld/welcome/blob/8abd89f80dad32aa5e4d6378564edff049a37ab8/ANCHOR.md,Initial commit
2026-07-06T17:31:10Z,2026-07-07T01:31:10+08:00,VERIFIED_TRUE,local public git mirror,GITHUB_COMMIT_FILE,lkminiPhantomWorld/welcome,A CITATION.cff,Kevin Yang / committer GitHub,CITATION.cff,8abd89f80dad32aa5e4d6378564edff049a37ab8,,https://github.com/lkminiPhantomWorld/welcome/blob/8abd89f80dad32aa5e4d6378564edff049a37ab8/CITATION.cff,Initial commit
2026-07-06T17:31:10Z,2026-07-07T01:31:10+08:00,VERIFIED_TRUE,local public git mirror,GITHUB_COMMIT_FILE,lkminiPhantomWorld/welcome,A CIVILIZATIONAL_SEED.md,Kevin Yang / committer GitHub,CIVILIZATIONAL_SEED.md,8abd89f80dad32aa5e4d6378564edff049a37ab8,,https://github.com/lkminiPhantomWorld/welcome/blob/8abd89f80dad32aa5e4d6378564edff049a37ab8/CIVILIZATIONAL_SEED.md,Initial commit
2026-07-06T17:31:10Z,2026-07-07T01:31:10+08:00,VERIFIED_TRUE,local public git mirror,GITHUB_COMMIT_FILE,lkminiPhantomWorld/welcome,A CONTEXT_GUARDIAN.md,Kevin Yang / committer GitHub,CONTEXT_GUARDIAN.md,8abd89f80dad32aa5e4d6378564edff049a37ab8,,https://github.com/lkminiPhantomWorld/welcome/blob/8abd89f80dad32aa5e4d6378564edff049a37ab8/CONTEXT_GUARDIAN.md,Initial commit
2026-07-06T17:31:10Z,2026-07-07T01:31:10+08:00,VERIFIED_TRUE,local public git mirror,GITHUB_COMMIT_FILE,lkminiPhantomWorld/welcome,A CONTRIBUTING.md,Kevin Yang / committer GitHub,CONTRIBUTING.md,8abd89f80dad32aa5e4d6378564edff049a37ab8,,https://github.com/lkminiPhantomWorld/welcome/blob/8abd89f80dad32aa5e4d6378564edff049a37ab8/CONTRIBUTING.md,Initial commit
2026-07-06T17:31:10Z,2026-07-07T01:31:10+08:00,VERIFIED_TRUE,local public git mirror,GITHUB_COMMIT_FILE,lkminiPhantomWorld/welcome,A ETERNAL_CORE_POLICY.md,Kevin Yang / committer GitHub,ETERNAL_CORE_POLICY.md,8abd89f80dad32aa5e4d6378564edff049a37ab8,,https://github.com/lkminiPhantomWorld/welcome/blob/8abd89f80dad32aa5e4d6378564edff049a37ab8/ETERNAL_CORE_POLICY.md,Initial commit
2026-07-06T17:31:10Z,2026-07-07T01:31:10+08:00,VERIFIED_TRUE,local public git mirror,GITHUB_COMMIT_FILE,lkminiPhantomWorld/welcome,A GARBAGE_GOVERNANCE.md,Kevin Yang / committer GitHub,GARBAGE_GOVERNANCE.md,8abd89f80dad32aa5e4d6378564edff049a37ab8,,https://github.com/lkminiPhantomWorld/welcome/blob/8abd89f80dad32aa5e4d6378564edff049a37ab8/GARBAGE_GOVERNANCE.md,Initial commit
2026-07-06T17:31:10Z,2026-07-07T01:31:10+08:00,VERIFIED_TRUE,local public git mirror,GITHUB_COMMIT_FILE,lkminiPhantomWorld/welcome,A GOVERNANCE.md,Kevin Yang / committer GitHub,GOVERNANCE.md,8abd89f80dad32aa5e4d6378564edff049a37ab8,,https://github.com/lkminiPhantomWorld/welcome/blob/8abd89f80dad32aa5e4d6378564edff049a37ab8/GOVERNANCE.md,Initial commit
2026-07-06T17:31:10Z,2026-07-07T01:31:10+08:00,VERIFIED_TRUE,local public git mirror,GITHUB_COMMIT_FILE,lkminiPhantomWorld/welcome,A HOW_TO_READ_THIS.md,Kevin Yang / committer GitHub,HOW_TO_READ_THIS.md,8abd89f80dad32aa5e4d6378564edff049a37ab8,,https://github.com/lkminiPhantomWorld/welcome/blob/8abd89f80dad32aa5e4d6378564edff049a37ab8/HOW_TO_READ_THIS.md,Initial commit
2026-07-06T17:31:10Z,2026-07-07T01:31:10+08:00,VERIFIED_TRUE,local public git mirror,GITHUB_COMMIT_FILE,lkminiPhantomWorld/welcome,A INTERPRETATION_BOUNDARY.md,Kevin Yang / committer GitHub,INTERPRETATION_BOUNDARY.md,8abd89f80dad32aa5e4d6378564edff049a37ab8,,https://github.com/lkminiPhantomWorld/welcome/blob/8abd89f80dad32aa5e4d6378564edff049a37ab8/INTERPRETATION_BOUNDARY.md,Initial commit
2026-07-06T17:31:10Z,2026-07-07T01:31:10+08:00,VERIFIED_TRUE,local public git mirror,GITHUB_COMMIT_FILE,lkminiPhantomWorld/welcome,A LICENSE,Kevin Yang / committer GitHub,LICENSE,8abd89f80dad32aa5e4d6378564edff049a37ab8,,https://github.com/lkminiPhantomWorld/welcome/blob/8abd89f80dad32aa5e4d6378564edff049a37ab8/LICENSE,Initial commit
2026-07-06T17:31:10Z,2026-07-07T01:31:10+08:00,VERIFIED_TRUE,local public git mirror,GITHUB_COMMIT_FILE,lkminiPhantomWorld/welcome,A LINEAGE.md,Kevin Yang / committer GitHub,LINEAGE.md,8abd89f80dad32aa5e4d6378564edff049a37ab8,,https://github.com/lkminiPhantomWorld/welcome/blob/8abd89f80dad32aa5e4d6378564edff049a37ab8/LINEAGE.md,Initial commit
2026-07-06T17:31:10Z,2026-07-07T01:31:10+08:00,VERIFIED_TRUE,local public git mirror,GITHUB_COMMIT_FILE,lkminiPhantomWorld/welcome,A LKMini.svg,Kevin Yang / committer GitHub,LKMini.svg,8abd89f80dad32aa5e4d6378564edff049a37ab8,,https://github.com/lkminiPhantomWorld/welcome/blob/8abd89f80dad32aa5e4d6378564edff049a37ab8/LKMini.svg,Initial commit
2026-07-06T17:31:10Z,2026-07-07T01:31:10+08:00,VERIFIED_TRUE,local public git mirror,GITHUB_COMMIT_FILE,lkminiPhantomWorld/welcome,A LOCATOR.json,Kevin Yang / committer GitHub,LOCATOR.json,8abd89f80dad32aa5e4d6378564edff049a37ab8,,https://github.com/lkminiPhantomWorld/welcome/blob/8abd89f80dad32aa5e4d6378564edff049a37ab8/LOCATOR.json,Initial commit
2026-07-06T17:31:10Z,2026-07-07T01:31:10+08:00,VERIFIED_TRUE,local public git mirror,GITHUB_COMMIT_FILE,lkminiPhantomWorld/welcome,A MANIFEST,Kevin Yang / committer GitHub,MANIFEST,8abd89f80dad32aa5e4d6378564edff049a37ab8,,https://github.com/lkminiPhantomWorld/welcome/blob/8abd89f80dad32aa5e4d6378564edff049a37ab8/MANIFEST,Initial commit
2026-07-06T17:31:10Z,2026-07-07T01:31:10+08:00,VERIFIED_TRUE,local public git mirror,GITHUB_COMMIT_FILE,lkminiPhantomWorld/welcome,A MANIFEST.json,Kevin Yang / committer GitHub,MANIFEST.json,8abd89f80dad32aa5e4d6378564edff049a37ab8,,https://github.com/lkminiPhantomWorld/welcome/blob/8abd89f80dad32aa5e4d6378564edff049a37ab8/MANIFEST.json,Initial commit
2026-07-06T17:31:10Z,2026-07-07T01:31:10+08:00,VERIFIED_TRUE,local public git mirror,GITHUB_COMMIT_FILE,lkminiPhantomWorld/welcome,A MEANING_PRESERVATION.md,Kevin Yang / committer GitHub,MEANING_PRESERVATION.md,8abd89f80dad32aa5e4d6378564edff049a37ab8,,https://github.com/lkminiPhantomWorld/welcome/blob/8abd89f80dad32aa5e4d6378564edff049a37ab8/MEANING_PRESERVATION.md,Initial commit
2026-07-06T17:31:10Z,2026-07-07T01:31:10+08:00,VERIFIED_TRUE,local public git mirror,GITHUB_COMMIT_FILE,lkminiPhantomWorld/welcome,A NOTICE,Kevin Yang / committer GitHub,NOTICE,8abd89f80dad32aa5e4d6378564edff049a37ab8,,https://github.com/lkminiPhantomWorld/welcome/blob/8abd89f80dad32aa5e4d6378564edff049a37ab8/NOTICE,Initial commit
2026-07-06T17:31:10Z,2026-07-07T01:31:10+08:00,VERIFIED_TRUE,local public git mirror,GITHUB_COMMIT_FILE,lkminiPhantomWorld/welcome,A NOTICE.md,Kevin Yang / committer GitHub,NOTICE.md,8abd89f80dad32aa5e4d6378564edff049a37ab8,,https://github.com/lkminiPhantomWorld/welcome/blob/8abd89f80dad32aa5e4d6378564edff049a37ab8/NOTICE.md,Initial commit
2026-07-06T17:31:10Z,2026-07-07T01:31:10+08:00,VERIFIED_TRUE,local public git mirror,GITHUB_COMMIT_FILE,lkminiPhantomWorld/welcome,A PHILOSOPHY.md,Kevin Yang / committer GitHub,PHILOSOPHY.md,8abd89f80dad32aa5e4d6378564edff049a37ab8,,https://github.com/lkminiPhantomWorld/welcome/blob/8abd89f80dad32aa5e4d6378564edff049a37ab8/PHILOSOPHY.md,Initial commit
2026-07-06T17:31:10Z,2026-07-07T01:31:10+08:00,VERIFIED_TRUE,local public git mirror,GITHUB_COMMIT_FILE,lkminiPhantomWorld/welcome,A PUBLIC_PRIVATE_BOUNDARY.md,Kevin Yang / committer GitHub,PUBLIC_PRIVATE_BOUNDARY.md,8abd89f80dad32aa5e4d6378564edff049a37ab8,,https://github.com/lkminiPhantomWorld/welcome/blob/8abd89f80dad32aa5e4d6378564edff049a37ab8/PUBLIC_PRIVATE_BOUNDARY.md,Initial commit
2026-07-06T17:31:10Z,2026-07-07T01:31:10+08:00,VERIFIED_TRUE,local public git mirror,GITHUB_COMMIT_FILE,lkminiPhantomWorld/welcome,A README.md,Kevin Yang / committer GitHub,README.md,8abd89f80dad32aa5e4d6378564edff049a37ab8,,https://github.com/lkminiPhantomWorld/welcome/blob/8abd89f80dad32aa5e4d6378564edff049a37ab8/README.md,Initial commit
2026-07-06T17:31:10Z,2026-07-07T01:31:10+08:00,VERIFIED_TRUE,local public git mirror,GITHUB_COMMIT_FILE,lkminiPhantomWorld/welcome,A RESTORE.md,Kevin Yang / committer GitHub,RESTORE.md,8abd89f80dad32aa5e4d6378564edff049a37ab8,,https://github.com/lkminiPhantomWorld/welcome/blob/8abd89f80dad32aa5e4d6378564edff049a37ab8/RESTORE.md,Initial commit
2026-07-06T17:31:10Z,2026-07-07T01:31:10+08:00,VERIFIED_TRUE,local public git mirror,GITHUB_COMMIT_FILE,lkminiPhantomWorld/welcome,A ReverseChain.json,Kevin Yang / committer GitHub,ReverseChain.json,8abd89f80dad32aa5e4d6378564edff049a37ab8,,https://github.com/lkminiPhantomWorld/welcome/blob/8abd89f80dad32aa5e4d6378564edff049a37ab8/ReverseChain.json,Initial commit
2026-07-06T17:31:10Z,2026-07-07T01:31:10+08:00,VERIFIED_TRUE,local public git mirror,GITHUB_COMMIT_FILE,lkminiPhantomWorld/welcome,A SEAL.md,Kevin Yang / committer GitHub,SEAL.md,8abd89f80dad32aa5e4d6378564edff049a37ab8,,https://github.com/lkminiPhantomWorld/welcome/blob/8abd89f80dad32aa5e4d6378564edff049a37ab8/SEAL.md,Initial commit
2026-07-06T17:31:10Z,2026-07-07T01:31:10+08:00,VERIFIED_TRUE,local public git mirror,GITHUB_COMMIT_FILE,lkminiPhantomWorld/welcome,A SECURITY.md,Kevin Yang / committer GitHub,SECURITY.md,8abd89f80dad32aa5e4d6378564edff049a37ab8,,https://github.com/lkminiPhantomWorld/welcome/blob/8abd89f80dad32aa5e4d6378564edff049a37ab8/SECURITY.md,Initial commit
2026-07-06T17:31:10Z,2026-07-07T01:31:10+08:00,VERIFIED_TRUE,local public git mirror,GITHUB_COMMIT_FILE,lkminiPhantomWorld/welcome,A SEMANTIC_ARCHITECTURE.md,Kevin Yang / committer GitHub,SEMANTIC_ARCHITECTURE.md,8abd89f80dad32aa5e4d6378564edff049a37ab8,,https://github.com/lkminiPhantomWorld/welcome/blob/8abd89f80dad32aa5e4d6378564edff049a37ab8/SEMANTIC_ARCHITECTURE.md,Initial commit
2026-07-06T17:31:10Z,2026-07-07T01:31:10+08:00,VERIFIED_TRUE,local public git mirror,GITHUB_COMMIT_FILE,lkminiPhantomWorld/welcome,A SEMANTIC_INTEGRITY.md,Kevin Yang / committer GitHub,SEMANTIC_INTEGRITY.md,8abd89f80dad32aa5e4d6378564edff049a37ab8,,https://github.com/lkminiPhantomWorld/welcome/blob/8abd89f80dad32aa5e4d6378564edff049a37ab8/SEMANTIC_INTEGRITY.md,Initial commit
2026-07-06T17:31:10Z,2026-07-07T01:31:10+08:00,VERIFIED_TRUE,local public git mirror,GITHUB_COMMIT_FILE,lkminiPhantomWorld/welcome,A SHA256SUMS,Kevin Yang / committer GitHub,SHA256SUMS,8abd89f80dad32aa5e4d6378564edff049a37ab8,,https://github.com/lkminiPhantomWorld/welcome/blob/8abd89f80dad32aa5e4d6378564edff049a37ab8/SHA256SUMS,Initial commit
2026-07-06T17:31:10Z,2026-07-07T01:31:10+08:00,VERIFIED_TRUE,local public git mirror,GITHUB_COMMIT_FILE,lkminiPhantomWorld/welcome,A SNAPSHOT.json,Kevin Yang / committer GitHub,SNAPSHOT.json,8abd89f80dad32aa5e4d6378564edff049a37ab8,,https://github.com/lkminiPhantomWorld/welcome/blob/8abd89f80dad32aa5e4d6378564edff049a37ab8/SNAPSHOT.json,Initial commit
2026-07-06T17:31:10Z,2026-07-07T01:31:10+08:00,VERIFIED_TRUE,local public git mirror,GITHUB_COMMIT_FILE,lkminiPhantomWorld/welcome,A SYSTEM_STATE.md,Kevin Yang / committer GitHub,SYSTEM_STATE.md,8abd89f80dad32aa5e4d6378564edff049a37ab8,,https://github.com/lkminiPhantomWorld/welcome/blob/8abd89f80dad32aa5e4d6378564edff049a37ab8/SYSTEM_STATE.md,Initial commit
2026-07-06T17:31:10Z,2026-07-07T01:31:10+08:00,VERIFIED_TRUE,local public git mirror,GITHUB_COMMIT_FILE,lkminiPhantomWorld/welcome,A THREAT_MODEL.md,Kevin Yang / committer GitHub,THREAT_MODEL.md,8abd89f80dad32aa5e4d6378564edff049a37ab8,,https://github.com/lkminiPhantomWorld/welcome/blob/8abd89f80dad32aa5e4d6378564edff049a37ab8/THREAT_MODEL.md,Initial commit
2026-07-06T17:31:10Z,2026-07-07T01:31:10+08:00,VERIFIED_TRUE,local public git mirror,GITHUB_COMMIT_FILE,lkminiPhantomWorld/welcome,A VERSION.md,Kevin Yang / committer GitHub,VERSION.md,8abd89f80dad32aa5e4d6378564edff049a37ab8,,https://github.com/lkminiPhantomWorld/welcome/blob/8abd89f80dad32aa5e4d6378564edff049a37ab8/VERSION.md,Initial commit
2026-07-06T17:31:10Z,2026-07-07T01:31:10+08:00,VERIFIED_TRUE,local public git mirror,GITHUB_COMMIT_FILE,lkminiPhantomWorld/welcome,A assets/banner-guardian.svg,Kevin Yang / committer GitHub,assets/banner-guardian.svg,8abd89f80dad32aa5e4d6378564edff049a37ab8,,https://github.com/lkminiPhantomWorld/welcome/blob/8abd89f80dad32aa5e4d6378564edff049a37ab8/assets/banner-guardian.svg,Initial commit
2026-07-06T17:31:10Z,2026-07-07T01:31:10+08:00,VERIFIED_TRUE,local public git mirror,GITHUB_COMMIT_FILE,lkminiPhantomWorld/welcome,A assets/banner-math-zhuyin.jpeg,Kevin Yang / committer GitHub,assets/banner-math-zhuyin.jpeg,8abd89f80dad32aa5e4d6378564edff049a37ab8,,https://github.com/lkminiPhantomWorld/welcome/blob/8abd89f80dad32aa5e4d6378564edff049a37ab8/assets/banner-math-zhuyin.jpeg,Initial commit
2026-07-06T17:31:10Z,2026-07-07T01:31:10+08:00,VERIFIED_TRUE,local public git mirror,GITHUB_COMMIT_FILE,lkminiPhantomWorld/welcome,A assets/banner-math-zhuyin.svg,Kevin Yang / committer GitHub,assets/banner-math-zhuyin.svg,8abd89f80dad32aa5e4d6378564edff049a37ab8,,https://github.com/lkminiPhantomWorld/welcome/blob/8abd89f80dad32aa5e4d6378564edff049a37ab8/assets/banner-math-zhuyin.svg,Initial commit
2026-07-06T17:31:10Z,2026-07-07T01:31:10+08:00,VERIFIED_TRUE,local public git mirror,GITHUB_COMMIT_FILE,lkminiPhantomWorld/welcome,A assets/banner-math.svg,Kevin Yang / committer GitHub,assets/banner-math.svg,8abd89f80dad32aa5e4d6378564edff049a37ab8,,https://github.com/lkminiPhantomWorld/welcome/blob/8abd89f80dad32aa5e4d6378564edff049a37ab8/assets/banner-math.svg,Initial commit
2026-07-06T17:31:10Z,2026-07-07T01:31:10+08:00,VERIFIED_TRUE,local public git mirror,GITHUB_COMMIT_FILE,lkminiPhantomWorld/welcome,A assets/banner-poo-guardian.jpeg,Kevin Yang / committer GitHub,assets/banner-poo-guardian.jpeg,8abd89f80dad32aa5e4d6378564edff049a37ab8,,https://github.com/lkminiPhantomWorld/welcome/blob/8abd89f80dad32aa5e4d6378564edff049a37ab8/assets/banner-poo-guardian.jpeg,Initial commit
2026-07-06T17:31:10Z,2026-07-07T01:31:10+08:00,VERIFIED_TRUE,local public git mirror,GITHUB_COMMIT_FILE,lkminiPhantomWorld/welcome,A assets/banner-poo-guardian.svg,Kevin Yang / committer GitHub,assets/banner-poo-guardian.svg,8abd89f80dad32aa5e4d6378564edff049a37ab8,,https://github.com/lkminiPhantomWorld/welcome/blob/8abd89f80dad32aa5e4d6378564edff049a37ab8/assets/banner-poo-guardian.svg,Initial commit
2026-07-06T17:31:10Z,2026-07-07T01:31:10+08:00,VERIFIED_TRUE,local public git mirror,GITHUB_COMMIT_FILE,lkminiPhantomWorld/welcome,A index.html,Kevin Yang / committer GitHub,index.html,8abd89f80dad32aa5e4d6378564edff049a37ab8,,https://github.com/lkminiPhantomWorld/welcome/blob/8abd89f80dad32aa5e4d6378564edff049a37ab8/index.html,Initial commit
2026-07-06T17:31:10Z,2026-07-07T01:31:10+08:00,VERIFIED_TRUE,local public git mirror,GITHUB_COMMIT_FILE,lkminiPhantomWorld/welcome,A install-hooks.sh,Kevin Yang / committer GitHub,install-hooks.sh,8abd89f80dad32aa5e4d6378564edff049a37ab8,,https://github.com/lkminiPhantomWorld/welcome/blob/8abd89f80dad32aa5e4d6378564edff049a37ab8/install-hooks.sh,Initial commit
2026-07-06T17:31:10Z,2026-07-07T01:31:10+08:00,VERIFIED_TRUE,local public git mirror,GITHUB_COMMIT_FILE,lkminiPhantomWorld/welcome,A tools/banners-backup.html,Kevin Yang / committer GitHub,tools/banners-backup.html,8abd89f80dad32aa5e4d6378564edff049a37ab8,,https://github.com/lkminiPhantomWorld/welcome/blob/8abd89f80dad32aa5e4d6378564edff049a37ab8/tools/banners-backup.html,Initial commit
2026-07-06T17:31:10Z,2026-07-07T01:31:10+08:00,VERIFIED_TRUE,local public git mirror,GITHUB_COMMIT_FILE,lkminiPhantomWorld/welcome,A tools/math-zhuyin-vertical.html,Kevin Yang / committer GitHub,tools/math-zhuyin-vertical.html,8abd89f80dad32aa5e4d6378564edff049a37ab8,,https://github.com/lkminiPhantomWorld/welcome/blob/8abd89f80dad32aa5e4d6378564edff049a37ab8/tools/math-zhuyin-vertical.html,Initial commit
2026-07-06T17:31:10Z,2026-07-07T01:31:10+08:00,VERIFIED_TRUE,local public git mirror,GITHUB_COMMIT_FILE,lkminiPhantomWorld/welcome,A tools/package_seed.py,Kevin Yang / committer GitHub,tools/package_seed.py,8abd89f80dad32aa5e4d6378564edff049a37ab8,,https://github.com/lkminiPhantomWorld/welcome/blob/8abd89f80dad32aa5e4d6378564edff049a37ab8/tools/package_seed.py,Initial commit
2026-07-06T17:31:10Z,2026-07-07T01:31:10+08:00,VERIFIED_TRUE,local public git mirror,GITHUB_COMMIT_FILE,lkminiPhantomWorld/welcome,A tools/rename_md_by_h1.py,Kevin Yang / committer GitHub,tools/rename_md_by_h1.py,8abd89f80dad32aa5e4d6378564edff049a37ab8,,https://github.com/lkminiPhantomWorld/welcome/blob/8abd89f80dad32aa5e4d6378564edff049a37ab8/tools/rename_md_by_h1.py,Initial commit
2026-07-06T17:31:10Z,2026-07-07T01:31:10+08:00,VERIFIED_TRUE,local public git mirror,GITHUB_COMMIT_FILE,lkminiPhantomWorld/welcome,A tools/verify_lkmini.py,Kevin Yang / committer GitHub,tools/verify_lkmini.py,8abd89f80dad32aa5e4d6378564edff049a37ab8,,https://github.com/lkminiPhantomWorld/welcome/blob/8abd89f80dad32aa5e4d6378564edff049a37ab8/tools/verify_lkmini.py,Initial commit
2026-07-06T17:31:10Z,2026-07-07T01:31:10+08:00,VERIFIED_TRUE,local public git mirror,GITHUB_COMMIT_FILE,lkminiPhantomWorld/welcome,A ui/perplexity-role-ui.html,Kevin Yang / committer GitHub,ui/perplexity-role-ui.html,8abd89f80dad32aa5e4d6378564edff049a37ab8,,https://github.com/lkminiPhantomWorld/welcome/blob/8abd89f80dad32aa5e4d6378564edff049a37ab8/ui/perplexity-role-ui.html,Initial commit
2026-07-06T17:31:10Z,2026-07-07T01:31:10+08:00,VERIFIED_TRUE,local public git mirror,GITHUB_COMMIT_FILE,lkminiPhantomWorld/welcome,A verify-integrity.sh,Kevin Yang / committer GitHub,verify-integrity.sh,8abd89f80dad32aa5e4d6378564edff049a37ab8,,https://github.com/lkminiPhantomWorld/welcome/blob/8abd89f80dad32aa5e4d6378564edff049a37ab8/verify-integrity.sh,Initial commit
2026-07-06T17:31:10Z,2026-07-07T01:31:10+08:00,VERIFIED_TRUE,local public git mirror,GITHUB_COMMIT_FILE,lkminiPhantomWorld/welcome,A vpoop/VPoopGuardian_PublicSeed_v1.7.html,Kevin Yang / committer GitHub,vpoop/VPoopGuardian_PublicSeed_v1.7.html,8abd89f80dad32aa5e4d6378564edff049a37ab8,,https://github.com/lkminiPhantomWorld/welcome/blob/8abd89f80dad32aa5e4d6378564edff049a37ab8/vpoop/VPoopGuardian_PublicSeed_v1.7.html,Initial commit
2026-07-06T17:31:10Z,2026-07-07T01:31:10+08:00,VERIFIED_TRUE,local public git mirror,GITHUB_COMMIT_FILE,lkminiPhantomWorld/welcome,A vpoop/VPoopGuardian_PublicSeed_v1.8.html,Kevin Yang / committer GitHub,vpoop/VPoopGuardian_PublicSeed_v1.8.html,8abd89f80dad32aa5e4d6378564edff049a37ab8,,https://github.com/lkminiPhantomWorld/welcome/blob/8abd89f80dad32aa5e4d6378564edff049a37ab8/vpoop/VPoopGuardian_PublicSeed_v1.8.html,Initial commit
2026-07-06T17:31:10Z,2026-07-07T01:31:10+08:00,VERIFIED_TRUE,local public git mirror,GITHUB_COMMIT_FILE,lkminiPhantomWorld/welcome,A vpoop/index.html,Kevin Yang / committer GitHub,vpoop/index.html,8abd89f80dad32aa5e4d6378564edff049a37ab8,,https://github.com/lkminiPhantomWorld/welcome/blob/8abd89f80dad32aa5e4d6378564edff049a37ab8/vpoop/index.html,Initial commit
2026-07-06T17:31:10Z,2026-07-07T01:31:10+08:00,VERIFIED_TRUE,local public git mirror,GITHUB_COMMIT_FILE,lkminiPhantomWorld/welcome,A vpoop/test.txt,Kevin Yang / committer GitHub,vpoop/test.txt,8abd89f80dad32aa5e4d6378564edff049a37ab8,,https://github.com/lkminiPhantomWorld/welcome/blob/8abd89f80dad32aa5e4d6378564edff049a37ab8/vpoop/test.txt,Initial commit
2026-07-06T17:31:11Z,2026-07-07T01:31:11+08:00,VERIFIED_TRUE,local public git mirror,GITHUB_COMMIT_FILE,lkminiPhantomWorld/welcome,A .github/CODEOWNERS,Kevin Yang / committer GitHub,.github/CODEOWNERS,8c704ed68d5bfbc6e27fb12161747f6046fa1d9d,,https://github.com/lkminiPhantomWorld/welcome/blob/8c704ed68d5bfbc6e27fb12161747f6046fa1d9d/.github/CODEOWNERS,Initialize seed_v0
2026-07-06T17:31:11Z,2026-07-07T01:31:11+08:00,VERIFIED_TRUE,local public git mirror,GITHUB_COMMIT_FILE,lkminiPhantomWorld/welcome,A .github/workflows/gatekeeper.yml,Kevin Yang / committer GitHub,.github/workflows/gatekeeper.yml,8c704ed68d5bfbc6e27fb12161747f6046fa1d9d,,https://github.com/lkminiPhantomWorld/welcome/blob/8c704ed68d5bfbc6e27fb12161747f6046fa1d9d/.github/workflows/gatekeeper.yml,Initialize seed_v0
2026-07-06T17:31:11Z,2026-07-07T01:31:11+08:00,VERIFIED_TRUE,local public git mirror,GITHUB_COMMIT_FILE,lkminiPhantomWorld/welcome,A .tags/seed_v0.md,Kevin Yang / committer GitHub,.tags/seed_v0.md,8c704ed68d5bfbc6e27fb12161747f6046fa1d9d,,https://github.com/lkminiPhantomWorld/welcome/blob/8c704ed68d5bfbc6e27fb12161747f6046fa1d9d/.tags/seed_v0.md,Initialize seed_v0
2026-07-06T17:31:11Z,2026-07-07T01:31:11+08:00,VERIFIED_TRUE,local public git mirror,GITHUB_COMMIT_FILE,lkminiPhantomWorld/welcome,A CITATION.cff,Kevin Yang / committer GitHub,CITATION.cff,8c704ed68d5bfbc6e27fb12161747f6046fa1d9d,,https://github.com/lkminiPhantomWorld/welcome/blob/8c704ed68d5bfbc6e27fb12161747f6046fa1d9d/CITATION.cff,Initialize seed_v0
2026-07-06T17:31:11Z,2026-07-07T01:31:11+08:00,VERIFIED_TRUE,local public git mirror,GITHUB_COMMIT_FILE,lkminiPhantomWorld/welcome,A CONTRIBUTING.md,Kevin Yang / committer GitHub,CONTRIBUTING.md,8c704ed68d5bfbc6e27fb12161747f6046fa1d9d,,https://github.com/lkminiPhantomWorld/welcome/blob/8c704ed68d5bfbc6e27fb12161747f6046fa1d9d/CONTRIBUTING.md,Initialize seed_v0
2026-07-06T17:31:11Z,2026-07-07T01:31:11+08:00,VERIFIED_TRUE,local public git mirror,GITHUB_COMMIT_FILE,lkminiPhantomWorld/welcome,A ETERNAL_CORE_POLICY.md,Kevin Yang / committer GitHub,ETERNAL_CORE_POLICY.md,8c704ed68d5bfbc6e27fb12161747f6046fa1d9d,,https://github.com/lkminiPhantomWorld/welcome/blob/8c704ed68d5bfbc6e27fb12161747f6046fa1d9d/ETERNAL_CORE_POLICY.md,Initialize seed_v0
2026-07-06T17:31:11Z,2026-07-07T01:31:11+08:00,VERIFIED_TRUE,local public git mirror,GITHUB_COMMIT_FILE,lkminiPhantomWorld/welcome,A GOVERNANCE.md,Kevin Yang / committer GitHub,GOVERNANCE.md,8c704ed68d5bfbc6e27fb12161747f6046fa1d9d,,https://github.com/lkminiPhantomWorld/welcome/blob/8c704ed68d5bfbc6e27fb12161747f6046fa1d9d/GOVERNANCE.md,Initialize seed_v0
2026-07-06T17:31:11Z,2026-07-07T01:31:11+08:00,VERIFIED_TRUE,local public git mirror,GITHUB_COMMIT_FILE,lkminiPhantomWorld/welcome,A LICENSE,Kevin Yang / committer GitHub,LICENSE,8c704ed68d5bfbc6e27fb12161747f6046fa1d9d,,https://github.com/lkminiPhantomWorld/welcome/blob/8c704ed68d5bfbc6e27fb12161747f6046fa1d9d/LICENSE,Initialize seed_v0
2026-07-06T17:31:11Z,2026-07-07T01:31:11+08:00,VERIFIED_TRUE,local public git mirror,GITHUB_COMMIT_FILE,lkminiPhantomWorld/welcome,A LKMini.svg,Kevin Yang / committer GitHub,LKMini.svg,8c704ed68d5bfbc6e27fb12161747f6046fa1d9d,,https://github.com/lkminiPhantomWorld/welcome/blob/8c704ed68d5bfbc6e27fb12161747f6046fa1d9d/LKMini.svg,Initialize seed_v0
2026-07-06T17:31:11Z,2026-07-07T01:31:11+08:00,VERIFIED_TRUE,local public git mirror,GITHUB_COMMIT_FILE,lkminiPhantomWorld/welcome,A LOCATOR.json,Kevin Yang / committer GitHub,LOCATOR.json,8c704ed68d5bfbc6e27fb12161747f6046fa1d9d,,https://github.com/lkminiPhantomWorld/welcome/blob/8c704ed68d5bfbc6e27fb12161747f6046fa1d9d/LOCATOR.json,Initialize seed_v0
2026-07-06T17:31:11Z,2026-07-07T01:31:11+08:00,VERIFIED_TRUE,local public git mirror,GITHUB_COMMIT_FILE,lkminiPhantomWorld/welcome,A MANIFEST,Kevin Yang / committer GitHub,MANIFEST,8c704ed68d5bfbc6e27fb12161747f6046fa1d9d,,https://github.com/lkminiPhantomWorld/welcome/blob/8c704ed68d5bfbc6e27fb12161747f6046fa1d9d/MANIFEST,Initialize seed_v0
2026-07-06T17:31:11Z,2026-07-07T01:31:11+08:00,VERIFIED_TRUE,local public git mirror,GITHUB_COMMIT_FILE,lkminiPhantomWorld/welcome,A MANIFEST.json,Kevin Yang / committer GitHub,MANIFEST.json,8c704ed68d5bfbc6e27fb12161747f6046fa1d9d,,https://github.com/lkminiPhantomWorld/welcome/blob/8c704ed68d5bfbc6e27fb12161747f6046fa1d9d/MANIFEST.json,Initialize seed_v0
2026-07-06T17:31:11Z,2026-07-07T01:31:11+08:00,VERIFIED_TRUE,local public git mirror,GITHUB_COMMIT_FILE,lkminiPhantomWorld/welcome,A NOTICE,Kevin Yang / committer GitHub,NOTICE,8c704ed68d5bfbc6e27fb12161747f6046fa1d9d,,https://github.com/lkminiPhantomWorld/welcome/blob/8c704ed68d5bfbc6e27fb12161747f6046fa1d9d/NOTICE,Initialize seed_v0
2026-07-06T17:31:11Z,2026-07-07T01:31:11+08:00,VERIFIED_TRUE,local public git mirror,GITHUB_COMMIT_FILE,lkminiPhantomWorld/welcome,A NOTICE.md,Kevin Yang / committer GitHub,NOTICE.md,8c704ed68d5bfbc6e27fb12161747f6046fa1d9d,,https://github.com/lkminiPhantomWorld/welcome/blob/8c704ed68d5bfbc6e27fb12161747f6046fa1d9d/NOTICE.md,Initialize seed_v0
2026-07-06T17:31:11Z,2026-07-07T01:31:11+08:00,VERIFIED_TRUE,local public git mirror,GITHUB_COMMIT_FILE,lkminiPhantomWorld/welcome,A PUBLIC_PRIVATE_BOUNDARY.md,Kevin Yang / committer GitHub,PUBLIC_PRIVATE_BOUNDARY.md,8c704ed68d5bfbc6e27fb12161747f6046fa1d9d,,https://github.com/lkminiPhantomWorld/welcome/blob/8c704ed68d5bfbc6e27fb12161747f6046fa1d9d/PUBLIC_PRIVATE_BOUNDARY.md,Initialize seed_v0
2026-07-06T17:31:11Z,2026-07-07T01:31:11+08:00,VERIFIED_TRUE,local public git mirror,GITHUB_COMMIT_FILE,lkminiPhantomWorld/welcome,A README.md,Kevin Yang / committer GitHub,README.md,8c704ed68d5bfbc6e27fb12161747f6046fa1d9d,,https://github.com/lkminiPhantomWorld/welcome/blob/8c704ed68d5bfbc6e27fb12161747f6046fa1d9d/README.md,Initialize seed_v0
2026-07-06T17:31:11Z,2026-07-07T01:31:11+08:00,VERIFIED_TRUE,local public git mirror,GITHUB_COMMIT_FILE,lkminiPhantomWorld/welcome,A RESTORE.md,Kevin Yang / committer GitHub,RESTORE.md,8c704ed68d5bfbc6e27fb12161747f6046fa1d9d,,https://github.com/lkminiPhantomWorld/welcome/blob/8c704ed68d5bfbc6e27fb12161747f6046fa1d9d/RESTORE.md,Initialize seed_v0
2026-07-06T17:31:11Z,2026-07-07T01:31:11+08:00,VERIFIED_TRUE,local public git mirror,GITHUB_COMMIT_FILE,lkminiPhantomWorld/welcome,A ReverseChain.json,Kevin Yang / committer GitHub,ReverseChain.json,8c704ed68d5bfbc6e27fb12161747f6046fa1d9d,,https://github.com/lkminiPhantomWorld/welcome/blob/8c704ed68d5bfbc6e27fb12161747f6046fa1d9d/ReverseChain.json,Initialize seed_v0
2026-07-06T17:31:11Z,2026-07-07T01:31:11+08:00,VERIFIED_TRUE,local public git mirror,GITHUB_COMMIT_FILE,lkminiPhantomWorld/welcome,A SECURITY.md,Kevin Yang / committer GitHub,SECURITY.md,8c704ed68d5bfbc6e27fb12161747f6046fa1d9d,,https://github.com/lkminiPhantomWorld/welcome/blob/8c704ed68d5bfbc6e27fb12161747f6046fa1d9d/SECURITY.md,Initialize seed_v0
2026-07-06T17:31:11Z,2026-07-07T01:31:11+08:00,VERIFIED_TRUE,local public git mirror,GITHUB_COMMIT_FILE,lkminiPhantomWorld/welcome,A SHA256SUMS,Kevin Yang / committer GitHub,SHA256SUMS,8c704ed68d5bfbc6e27fb12161747f6046fa1d9d,,https://github.com/lkminiPhantomWorld/welcome/blob/8c704ed68d5bfbc6e27fb12161747f6046fa1d9d/SHA256SUMS,Initialize seed_v0
2026-07-06T17:31:11Z,2026-07-07T01:31:11+08:00,VERIFIED_TRUE,local public git mirror,GITHUB_COMMIT_FILE,lkminiPhantomWorld/welcome,A SNAPSHOT.json,Kevin Yang / committer GitHub,SNAPSHOT.json,8c704ed68d5bfbc6e27fb12161747f6046fa1d9d,,https://github.com/lkminiPhantomWorld/welcome/blob/8c704ed68d5bfbc6e27fb12161747f6046fa1d9d/SNAPSHOT.json,Initialize seed_v0
2026-07-06T17:31:11Z,2026-07-07T01:31:11+08:00,VERIFIED_TRUE,local public git mirror,GITHUB_COMMIT_FILE,lkminiPhantomWorld/welcome,A THREAT_MODEL.md,Kevin Yang / committer GitHub,THREAT_MODEL.md,8c704ed68d5bfbc6e27fb12161747f6046fa1d9d,,https://github.com/lkminiPhantomWorld/welcome/blob/8c704ed68d5bfbc6e27fb12161747f6046fa1d9d/THREAT_MODEL.md,Initialize seed_v0
2026-07-06T17:31:11Z,2026-07-07T01:31:11+08:00,VERIFIED_TRUE,local public git mirror,GITHUB_COMMIT_FILE,lkminiPhantomWorld/welcome,A VERSION.md,Kevin Yang / committer GitHub,VERSION.md,8c704ed68d5bfbc6e27fb12161747f6046fa1d9d,,https://github.com/lkminiPhantomWorld/welcome/blob/8c704ed68d5bfbc6e27fb12161747f6046fa1d9d/VERSION.md,Initialize seed_v0
2026-07-06T17:31:11Z,2026-07-07T01:31:11+08:00,VERIFIED_TRUE,local public git mirror,GITHUB_COMMIT_FILE,lkminiPhantomWorld/welcome,A index.html,Kevin Yang / committer GitHub,index.html,8c704ed68d5bfbc6e27fb12161747f6046fa1d9d,,https://github.com/lkminiPhantomWorld/welcome/blob/8c704ed68d5bfbc6e27fb12161747f6046fa1d9d/index.html,Initialize seed_v0
2026-07-06T17:31:11Z,2026-07-07T01:31:11+08:00,VERIFIED_TRUE,local public git mirror,GITHUB_COMMIT_FILE,lkminiPhantomWorld/welcome,A tools/package_seed.py,Kevin Yang / committer GitHub,tools/package_seed.py,8c704ed68d5bfbc6e27fb12161747f6046fa1d9d,,https://github.com/lkminiPhantomWorld/welcome/blob/8c704ed68d5bfbc6e27fb12161747f6046fa1d9d/tools/package_seed.py,Initialize seed_v0
2026-07-06T17:31:11Z,2026-07-07T01:31:11+08:00,VERIFIED_TRUE,local public git mirror,GITHUB_COMMIT_FILE,lkminiPhantomWorld/welcome,A tools/verify_lkmini.py,Kevin Yang / committer GitHub,tools/verify_lkmini.py,8c704ed68d5bfbc6e27fb12161747f6046fa1d9d,,https://github.com/lkminiPhantomWorld/welcome/blob/8c704ed68d5bfbc6e27fb12161747f6046fa1d9d/tools/verify_lkmini.py,Initialize seed_v0
2026-07-06T17:31:13Z,2026-07-07T01:31:13+08:00,VERIFIED_TRUE,local public git mirror,GITHUB_COMMIT_FILE,lkminiPhantomWorld/welcome,A .githooks/pre-commit,Kevin Yang / committer GitHub,.githooks/pre-commit,917d510a230a15681dd5b156089408f307fc35dc,,https://github.com/lkminiPhantomWorld/welcome/blob/917d510a230a15681dd5b156089408f307fc35dc/.githooks/pre-commit,Initialize add-banners
2026-07-06T17:31:13Z,2026-07-07T01:31:13+08:00,VERIFIED_TRUE,local public git mirror,GITHUB_COMMIT_FILE,lkminiPhantomWorld/welcome,A .github/CODEOWNERS,Kevin Yang / committer GitHub,.github/CODEOWNERS,917d510a230a15681dd5b156089408f307fc35dc,,https://github.com/lkminiPhantomWorld/welcome/blob/917d510a230a15681dd5b156089408f307fc35dc/.github/CODEOWNERS,Initialize add-banners
2026-07-06T17:31:13Z,2026-07-07T01:31:13+08:00,VERIFIED_TRUE,local public git mirror,GITHUB_COMMIT_FILE,lkminiPhantomWorld/welcome,A .github/workflows/gatekeeper.yml,Kevin Yang / committer GitHub,.github/workflows/gatekeeper.yml,917d510a230a15681dd5b156089408f307fc35dc,,https://github.com/lkminiPhantomWorld/welcome/blob/917d510a230a15681dd5b156089408f307fc35dc/.github/workflows/gatekeeper.yml,Initialize add-banners
2026-07-06T17:31:13Z,2026-07-07T01:31:13+08:00,VERIFIED_TRUE,local public git mirror,GITHUB_COMMIT_FILE,lkminiPhantomWorld/welcome,A .github/workflows/pages.yml,Kevin Yang / committer GitHub,.github/workflows/pages.yml,917d510a230a15681dd5b156089408f307fc35dc,,https://github.com/lkminiPhantomWorld/welcome/blob/917d510a230a15681dd5b156089408f307fc35dc/.github/workflows/pages.yml,Initialize add-banners
2026-07-06T17:31:13Z,2026-07-07T01:31:13+08:00,VERIFIED_TRUE,local public git mirror,GITHUB_COMMIT_FILE,lkminiPhantomWorld/welcome,A .github/workflows/python-package-conda.yml,Kevin Yang / committer GitHub,.github/workflows/python-package-conda.yml,917d510a230a15681dd5b156089408f307fc35dc,,https://github.com/lkminiPhantomWorld/welcome/blob/917d510a230a15681dd5b156089408f307fc35dc/.github/workflows/python-package-conda.yml,Initialize add-banners
2026-07-06T17:31:13Z,2026-07-07T01:31:13+08:00,VERIFIED_TRUE,local public git mirror,GITHUB_COMMIT_FILE,lkminiPhantomWorld/welcome,A .tags/seed_v0.md,Kevin Yang / committer GitHub,.tags/seed_v0.md,917d510a230a15681dd5b156089408f307fc35dc,,https://github.com/lkminiPhantomWorld/welcome/blob/917d510a230a15681dd5b156089408f307fc35dc/.tags/seed_v0.md,Initialize add-banners
2026-07-06T17:31:13Z,2026-07-07T01:31:13+08:00,VERIFIED_TRUE,local public git mirror,GITHUB_COMMIT_FILE,lkminiPhantomWorld/welcome,A ANCHOR.md,Kevin Yang / committer GitHub,ANCHOR.md,917d510a230a15681dd5b156089408f307fc35dc,,https://github.com/lkminiPhantomWorld/welcome/blob/917d510a230a15681dd5b156089408f307fc35dc/ANCHOR.md,Initialize add-banners
2026-07-06T17:31:13Z,2026-07-07T01:31:13+08:00,VERIFIED_TRUE,local public git mirror,GITHUB_COMMIT_FILE,lkminiPhantomWorld/welcome,A CITATION.cff,Kevin Yang / committer GitHub,CITATION.cff,917d510a230a15681dd5b156089408f307fc35dc,,https://github.com/lkminiPhantomWorld/welcome/blob/917d510a230a15681dd5b156089408f307fc35dc/CITATION.cff,Initialize add-banners
2026-07-06T17:31:13Z,2026-07-07T01:31:13+08:00,VERIFIED_TRUE,local public git mirror,GITHUB_COMMIT_FILE,lkminiPhantomWorld/welcome,A CIVILIZATIONAL_SEED.md,Kevin Yang / committer GitHub,CIVILIZATIONAL_SEED.md,917d510a230a15681dd5b156089408f307fc35dc,,https://github.com/lkminiPhantomWorld/welcome/blob/917d510a230a15681dd5b156089408f307fc35dc/CIVILIZATIONAL_SEED.md,Initialize add-banners
2026-07-06T17:31:13Z,2026-07-07T01:31:13+08:00,VERIFIED_TRUE,local public git mirror,GITHUB_COMMIT_FILE,lkminiPhantomWorld/welcome,A CONTEXT_GUARDIAN.md,Kevin Yang / committer GitHub,CONTEXT_GUARDIAN.md,917d510a230a15681dd5b156089408f307fc35dc,,https://github.com/lkminiPhantomWorld/welcome/blob/917d510a230a15681dd5b156089408f307fc35dc/CONTEXT_GUARDIAN.md,Initialize add-banners
2026-07-06T17:31:13Z,2026-07-07T01:31:13+08:00,VERIFIED_TRUE,local public git mirror,GITHUB_COMMIT_FILE,lkminiPhantomWorld/welcome,A CONTRIBUTING.md,Kevin Yang / committer GitHub,CONTRIBUTING.md,917d510a230a15681dd5b156089408f307fc35dc,,https://github.com/lkminiPhantomWorld/welcome/blob/917d510a230a15681dd5b156089408f307fc35dc/CONTRIBUTING.md,Initialize add-banners
2026-07-06T17:31:13Z,2026-07-07T01:31:13+08:00,VERIFIED_TRUE,local public git mirror,GITHUB_COMMIT_FILE,lkminiPhantomWorld/welcome,A ETERNAL_CORE_POLICY.md,Kevin Yang / committer GitHub,ETERNAL_CORE_POLICY.md,917d510a230a15681dd5b156089408f307fc35dc,,https://github.com/lkminiPhantomWorld/welcome/blob/917d510a230a15681dd5b156089408f307fc35dc/ETERNAL_CORE_POLICY.md,Initialize add-banners
2026-07-06T17:31:13Z,2026-07-07T01:31:13+08:00,VERIFIED_TRUE,local public git mirror,GITHUB_COMMIT_FILE,lkminiPhantomWorld/welcome,A GARBAGE_GOVERNANCE.md,Kevin Yang / committer GitHub,GARBAGE_GOVERNANCE.md,917d510a230a15681dd5b156089408f307fc35dc,,https://github.com/lkminiPhantomWorld/welcome/blob/917d510a230a15681dd5b156089408f307fc35dc/GARBAGE_GOVERNANCE.md,Initialize add-banners
2026-07-06T17:31:13Z,2026-07-07T01:31:13+08:00,VERIFIED_TRUE,local public git mirror,GITHUB_COMMIT_FILE,lkminiPhantomWorld/welcome,A GOVERNANCE.md,Kevin Yang / committer GitHub,GOVERNANCE.md,917d510a230a15681dd5b156089408f307fc35dc,,https://github.com/lkminiPhantomWorld/welcome/blob/917d510a230a15681dd5b156089408f307fc35dc/GOVERNANCE.md,Initialize add-banners
2026-07-06T17:31:13Z,2026-07-07T01:31:13+08:00,VERIFIED_TRUE,local public git mirror,GITHUB_COMMIT_FILE,lkminiPhantomWorld/welcome,A HOW_TO_READ_THIS.md,Kevin Yang / committer GitHub,HOW_TO_READ_THIS.md,917d510a230a15681dd5b156089408f307fc35dc,,https://github.com/lkminiPhantomWorld/welcome/blob/917d510a230a15681dd5b156089408f307fc35dc/HOW_TO_READ_THIS.md,Initialize add-banners
2026-07-06T17:31:13Z,2026-07-07T01:31:13+08:00,VERIFIED_TRUE,local public git mirror,GITHUB_COMMIT_FILE,lkminiPhantomWorld/welcome,A INTERPRETATION_BOUNDARY.md,Kevin Yang / committer GitHub,INTERPRETATION_BOUNDARY.md,917d510a230a15681dd5b156089408f307fc35dc,,https://github.com/lkminiPhantomWorld/welcome/blob/917d510a230a15681dd5b156089408f307fc35dc/INTERPRETATION_BOUNDARY.md,Initialize add-banners
2026-07-06T17:31:13Z,2026-07-07T01:31:13+08:00,VERIFIED_TRUE,local public git mirror,GITHUB_COMMIT_FILE,lkminiPhantomWorld/welcome,A LICENSE,Kevin Yang / committer GitHub,LICENSE,917d510a230a15681dd5b156089408f307fc35dc,,https://github.com/lkminiPhantomWorld/welcome/blob/917d510a230a15681dd5b156089408f307fc35dc/LICENSE,Initialize add-banners
2026-07-06T17:31:13Z,2026-07-07T01:31:13+08:00,VERIFIED_TRUE,local public git mirror,GITHUB_COMMIT_FILE,lkminiPhantomWorld/welcome,A LINEAGE.md,Kevin Yang / committer GitHub,LINEAGE.md,917d510a230a15681dd5b156089408f307fc35dc,,https://github.com/lkminiPhantomWorld/welcome/blob/917d510a230a15681dd5b156089408f307fc35dc/LINEAGE.md,Initialize add-banners
2026-07-06T17:31:13Z,2026-07-07T01:31:13+08:00,VERIFIED_TRUE,local public git mirror,GITHUB_COMMIT_FILE,lkminiPhantomWorld/welcome,A LKMini.svg,Kevin Yang / committer GitHub,LKMini.svg,917d510a230a15681dd5b156089408f307fc35dc,,https://github.com/lkminiPhantomWorld/welcome/blob/917d510a230a15681dd5b156089408f307fc35dc/LKMini.svg,Initialize add-banners
2026-07-06T17:31:13Z,2026-07-07T01:31:13+08:00,VERIFIED_TRUE,local public git mirror,GITHUB_COMMIT_FILE,lkminiPhantomWorld/welcome,A LOCATOR.json,Kevin Yang / committer GitHub,LOCATOR.json,917d510a230a15681dd5b156089408f307fc35dc,,https://github.com/lkminiPhantomWorld/welcome/blob/917d510a230a15681dd5b156089408f307fc35dc/LOCATOR.json,Initialize add-banners
2026-07-06T17:31:13Z,2026-07-07T01:31:13+08:00,VERIFIED_TRUE,local public git mirror,GITHUB_COMMIT_FILE,lkminiPhantomWorld/welcome,A MANIFEST,Kevin Yang / committer GitHub,MANIFEST,917d510a230a15681dd5b156089408f307fc35dc,,https://github.com/lkminiPhantomWorld/welcome/blob/917d510a230a15681dd5b156089408f307fc35dc/MANIFEST,Initialize add-banners
2026-07-06T17:31:13Z,2026-07-07T01:31:13+08:00,VERIFIED_TRUE,local public git mirror,GITHUB_COMMIT_FILE,lkminiPhantomWorld/welcome,A MANIFEST.json,Kevin Yang / committer GitHub,MANIFEST.json,917d510a230a15681dd5b156089408f307fc35dc,,https://github.com/lkminiPhantomWorld/welcome/blob/917d510a230a15681dd5b156089408f307fc35dc/MANIFEST.json,Initialize add-banners
2026-07-06T17:31:13Z,2026-07-07T01:31:13+08:00,VERIFIED_TRUE,local public git mirror,GITHUB_COMMIT_FILE,lkminiPhantomWorld/welcome,A MEANING_PRESERVATION.md,Kevin Yang / committer GitHub,MEANING_PRESERVATION.md,917d510a230a15681dd5b156089408f307fc35dc,,https://github.com/lkminiPhantomWorld/welcome/blob/917d510a230a15681dd5b156089408f307fc35dc/MEANING_PRESERVATION.md,Initialize add-banners
2026-07-06T17:31:13Z,2026-07-07T01:31:13+08:00,VERIFIED_TRUE,local public git mirror,GITHUB_COMMIT_FILE,lkminiPhantomWorld/welcome,A NOTICE,Kevin Yang / committer GitHub,NOTICE,917d510a230a15681dd5b156089408f307fc35dc,,https://github.com/lkminiPhantomWorld/welcome/blob/917d510a230a15681dd5b156089408f307fc35dc/NOTICE,Initialize add-banners
2026-07-06T17:31:13Z,2026-07-07T01:31:13+08:00,VERIFIED_TRUE,local public git mirror,GITHUB_COMMIT_FILE,lkminiPhantomWorld/welcome,A NOTICE.md,Kevin Yang / committer GitHub,NOTICE.md,917d510a230a15681dd5b156089408f307fc35dc,,https://github.com/lkminiPhantomWorld/welcome/blob/917d510a230a15681dd5b156089408f307fc35dc/NOTICE.md,Initialize add-banners
2026-07-06T17:31:13Z,2026-07-07T01:31:13+08:00,VERIFIED_TRUE,local public git mirror,GITHUB_COMMIT_FILE,lkminiPhantomWorld/welcome,A PHILOSOPHY.md,Kevin Yang / committer GitHub,PHILOSOPHY.md,917d510a230a15681dd5b156089408f307fc35dc,,https://github.com/lkminiPhantomWorld/welcome/blob/917d510a230a15681dd5b156089408f307fc35dc/PHILOSOPHY.md,Initialize add-banners
2026-07-06T17:31:13Z,2026-07-07T01:31:13+08:00,VERIFIED_TRUE,local public git mirror,GITHUB_COMMIT_FILE,lkminiPhantomWorld/welcome,A PUBLIC_PRIVATE_BOUNDARY.md,Kevin Yang / committer GitHub,PUBLIC_PRIVATE_BOUNDARY.md,917d510a230a15681dd5b156089408f307fc35dc,,https://github.com/lkminiPhantomWorld/welcome/blob/917d510a230a15681dd5b156089408f307fc35dc/PUBLIC_PRIVATE_BOUNDARY.md,Initialize add-banners
2026-07-06T17:31:13Z,2026-07-07T01:31:13+08:00,VERIFIED_TRUE,local public git mirror,GITHUB_COMMIT_FILE,lkminiPhantomWorld/welcome,A README.md,Kevin Yang / committer GitHub,README.md,917d510a230a15681dd5b156089408f307fc35dc,,https://github.com/lkminiPhantomWorld/welcome/blob/917d510a230a15681dd5b156089408f307fc35dc/README.md,Initialize add-banners
2026-07-06T17:31:13Z,2026-07-07T01:31:13+08:00,VERIFIED_TRUE,local public git mirror,GITHUB_COMMIT_FILE,lkminiPhantomWorld/welcome,A RESTORE.md,Kevin Yang / committer GitHub,RESTORE.md,917d510a230a15681dd5b156089408f307fc35dc,,https://github.com/lkminiPhantomWorld/welcome/blob/917d510a230a15681dd5b156089408f307fc35dc/RESTORE.md,Initialize add-banners
2026-07-06T17:31:13Z,2026-07-07T01:31:13+08:00,VERIFIED_TRUE,local public git mirror,GITHUB_COMMIT_FILE,lkminiPhantomWorld/welcome,A ReverseChain.json,Kevin Yang / committer GitHub,ReverseChain.json,917d510a230a15681dd5b156089408f307fc35dc,,https://github.com/lkminiPhantomWorld/welcome/blob/917d510a230a15681dd5b156089408f307fc35dc/ReverseChain.json,Initialize add-banners
2026-07-06T17:31:13Z,2026-07-07T01:31:13+08:00,VERIFIED_TRUE,local public git mirror,GITHUB_COMMIT_FILE,lkminiPhantomWorld/welcome,A SEAL.md,Kevin Yang / committer GitHub,SEAL.md,917d510a230a15681dd5b156089408f307fc35dc,,https://github.com/lkminiPhantomWorld/welcome/blob/917d510a230a15681dd5b156089408f307fc35dc/SEAL.md,Initialize add-banners
2026-07-06T17:31:13Z,2026-07-07T01:31:13+08:00,VERIFIED_TRUE,local public git mirror,GITHUB_COMMIT_FILE,lkminiPhantomWorld/welcome,A SECURITY.md,Kevin Yang / committer GitHub,SECURITY.md,917d510a230a15681dd5b156089408f307fc35dc,,https://github.com/lkminiPhantomWorld/welcome/blob/917d510a230a15681dd5b156089408f307fc35dc/SECURITY.md,Initialize add-banners
2026-07-06T17:31:13Z,2026-07-07T01:31:13+08:00,VERIFIED_TRUE,local public git mirror,GITHUB_COMMIT_FILE,lkminiPhantomWorld/welcome,A SEMANTIC_ARCHITECTURE.md,Kevin Yang / committer GitHub,SEMANTIC_ARCHITECTURE.md,917d510a230a15681dd5b156089408f307fc35dc,,https://github.com/lkminiPhantomWorld/welcome/blob/917d510a230a15681dd5b156089408f307fc35dc/SEMANTIC_ARCHITECTURE.md,Initialize add-banners
2026-07-06T17:31:13Z,2026-07-07T01:31:13+08:00,VERIFIED_TRUE,local public git mirror,GITHUB_COMMIT_FILE,lkminiPhantomWorld/welcome,A SEMANTIC_INTEGRITY.md,Kevin Yang / committer GitHub,SEMANTIC_INTEGRITY.md,917d510a230a15681dd5b156089408f307fc35dc,,https://github.com/lkminiPhantomWorld/welcome/blob/917d510a230a15681dd5b156089408f307fc35dc/SEMANTIC_INTEGRITY.md,Initialize add-banners
2026-07-06T17:31:13Z,2026-07-07T01:31:13+08:00,VERIFIED_TRUE,local public git mirror,GITHUB_COMMIT_FILE,lkminiPhantomWorld/welcome,A SHA256SUMS,Kevin Yang / committer GitHub,SHA256SUMS,917d510a230a15681dd5b156089408f307fc35dc,,https://github.com/lkminiPhantomWorld/welcome/blob/917d510a230a15681dd5b156089408f307fc35dc/SHA256SUMS,Initialize add-banners
2026-07-06T17:31:13Z,2026-07-07T01:31:13+08:00,VERIFIED_TRUE,local public git mirror,GITHUB_COMMIT_FILE,lkminiPhantomWorld/welcome,A SNAPSHOT.json,Kevin Yang / committer GitHub,SNAPSHOT.json,917d510a230a15681dd5b156089408f307fc35dc,,https://github.com/lkminiPhantomWorld/welcome/blob/917d510a230a15681dd5b156089408f307fc35dc/SNAPSHOT.json,Initialize add-banners
2026-07-06T17:31:13Z,2026-07-07T01:31:13+08:00,VERIFIED_TRUE,local public git mirror,GITHUB_COMMIT_FILE,lkminiPhantomWorld/welcome,A SYSTEM_STATE.md,Kevin Yang / committer GitHub,SYSTEM_STATE.md,917d510a230a15681dd5b156089408f307fc35dc,,https://github.com/lkminiPhantomWorld/welcome/blob/917d510a230a15681dd5b156089408f307fc35dc/SYSTEM_STATE.md,Initialize add-banners
2026-07-06T17:31:13Z,2026-07-07T01:31:13+08:00,VERIFIED_TRUE,local public git mirror,GITHUB_COMMIT_FILE,lkminiPhantomWorld/welcome,A THREAT_MODEL.md,Kevin Yang / committer GitHub,THREAT_MODEL.md,917d510a230a15681dd5b156089408f307fc35dc,,https://github.com/lkminiPhantomWorld/welcome/blob/917d510a230a15681dd5b156089408f307fc35dc/THREAT_MODEL.md,Initialize add-banners
2026-07-06T17:31:13Z,2026-07-07T01:31:13+08:00,VERIFIED_TRUE,local public git mirror,GITHUB_COMMIT_FILE,lkminiPhantomWorld/welcome,A VERSION.md,Kevin Yang / committer GitHub,VERSION.md,917d510a230a15681dd5b156089408f307fc35dc,,https://github.com/lkminiPhantomWorld/welcome/blob/917d510a230a15681dd5b156089408f307fc35dc/VERSION.md,Initialize add-banners
2026-07-06T17:31:13Z,2026-07-07T01:31:13+08:00,VERIFIED_TRUE,local public git mirror,GITHUB_COMMIT_FILE,lkminiPhantomWorld/welcome,A assets/IMG_0341.jpeg,Kevin Yang / committer GitHub,assets/IMG_0341.jpeg,917d510a230a15681dd5b156089408f307fc35dc,,https://github.com/lkminiPhantomWorld/welcome/blob/917d510a230a15681dd5b156089408f307fc35dc/assets/IMG_0341.jpeg,Initialize add-banners
2026-07-06T17:31:13Z,2026-07-07T01:31:13+08:00,VERIFIED_TRUE,local public git mirror,GITHUB_COMMIT_FILE,lkminiPhantomWorld/welcome,A assets/IMG_0342.jpeg,Kevin Yang / committer GitHub,assets/IMG_0342.jpeg,917d510a230a15681dd5b156089408f307fc35dc,,https://github.com/lkminiPhantomWorld/welcome/blob/917d510a230a15681dd5b156089408f307fc35dc/assets/IMG_0342.jpeg,Initialize add-banners
2026-07-06T17:31:13Z,2026-07-07T01:31:13+08:00,VERIFIED_TRUE,local public git mirror,GITHUB_COMMIT_FILE,lkminiPhantomWorld/welcome,A assets/banner-guardian.svg,Kevin Yang / committer GitHub,assets/banner-guardian.svg,917d510a230a15681dd5b156089408f307fc35dc,,https://github.com/lkminiPhantomWorld/welcome/blob/917d510a230a15681dd5b156089408f307fc35dc/assets/banner-guardian.svg,Initialize add-banners
2026-07-06T17:31:13Z,2026-07-07T01:31:13+08:00,VERIFIED_TRUE,local public git mirror,GITHUB_COMMIT_FILE,lkminiPhantomWorld/welcome,A assets/banner-math-zhuyin.jpeg,Kevin Yang / committer GitHub,assets/banner-math-zhuyin.jpeg,917d510a230a15681dd5b156089408f307fc35dc,,https://github.com/lkminiPhantomWorld/welcome/blob/917d510a230a15681dd5b156089408f307fc35dc/assets/banner-math-zhuyin.jpeg,Initialize add-banners
2026-07-06T17:31:13Z,2026-07-07T01:31:13+08:00,VERIFIED_TRUE,local public git mirror,GITHUB_COMMIT_FILE,lkminiPhantomWorld/welcome,A assets/banner-math-zhuyin.svg,Kevin Yang / committer GitHub,assets/banner-math-zhuyin.svg,917d510a230a15681dd5b156089408f307fc35dc,,https://github.com/lkminiPhantomWorld/welcome/blob/917d510a230a15681dd5b156089408f307fc35dc/assets/banner-math-zhuyin.svg,Initialize add-banners
2026-07-06T17:31:13Z,2026-07-07T01:31:13+08:00,VERIFIED_TRUE,local public git mirror,GITHUB_COMMIT_FILE,lkminiPhantomWorld/welcome,A assets/banner-math.svg,Kevin Yang / committer GitHub,assets/banner-math.svg,917d510a230a15681dd5b156089408f307fc35dc,,https://github.com/lkminiPhantomWorld/welcome/blob/917d510a230a15681dd5b156089408f307fc35dc/assets/banner-math.svg,Initialize add-banners
2026-07-06T17:31:13Z,2026-07-07T01:31:13+08:00,VERIFIED_TRUE,local public git mirror,GITHUB_COMMIT_FILE,lkminiPhantomWorld/welcome,A assets/banner-poo-guardian.jpeg,Kevin Yang / committer GitHub,assets/banner-poo-guardian.jpeg,917d510a230a15681dd5b156089408f307fc35dc,,https://github.com/lkminiPhantomWorld/welcome/blob/917d510a230a15681dd5b156089408f307fc35dc/assets/banner-poo-guardian.jpeg,Initialize add-banners
2026-07-06T17:31:13Z,2026-07-07T01:31:13+08:00,VERIFIED_TRUE,local public git mirror,GITHUB_COMMIT_FILE,lkminiPhantomWorld/welcome,A assets/banner-poo-guardian.svg,Kevin Yang / committer GitHub,assets/banner-poo-guardian.svg,917d510a230a15681dd5b156089408f307fc35dc,,https://github.com/lkminiPhantomWorld/welcome/blob/917d510a230a15681dd5b156089408f307fc35dc/assets/banner-poo-guardian.svg,Initialize add-banners
2026-07-06T17:31:13Z,2026-07-07T01:31:13+08:00,VERIFIED_TRUE,local public git mirror,GITHUB_COMMIT_FILE,lkminiPhantomWorld/welcome,A index.html,Kevin Yang / committer GitHub,index.html,917d510a230a15681dd5b156089408f307fc35dc,,https://github.com/lkminiPhantomWorld/welcome/blob/917d510a230a15681dd5b156089408f307fc35dc/index.html,Initialize add-banners
2026-07-06T17:31:13Z,2026-07-07T01:31:13+08:00,VERIFIED_TRUE,local public git mirror,GITHUB_COMMIT_FILE,lkminiPhantomWorld/welcome,A install-hooks.sh,Kevin Yang / committer GitHub,install-hooks.sh,917d510a230a15681dd5b156089408f307fc35dc,,https://github.com/lkminiPhantomWorld/welcome/blob/917d510a230a15681dd5b156089408f307fc35dc/install-hooks.sh,Initialize add-banners
2026-07-06T17:31:13Z,2026-07-07T01:31:13+08:00,VERIFIED_TRUE,local public git mirror,GITHUB_COMMIT_FILE,lkminiPhantomWorld/welcome,A tools/banners-backup.html,Kevin Yang / committer GitHub,tools/banners-backup.html,917d510a230a15681dd5b156089408f307fc35dc,,https://github.com/lkminiPhantomWorld/welcome/blob/917d510a230a15681dd5b156089408f307fc35dc/tools/banners-backup.html,Initialize add-banners
2026-07-06T17:31:13Z,2026-07-07T01:31:13+08:00,VERIFIED_TRUE,local public git mirror,GITHUB_COMMIT_FILE,lkminiPhantomWorld/welcome,A tools/math-zhuyin-vertical.html,Kevin Yang / committer GitHub,tools/math-zhuyin-vertical.html,917d510a230a15681dd5b156089408f307fc35dc,,https://github.com/lkminiPhantomWorld/welcome/blob/917d510a230a15681dd5b156089408f307fc35dc/tools/math-zhuyin-vertical.html,Initialize add-banners
2026-07-06T17:31:13Z,2026-07-07T01:31:13+08:00,VERIFIED_TRUE,local public git mirror,GITHUB_COMMIT_FILE,lkminiPhantomWorld/welcome,A tools/package_seed.py,Kevin Yang / committer GitHub,tools/package_seed.py,917d510a230a15681dd5b156089408f307fc35dc,,https://github.com/lkminiPhantomWorld/welcome/blob/917d510a230a15681dd5b156089408f307fc35dc/tools/package_seed.py,Initialize add-banners
2026-07-06T17:31:13Z,2026-07-07T01:31:13+08:00,VERIFIED_TRUE,local public git mirror,GITHUB_COMMIT_FILE,lkminiPhantomWorld/welcome,A tools/verify_lkmini.py,Kevin Yang / committer GitHub,tools/verify_lkmini.py,917d510a230a15681dd5b156089408f307fc35dc,,https://github.com/lkminiPhantomWorld/welcome/blob/917d510a230a15681dd5b156089408f307fc35dc/tools/verify_lkmini.py,Initialize add-banners
2026-07-06T17:31:13Z,2026-07-07T01:31:13+08:00,VERIFIED_TRUE,local public git mirror,GITHUB_COMMIT_FILE,lkminiPhantomWorld/welcome,A ui/perplexity-role-ui.html,Kevin Yang / committer GitHub,ui/perplexity-role-ui.html,917d510a230a15681dd5b156089408f307fc35dc,,https://github.com/lkminiPhantomWorld/welcome/blob/917d510a230a15681dd5b156089408f307fc35dc/ui/perplexity-role-ui.html,Initialize add-banners
2026-07-06T17:31:13Z,2026-07-07T01:31:13+08:00,VERIFIED_TRUE,local public git mirror,GITHUB_COMMIT_FILE,lkminiPhantomWorld/welcome,A verify-integrity.sh,Kevin Yang / committer GitHub,verify-integrity.sh,917d510a230a15681dd5b156089408f307fc35dc,,https://github.com/lkminiPhantomWorld/welcome/blob/917d510a230a15681dd5b156089408f307fc35dc/verify-integrity.sh,Initialize add-banners
2026-07-06T17:31:13Z,2026-07-07T01:31:13+08:00,VERIFIED_TRUE,local public git mirror,GITHUB_COMMIT_FILE,lkminiPhantomWorld/welcome,A vpoop/VPoopGuardian_PublicSeed_v1.7.html,Kevin Yang / committer GitHub,vpoop/VPoopGuardian_PublicSeed_v1.7.html,917d510a230a15681dd5b156089408f307fc35dc,,https://github.com/lkminiPhantomWorld/welcome/blob/917d510a230a15681dd5b156089408f307fc35dc/vpoop/VPoopGuardian_PublicSeed_v1.7.html,Initialize add-banners
2026-07-06T17:31:13Z,2026-07-07T01:31:13+08:00,VERIFIED_TRUE,local public git mirror,GITHUB_COMMIT_FILE,lkminiPhantomWorld/welcome,A vpoop/VPoopGuardian_PublicSeed_v1.8.html,Kevin Yang / committer GitHub,vpoop/VPoopGuardian_PublicSeed_v1.8.html,917d510a230a15681dd5b156089408f307fc35dc,,https://github.com/lkminiPhantomWorld/welcome/blob/917d510a230a15681dd5b156089408f307fc35dc/vpoop/VPoopGuardian_PublicSeed_v1.8.html,Initialize add-banners
2026-07-06T17:31:13Z,2026-07-07T01:31:13+08:00,VERIFIED_TRUE,local public git mirror,GITHUB_COMMIT_FILE,lkminiPhantomWorld/welcome,A vpoop/index.html,Kevin Yang / committer GitHub,vpoop/index.html,917d510a230a15681dd5b156089408f307fc35dc,,https://github.com/lkminiPhantomWorld/welcome/blob/917d510a230a15681dd5b156089408f307fc35dc/vpoop/index.html,Initialize add-banners
2026-07-06T17:31:13Z,2026-07-07T01:31:13+08:00,VERIFIED_TRUE,local public git mirror,GITHUB_COMMIT_FILE,lkminiPhantomWorld/welcome,A vpoop/test.txt,Kevin Yang / committer GitHub,vpoop/test.txt,917d510a230a15681dd5b156089408f307fc35dc,,https://github.com/lkminiPhantomWorld/welcome/blob/917d510a230a15681dd5b156089408f307fc35dc/vpoop/test.txt,Initialize add-banners
2026-07-06T17:31:14Z,2026-07-07T01:31:14+08:00,VERIFIED_TRUE,local public git mirror,GITHUB_COMMIT_FILE,lkminiPhantomWorld/welcome,A .githooks/pre-commit,Kevin Yang / committer GitHub,.githooks/pre-commit,70286fa9c062970f52370bbda14d0946e833b235,,https://github.com/lkminiPhantomWorld/welcome/blob/70286fa9c062970f52370bbda14d0946e833b235/.githooks/pre-commit,Initialize copilot/seed-v0-gate-locked
2026-07-06T17:31:14Z,2026-07-07T01:31:14+08:00,VERIFIED_TRUE,local public git mirror,GITHUB_COMMIT_FILE,lkminiPhantomWorld/welcome,A .github/CODEOWNERS,Kevin Yang / committer GitHub,.github/CODEOWNERS,70286fa9c062970f52370bbda14d0946e833b235,,https://github.com/lkminiPhantomWorld/welcome/blob/70286fa9c062970f52370bbda14d0946e833b235/.github/CODEOWNERS,Initialize copilot/seed-v0-gate-locked
2026-07-06T17:31:14Z,2026-07-07T01:31:14+08:00,VERIFIED_TRUE,local public git mirror,GITHUB_COMMIT_FILE,lkminiPhantomWorld/welcome,A .github/workflows/gatekeeper.yml,Kevin Yang / committer GitHub,.github/workflows/gatekeeper.yml,70286fa9c062970f52370bbda14d0946e833b235,,https://github.com/lkminiPhantomWorld/welcome/blob/70286fa9c062970f52370bbda14d0946e833b235/.github/workflows/gatekeeper.yml,Initialize copilot/seed-v0-gate-locked
2026-07-06T17:31:14Z,2026-07-07T01:31:14+08:00,VERIFIED_TRUE,local public git mirror,GITHUB_COMMIT_FILE,lkminiPhantomWorld/welcome,A .github/workflows/pages.yml,Kevin Yang / committer GitHub,.github/workflows/pages.yml,70286fa9c062970f52370bbda14d0946e833b235,,https://github.com/lkminiPhantomWorld/welcome/blob/70286fa9c062970f52370bbda14d0946e833b235/.github/workflows/pages.yml,Initialize copilot/seed-v0-gate-locked
2026-07-06T17:31:14Z,2026-07-07T01:31:14+08:00,VERIFIED_TRUE,local public git mirror,GITHUB_COMMIT_FILE,lkminiPhantomWorld/welcome,A .github/workflows/python-package-conda.yml,Kevin Yang / committer GitHub,.github/workflows/python-package-conda.yml,70286fa9c062970f52370bbda14d0946e833b235,,https://github.com/lkminiPhantomWorld/welcome/blob/70286fa9c062970f52370bbda14d0946e833b235/.github/workflows/python-package-conda.yml,Initialize copilot/seed-v0-gate-locked
2026-07-06T17:31:14Z,2026-07-07T01:31:14+08:00,VERIFIED_TRUE,local public git mirror,GITHUB_COMMIT_FILE,lkminiPhantomWorld/welcome,A .github/workflows/rename-md-h1.yml,Kevin Yang / committer GitHub,.github/workflows/rename-md-h1.yml,70286fa9c062970f52370bbda14d0946e833b235,,https://github.com/lkminiPhantomWorld/welcome/blob/70286fa9c062970f52370bbda14d0946e833b235/.github/workflows/rename-md-h1.yml,Initialize copilot/seed-v0-gate-locked
2026-07-06T17:31:14Z,2026-07-07T01:31:14+08:00,VERIFIED_TRUE,local public git mirror,GITHUB_COMMIT_FILE,lkminiPhantomWorld/welcome,A .tags/seed_v0.md,Kevin Yang / committer GitHub,.tags/seed_v0.md,70286fa9c062970f52370bbda14d0946e833b235,,https://github.com/lkminiPhantomWorld/welcome/blob/70286fa9c062970f52370bbda14d0946e833b235/.tags/seed_v0.md,Initialize copilot/seed-v0-gate-locked
2026-07-06T17:31:14Z,2026-07-07T01:31:14+08:00,VERIFIED_TRUE,local public git mirror,GITHUB_COMMIT_FILE,lkminiPhantomWorld/welcome,A ANCHOR.md,Kevin Yang / committer GitHub,ANCHOR.md,70286fa9c062970f52370bbda14d0946e833b235,,https://github.com/lkminiPhantomWorld/welcome/blob/70286fa9c062970f52370bbda14d0946e833b235/ANCHOR.md,Initialize copilot/seed-v0-gate-locked
2026-07-06T17:31:14Z,2026-07-07T01:31:14+08:00,VERIFIED_TRUE,local public git mirror,GITHUB_COMMIT_FILE,lkminiPhantomWorld/welcome,A CITATION.cff,Kevin Yang / committer GitHub,CITATION.cff,70286fa9c062970f52370bbda14d0946e833b235,,https://github.com/lkminiPhantomWorld/welcome/blob/70286fa9c062970f52370bbda14d0946e833b235/CITATION.cff,Initialize copilot/seed-v0-gate-locked
2026-07-06T17:31:14Z,2026-07-07T01:31:14+08:00,VERIFIED_TRUE,local public git mirror,GITHUB_COMMIT_FILE,lkminiPhantomWorld/welcome,A CIVILIZATIONAL_SEED.md,Kevin Yang / committer GitHub,CIVILIZATIONAL_SEED.md,70286fa9c062970f52370bbda14d0946e833b235,,https://github.com/lkminiPhantomWorld/welcome/blob/70286fa9c062970f52370bbda14d0946e833b235/CIVILIZATIONAL_SEED.md,Initialize copilot/seed-v0-gate-locked
2026-07-06T17:31:14Z,2026-07-07T01:31:14+08:00,VERIFIED_TRUE,local public git mirror,GITHUB_COMMIT_FILE,lkminiPhantomWorld/welcome,A CONTEXT_GUARDIAN.md,Kevin Yang / committer GitHub,CONTEXT_GUARDIAN.md,70286fa9c062970f52370bbda14d0946e833b235,,https://github.com/lkminiPhantomWorld/welcome/blob/70286fa9c062970f52370bbda14d0946e833b235/CONTEXT_GUARDIAN.md,Initialize copilot/seed-v0-gate-locked
2026-07-06T17:31:14Z,2026-07-07T01:31:14+08:00,VERIFIED_TRUE,local public git mirror,GITHUB_COMMIT_FILE,lkminiPhantomWorld/welcome,A CONTRIBUTING.md,Kevin Yang / committer GitHub,CONTRIBUTING.md,70286fa9c062970f52370bbda14d0946e833b235,,https://github.com/lkminiPhantomWorld/welcome/blob/70286fa9c062970f52370bbda14d0946e833b235/CONTRIBUTING.md,Initialize copilot/seed-v0-gate-locked
2026-07-06T17:31:14Z,2026-07-07T01:31:14+08:00,VERIFIED_TRUE,local public git mirror,GITHUB_COMMIT_FILE,lkminiPhantomWorld/welcome,A ETERNAL_CORE_POLICY.md,Kevin Yang / committer GitHub,ETERNAL_CORE_POLICY.md,70286fa9c062970f52370bbda14d0946e833b235,,https://github.com/lkminiPhantomWorld/welcome/blob/70286fa9c062970f52370bbda14d0946e833b235/ETERNAL_CORE_POLICY.md,Initialize copilot/seed-v0-gate-locked
2026-07-06T17:31:14Z,2026-07-07T01:31:14+08:00,VERIFIED_TRUE,local public git mirror,GITHUB_COMMIT_FILE,lkminiPhantomWorld/welcome,A GARBAGE_GOVERNANCE.md,Kevin Yang / committer GitHub,GARBAGE_GOVERNANCE.md,70286fa9c062970f52370bbda14d0946e833b235,,https://github.com/lkminiPhantomWorld/welcome/blob/70286fa9c062970f52370bbda14d0946e833b235/GARBAGE_GOVERNANCE.md,Initialize copilot/seed-v0-gate-locked
2026-07-06T17:31:14Z,2026-07-07T01:31:14+08:00,VERIFIED_TRUE,local public git mirror,GITHUB_COMMIT_FILE,lkminiPhantomWorld/welcome,A GOVERNANCE.md,Kevin Yang / committer GitHub,GOVERNANCE.md,70286fa9c062970f52370bbda14d0946e833b235,,https://github.com/lkminiPhantomWorld/welcome/blob/70286fa9c062970f52370bbda14d0946e833b235/GOVERNANCE.md,Initialize copilot/seed-v0-gate-locked
2026-07-06T17:31:14Z,2026-07-07T01:31:14+08:00,VERIFIED_TRUE,local public git mirror,GITHUB_COMMIT_FILE,lkminiPhantomWorld/welcome,A HOW_TO_READ_THIS.md,Kevin Yang / committer GitHub,HOW_TO_READ_THIS.md,70286fa9c062970f52370bbda14d0946e833b235,,https://github.com/lkminiPhantomWorld/welcome/blob/70286fa9c062970f52370bbda14d0946e833b235/HOW_TO_READ_THIS.md,Initialize copilot/seed-v0-gate-locked
2026-07-06T17:31:14Z,2026-07-07T01:31:14+08:00,VERIFIED_TRUE,local public git mirror,GITHUB_COMMIT_FILE,lkminiPhantomWorld/welcome,A INTERPRETATION_BOUNDARY.md,Kevin Yang / committer GitHub,INTERPRETATION_BOUNDARY.md,70286fa9c062970f52370bbda14d0946e833b235,,https://github.com/lkminiPhantomWorld/welcome/blob/70286fa9c062970f52370bbda14d0946e833b235/INTERPRETATION_BOUNDARY.md,Initialize copilot/seed-v0-gate-locked
2026-07-06T17:31:14Z,2026-07-07T01:31:14+08:00,VERIFIED_TRUE,local public git mirror,GITHUB_COMMIT_FILE,lkminiPhantomWorld/welcome,A LICENSE,Kevin Yang / committer GitHub,LICENSE,70286fa9c062970f52370bbda14d0946e833b235,,https://github.com/lkminiPhantomWorld/welcome/blob/70286fa9c062970f52370bbda14d0946e833b235/LICENSE,Initialize copilot/seed-v0-gate-locked
2026-07-06T17:31:14Z,2026-07-07T01:31:14+08:00,VERIFIED_TRUE,local public git mirror,GITHUB_COMMIT_FILE,lkminiPhantomWorld/welcome,A LINEAGE.md,Kevin Yang / committer GitHub,LINEAGE.md,70286fa9c062970f52370bbda14d0946e833b235,,https://github.com/lkminiPhantomWorld/welcome/blob/70286fa9c062970f52370bbda14d0946e833b235/LINEAGE.md,Initialize copilot/seed-v0-gate-locked
2026-07-06T17:31:14Z,2026-07-07T01:31:14+08:00,VERIFIED_TRUE,local public git mirror,GITHUB_COMMIT_FILE,lkminiPhantomWorld/welcome,A LKMini.svg,Kevin Yang / committer GitHub,LKMini.svg,70286fa9c062970f52370bbda14d0946e833b235,,https://github.com/lkminiPhantomWorld/welcome/blob/70286fa9c062970f52370bbda14d0946e833b235/LKMini.svg,Initialize copilot/seed-v0-gate-locked
2026-07-06T17:31:14Z,2026-07-07T01:31:14+08:00,VERIFIED_TRUE,local public git mirror,GITHUB_COMMIT_FILE,lkminiPhantomWorld/welcome,A LOCATOR.json,Kevin Yang / committer GitHub,LOCATOR.json,70286fa9c062970f52370bbda14d0946e833b235,,https://github.com/lkminiPhantomWorld/welcome/blob/70286fa9c062970f52370bbda14d0946e833b235/LOCATOR.json,Initialize copilot/seed-v0-gate-locked
2026-07-06T17:31:14Z,2026-07-07T01:31:14+08:00,VERIFIED_TRUE,local public git mirror,GITHUB_COMMIT_FILE,lkminiPhantomWorld/welcome,A MANIFEST,Kevin Yang / committer GitHub,MANIFEST,70286fa9c062970f52370bbda14d0946e833b235,,https://github.com/lkminiPhantomWorld/welcome/blob/70286fa9c062970f52370bbda14d0946e833b235/MANIFEST,Initialize copilot/seed-v0-gate-locked
2026-07-06T17:31:14Z,2026-07-07T01:31:14+08:00,VERIFIED_TRUE,local public git mirror,GITHUB_COMMIT_FILE,lkminiPhantomWorld/welcome,A MANIFEST.json,Kevin Yang / committer GitHub,MANIFEST.json,70286fa9c062970f52370bbda14d0946e833b235,,https://github.com/lkminiPhantomWorld/welcome/blob/70286fa9c062970f52370bbda14d0946e833b235/MANIFEST.json,Initialize copilot/seed-v0-gate-locked
2026-07-06T17:31:14Z,2026-07-07T01:31:14+08:00,VERIFIED_TRUE,local public git mirror,GITHUB_COMMIT_FILE,lkminiPhantomWorld/welcome,A MEANING_PRESERVATION.md,Kevin Yang / committer GitHub,MEANING_PRESERVATION.md,70286fa9c062970f52370bbda14d0946e833b235,,https://github.com/lkminiPhantomWorld/welcome/blob/70286fa9c062970f52370bbda14d0946e833b235/MEANING_PRESERVATION.md,Initialize copilot/seed-v0-gate-locked
2026-07-06T17:31:14Z,2026-07-07T01:31:14+08:00,VERIFIED_TRUE,local public git mirror,GITHUB_COMMIT_FILE,lkminiPhantomWorld/welcome,A NOTICE,Kevin Yang / committer GitHub,NOTICE,70286fa9c062970f52370bbda14d0946e833b235,,https://github.com/lkminiPhantomWorld/welcome/blob/70286fa9c062970f52370bbda14d0946e833b235/NOTICE,Initialize copilot/seed-v0-gate-locked
2026-07-06T17:31:14Z,2026-07-07T01:31:14+08:00,VERIFIED_TRUE,local public git mirror,GITHUB_COMMIT_FILE,lkminiPhantomWorld/welcome,A NOTICE.md,Kevin Yang / committer GitHub,NOTICE.md,70286fa9c062970f52370bbda14d0946e833b235,,https://github.com/lkminiPhantomWorld/welcome/blob/70286fa9c062970f52370bbda14d0946e833b235/NOTICE.md,Initialize copilot/seed-v0-gate-locked
2026-07-06T17:31:14Z,2026-07-07T01:31:14+08:00,VERIFIED_TRUE,local public git mirror,GITHUB_COMMIT_FILE,lkminiPhantomWorld/welcome,A PHILOSOPHY.md,Kevin Yang / committer GitHub,PHILOSOPHY.md,70286fa9c062970f52370bbda14d0946e833b235,,https://github.com/lkminiPhantomWorld/welcome/blob/70286fa9c062970f52370bbda14d0946e833b235/PHILOSOPHY.md,Initialize copilot/seed-v0-gate-locked
2026-07-06T17:31:14Z,2026-07-07T01:31:14+08:00,VERIFIED_TRUE,local public git mirror,GITHUB_COMMIT_FILE,lkminiPhantomWorld/welcome,A PUBLIC_PRIVATE_BOUNDARY.md,Kevin Yang / committer GitHub,PUBLIC_PRIVATE_BOUNDARY.md,70286fa9c062970f52370bbda14d0946e833b235,,https://github.com/lkminiPhantomWorld/welcome/blob/70286fa9c062970f52370bbda14d0946e833b235/PUBLIC_PRIVATE_BOUNDARY.md,Initialize copilot/seed-v0-gate-locked
2026-07-06T17:31:14Z,2026-07-07T01:31:14+08:00,VERIFIED_TRUE,local public git mirror,GITHUB_COMMIT_FILE,lkminiPhantomWorld/welcome,A README.md,Kevin Yang / committer GitHub,README.md,70286fa9c062970f52370bbda14d0946e833b235,,https://github.com/lkminiPhantomWorld/welcome/blob/70286fa9c062970f52370bbda14d0946e833b235/README.md,Initialize copilot/seed-v0-gate-locked
2026-07-06T17:31:14Z,2026-07-07T01:31:14+08:00,VERIFIED_TRUE,local public git mirror,GITHUB_COMMIT_FILE,lkminiPhantomWorld/welcome,A RESTORE.md,Kevin Yang / committer GitHub,RESTORE.md,70286fa9c062970f52370bbda14d0946e833b235,,https://github.com/lkminiPhantomWorld/welcome/blob/70286fa9c062970f52370bbda14d0946e833b235/RESTORE.md,Initialize copilot/seed-v0-gate-locked
2026-07-06T17:31:14Z,2026-07-07T01:31:14+08:00,VERIFIED_TRUE,local public git mirror,GITHUB_COMMIT_FILE,lkminiPhantomWorld/welcome,A ReverseChain.json,Kevin Yang / committer GitHub,ReverseChain.json,70286fa9c062970f52370bbda14d0946e833b235,,https://github.com/lkminiPhantomWorld/welcome/blob/70286fa9c062970f52370bbda14d0946e833b235/ReverseChain.json,Initialize copilot/seed-v0-gate-locked
2026-07-06T17:31:14Z,2026-07-07T01:31:14+08:00,VERIFIED_TRUE,local public git mirror,GITHUB_COMMIT_FILE,lkminiPhantomWorld/welcome,A SEAL.md,Kevin Yang / committer GitHub,SEAL.md,70286fa9c062970f52370bbda14d0946e833b235,,https://github.com/lkminiPhantomWorld/welcome/blob/70286fa9c062970f52370bbda14d0946e833b235/SEAL.md,Initialize copilot/seed-v0-gate-locked
2026-07-06T17:31:14Z,2026-07-07T01:31:14+08:00,VERIFIED_TRUE,local public git mirror,GITHUB_COMMIT_FILE,lkminiPhantomWorld/welcome,A SECURITY.md,Kevin Yang / committer GitHub,SECURITY.md,70286fa9c062970f52370bbda14d0946e833b235,,https://github.com/lkminiPhantomWorld/welcome/blob/70286fa9c062970f52370bbda14d0946e833b235/SECURITY.md,Initialize copilot/seed-v0-gate-locked
2026-07-06T17:31:14Z,2026-07-07T01:31:14+08:00,VERIFIED_TRUE,local public git mirror,GITHUB_COMMIT_FILE,lkminiPhantomWorld/welcome,A SEMANTIC_ARCHITECTURE.md,Kevin Yang / committer GitHub,SEMANTIC_ARCHITECTURE.md,70286fa9c062970f52370bbda14d0946e833b235,,https://github.com/lkminiPhantomWorld/welcome/blob/70286fa9c062970f52370bbda14d0946e833b235/SEMANTIC_ARCHITECTURE.md,Initialize copilot/seed-v0-gate-locked
2026-07-06T17:31:14Z,2026-07-07T01:31:14+08:00,VERIFIED_TRUE,local public git mirror,GITHUB_COMMIT_FILE,lkminiPhantomWorld/welcome,A SEMANTIC_INTEGRITY.md,Kevin Yang / committer GitHub,SEMANTIC_INTEGRITY.md,70286fa9c062970f52370bbda14d0946e833b235,,https://github.com/lkminiPhantomWorld/welcome/blob/70286fa9c062970f52370bbda14d0946e833b235/SEMANTIC_INTEGRITY.md,Initialize copilot/seed-v0-gate-locked
2026-07-06T17:31:14Z,2026-07-07T01:31:14+08:00,VERIFIED_TRUE,local public git mirror,GITHUB_COMMIT_FILE,lkminiPhantomWorld/welcome,A SHA256SUMS,Kevin Yang / committer GitHub,SHA256SUMS,70286fa9c062970f52370bbda14d0946e833b235,,https://github.com/lkminiPhantomWorld/welcome/blob/70286fa9c062970f52370bbda14d0946e833b235/SHA256SUMS,Initialize copilot/seed-v0-gate-locked
2026-07-06T17:31:14Z,2026-07-07T01:31:14+08:00,VERIFIED_TRUE,local public git mirror,GITHUB_COMMIT_FILE,lkminiPhantomWorld/welcome,A SNAPSHOT.json,Kevin Yang / committer GitHub,SNAPSHOT.json,70286fa9c062970f52370bbda14d0946e833b235,,https://github.com/lkminiPhantomWorld/welcome/blob/70286fa9c062970f52370bbda14d0946e833b235/SNAPSHOT.json,Initialize copilot/seed-v0-gate-locked
2026-07-06T17:31:14Z,2026-07-07T01:31:14+08:00,VERIFIED_TRUE,local public git mirror,GITHUB_COMMIT_FILE,lkminiPhantomWorld/welcome,A SYSTEM_STATE.md,Kevin Yang / committer GitHub,SYSTEM_STATE.md,70286fa9c062970f52370bbda14d0946e833b235,,https://github.com/lkminiPhantomWorld/welcome/blob/70286fa9c062970f52370bbda14d0946e833b235/SYSTEM_STATE.md,Initialize copilot/seed-v0-gate-locked
2026-07-06T17:31:14Z,2026-07-07T01:31:14+08:00,VERIFIED_TRUE,local public git mirror,GITHUB_COMMIT_FILE,lkminiPhantomWorld/welcome,A THREAT_MODEL.md,Kevin Yang / committer GitHub,THREAT_MODEL.md,70286fa9c062970f52370bbda14d0946e833b235,,https://github.com/lkminiPhantomWorld/welcome/blob/70286fa9c062970f52370bbda14d0946e833b235/THREAT_MODEL.md,Initialize copilot/seed-v0-gate-locked
2026-07-06T17:31:14Z,2026-07-07T01:31:14+08:00,VERIFIED_TRUE,local public git mirror,GITHUB_COMMIT_FILE,lkminiPhantomWorld/welcome,A VERSION.md,Kevin Yang / committer GitHub,VERSION.md,70286fa9c062970f52370bbda14d0946e833b235,,https://github.com/lkminiPhantomWorld/welcome/blob/70286fa9c062970f52370bbda14d0946e833b235/VERSION.md,Initialize copilot/seed-v0-gate-locked
2026-07-06T17:31:14Z,2026-07-07T01:31:14+08:00,VERIFIED_TRUE,local public git mirror,GITHUB_COMMIT_FILE,lkminiPhantomWorld/welcome,A assets/banner-guardian.svg,Kevin Yang / committer GitHub,assets/banner-guardian.svg,70286fa9c062970f52370bbda14d0946e833b235,,https://github.com/lkminiPhantomWorld/welcome/blob/70286fa9c062970f52370bbda14d0946e833b235/assets/banner-guardian.svg,Initialize copilot/seed-v0-gate-locked
2026-07-06T17:31:14Z,2026-07-07T01:31:14+08:00,VERIFIED_TRUE,local public git mirror,GITHUB_COMMIT_FILE,lkminiPhantomWorld/welcome,A assets/banner-math-zhuyin.jpeg,Kevin Yang / committer GitHub,assets/banner-math-zhuyin.jpeg,70286fa9c062970f52370bbda14d0946e833b235,,https://github.com/lkminiPhantomWorld/welcome/blob/70286fa9c062970f52370bbda14d0946e833b235/assets/banner-math-zhuyin.jpeg,Initialize copilot/seed-v0-gate-locked
2026-07-06T17:31:14Z,2026-07-07T01:31:14+08:00,VERIFIED_TRUE,local public git mirror,GITHUB_COMMIT_FILE,lkminiPhantomWorld/welcome,A assets/banner-math-zhuyin.svg,Kevin Yang / committer GitHub,assets/banner-math-zhuyin.svg,70286fa9c062970f52370bbda14d0946e833b235,,https://github.com/lkminiPhantomWorld/welcome/blob/70286fa9c062970f52370bbda14d0946e833b235/assets/banner-math-zhuyin.svg,Initialize copilot/seed-v0-gate-locked
2026-07-06T17:31:14Z,2026-07-07T01:31:14+08:00,VERIFIED_TRUE,local public git mirror,GITHUB_COMMIT_FILE,lkminiPhantomWorld/welcome,A assets/banner-math.svg,Kevin Yang / committer GitHub,assets/banner-math.svg,70286fa9c062970f52370bbda14d0946e833b235,,https://github.com/lkminiPhantomWorld/welcome/blob/70286fa9c062970f52370bbda14d0946e833b235/assets/banner-math.svg,Initialize copilot/seed-v0-gate-locked
2026-07-06T17:31:14Z,2026-07-07T01:31:14+08:00,VERIFIED_TRUE,local public git mirror,GITHUB_COMMIT_FILE,lkminiPhantomWorld/welcome,A assets/banner-poo-guardian.jpeg,Kevin Yang / committer GitHub,assets/banner-poo-guardian.jpeg,70286fa9c062970f52370bbda14d0946e833b235,,https://github.com/lkminiPhantomWorld/welcome/blob/70286fa9c062970f52370bbda14d0946e833b235/assets/banner-poo-guardian.jpeg,Initialize copilot/seed-v0-gate-locked
2026-07-06T17:31:14Z,2026-07-07T01:31:14+08:00,VERIFIED_TRUE,local public git mirror,GITHUB_COMMIT_FILE,lkminiPhantomWorld/welcome,A assets/banner-poo-guardian.svg,Kevin Yang / committer GitHub,assets/banner-poo-guardian.svg,70286fa9c062970f52370bbda14d0946e833b235,,https://github.com/lkminiPhantomWorld/welcome/blob/70286fa9c062970f52370bbda14d0946e833b235/assets/banner-poo-guardian.svg,Initialize copilot/seed-v0-gate-locked
2026-07-06T17:31:14Z,2026-07-07T01:31:14+08:00,VERIFIED_TRUE,local public git mirror,GITHUB_COMMIT_FILE,lkminiPhantomWorld/welcome,A index.html,Kevin Yang / committer GitHub,index.html,70286fa9c062970f52370bbda14d0946e833b235,,https://github.com/lkminiPhantomWorld/welcome/blob/70286fa9c062970f52370bbda14d0946e833b235/index.html,Initialize copilot/seed-v0-gate-locked
2026-07-06T17:31:14Z,2026-07-07T01:31:14+08:00,VERIFIED_TRUE,local public git mirror,GITHUB_COMMIT_FILE,lkminiPhantomWorld/welcome,A install-hooks.sh,Kevin Yang / committer GitHub,install-hooks.sh,70286fa9c062970f52370bbda14d0946e833b235,,https://github.com/lkminiPhantomWorld/welcome/blob/70286fa9c062970f52370bbda14d0946e833b235/install-hooks.sh,Initialize copilot/seed-v0-gate-locked
2026-07-06T17:31:14Z,2026-07-07T01:31:14+08:00,VERIFIED_TRUE,local public git mirror,GITHUB_COMMIT_FILE,lkminiPhantomWorld/welcome,A tools/banners-backup.html,Kevin Yang / committer GitHub,tools/banners-backup.html,70286fa9c062970f52370bbda14d0946e833b235,,https://github.com/lkminiPhantomWorld/welcome/blob/70286fa9c062970f52370bbda14d0946e833b235/tools/banners-backup.html,Initialize copilot/seed-v0-gate-locked
2026-07-06T17:31:14Z,2026-07-07T01:31:14+08:00,VERIFIED_TRUE,local public git mirror,GITHUB_COMMIT_FILE,lkminiPhantomWorld/welcome,A tools/math-zhuyin-vertical.html,Kevin Yang / committer GitHub,tools/math-zhuyin-vertical.html,70286fa9c062970f52370bbda14d0946e833b235,,https://github.com/lkminiPhantomWorld/welcome/blob/70286fa9c062970f52370bbda14d0946e833b235/tools/math-zhuyin-vertical.html,Initialize copilot/seed-v0-gate-locked
2026-07-06T17:31:14Z,2026-07-07T01:31:14+08:00,VERIFIED_TRUE,local public git mirror,GITHUB_COMMIT_FILE,lkminiPhantomWorld/welcome,A tools/package_seed.py,Kevin Yang / committer GitHub,tools/package_seed.py,70286fa9c062970f52370bbda14d0946e833b235,,https://github.com/lkminiPhantomWorld/welcome/blob/70286fa9c062970f52370bbda14d0946e833b235/tools/package_seed.py,Initialize copilot/seed-v0-gate-locked
2026-07-06T17:31:14Z,2026-07-07T01:31:14+08:00,VERIFIED_TRUE,local public git mirror,GITHUB_COMMIT_FILE,lkminiPhantomWorld/welcome,A tools/rename_md_by_h1.py,Kevin Yang / committer GitHub,tools/rename_md_by_h1.py,70286fa9c062970f52370bbda14d0946e833b235,,https://github.com/lkminiPhantomWorld/welcome/blob/70286fa9c062970f52370bbda14d0946e833b235/tools/rename_md_by_h1.py,Initialize copilot/seed-v0-gate-locked
2026-07-06T17:31:14Z,2026-07-07T01:31:14+08:00,VERIFIED_TRUE,local public git mirror,GITHUB_COMMIT_FILE,lkminiPhantomWorld/welcome,A tools/verify_lkmini.py,Kevin Yang / committer GitHub,tools/verify_lkmini.py,70286fa9c062970f52370bbda14d0946e833b235,,https://github.com/lkminiPhantomWorld/welcome/blob/70286fa9c062970f52370bbda14d0946e833b235/tools/verify_lkmini.py,Initialize copilot/seed-v0-gate-locked
2026-07-06T17:31:14Z,2026-07-07T01:31:14+08:00,VERIFIED_TRUE,local public git mirror,GITHUB_COMMIT_FILE,lkminiPhantomWorld/welcome,A ui/perplexity-role-ui.html,Kevin Yang / committer GitHub,ui/perplexity-role-ui.html,70286fa9c062970f52370bbda14d0946e833b235,,https://github.com/lkminiPhantomWorld/welcome/blob/70286fa9c062970f52370bbda14d0946e833b235/ui/perplexity-role-ui.html,Initialize copilot/seed-v0-gate-locked
2026-07-06T17:31:14Z,2026-07-07T01:31:14+08:00,VERIFIED_TRUE,local public git mirror,GITHUB_COMMIT_FILE,lkminiPhantomWorld/welcome,A verify-integrity.sh,Kevin Yang / committer GitHub,verify-integrity.sh,70286fa9c062970f52370bbda14d0946e833b235,,https://github.com/lkminiPhantomWorld/welcome/blob/70286fa9c062970f52370bbda14d0946e833b235/verify-integrity.sh,Initialize copilot/seed-v0-gate-locked
2026-07-06T17:31:14Z,2026-07-07T01:31:14+08:00,VERIFIED_TRUE,local public git mirror,GITHUB_COMMIT_FILE,lkminiPhantomWorld/welcome,A vpoop/VPoopGuardian_PublicSeed_v1.7.html,Kevin Yang / committer GitHub,vpoop/VPoopGuardian_PublicSeed_v1.7.html,70286fa9c062970f52370bbda14d0946e833b235,,https://github.com/lkminiPhantomWorld/welcome/blob/70286fa9c062970f52370bbda14d0946e833b235/vpoop/VPoopGuardian_PublicSeed_v1.7.html,Initialize copilot/seed-v0-gate-locked
2026-07-06T17:31:14Z,2026-07-07T01:31:14+08:00,VERIFIED_TRUE,local public git mirror,GITHUB_COMMIT_FILE,lkminiPhantomWorld/welcome,A vpoop/VPoopGuardian_PublicSeed_v1.8.html,Kevin Yang / committer GitHub,vpoop/VPoopGuardian_PublicSeed_v1.8.html,70286fa9c062970f52370bbda14d0946e833b235,,https://github.com/lkminiPhantomWorld/welcome/blob/70286fa9c062970f52370bbda14d0946e833b235/vpoop/VPoopGuardian_PublicSeed_v1.8.html,Initialize copilot/seed-v0-gate-locked
2026-07-06T17:31:14Z,2026-07-07T01:31:14+08:00,VERIFIED_TRUE,local public git mirror,GITHUB_COMMIT_FILE,lkminiPhantomWorld/welcome,A vpoop/index.html,Kevin Yang / committer GitHub,vpoop/index.html,70286fa9c062970f52370bbda14d0946e833b235,,https://github.com/lkminiPhantomWorld/welcome/blob/70286fa9c062970f52370bbda14d0946e833b235/vpoop/index.html,Initialize copilot/seed-v0-gate-locked
2026-07-06T17:31:14Z,2026-07-07T01:31:14+08:00,VERIFIED_TRUE,local public git mirror,GITHUB_COMMIT_FILE,lkminiPhantomWorld/welcome,A vpoop/test.txt,Kevin Yang / committer GitHub,vpoop/test.txt,70286fa9c062970f52370bbda14d0946e833b235,,https://github.com/lkminiPhantomWorld/welcome/blob/70286fa9c062970f52370bbda14d0946e833b235/vpoop/test.txt,Initialize copilot/seed-v0-gate-locked
2026-07-06T17:31:16Z,2026-07-07T01:31:16+08:00,VERIFIED_TRUE,GitHub REST Actions,GITHUB_ACTION_RUN,🧭Markdown標題改名器｜MarkdownH1RenameWorkflow,push -> failure,ky46738-ops,.github/workflows/rename-md-h1.yml,8abd89f80dad32aa5e4d6378564edff049a37ab8,28810667274,https://github.com/lkminiPhantomWorld/welcome/actions/runs/28810667274,run_number=1; branch=main; status=completed
2026-07-06T17:31:16Z,2026-07-07T01:31:16+08:00,VERIFIED_TRUE,GitHub REST Actions,GITHUB_ACTION_RUN,Gatekeeper,push -> failure,ky46738-ops,.github/workflows/gatekeeper.yml,8abd89f80dad32aa5e4d6378564edff049a37ab8,28810667261,https://github.com/lkminiPhantomWorld/welcome/actions/runs/28810667261,run_number=2; branch=main; status=completed
2026-07-06T17:31:16Z,2026-07-07T01:31:16+08:00,VERIFIED_TRUE,GitHub REST Actions,GITHUB_ACTION_RUN,Gatekeeper,push -> failure,ky46738-ops,.github/workflows/gatekeeper.yml,8c704ed68d5bfbc6e27fb12161747f6046fa1d9d,28810667250,https://github.com/lkminiPhantomWorld/welcome/actions/runs/28810667250,run_number=1; branch=seed_v0; status=completed
2026-07-06T17:31:16Z,2026-07-07T01:31:16+08:00,VERIFIED_TRUE,GitHub REST Actions,GITHUB_ACTION_RUN,Deploy to GitHub Pages,push -> failure,ky46738-ops,.github/workflows/pages.yml,8abd89f80dad32aa5e4d6378564edff049a37ab8,28810667241,https://github.com/lkminiPhantomWorld/welcome/actions/runs/28810667241,run_number=1; branch=main; status=completed
2026-07-06T17:31:17Z,2026-07-07T01:31:17+08:00,VERIFIED_TRUE,GitHub REST Actions,GITHUB_ACTION_RUN,Gatekeeper,push -> failure,ky46738-ops,.github/workflows/gatekeeper.yml,917d510a230a15681dd5b156089408f307fc35dc,28810667666,https://github.com/lkminiPhantomWorld/welcome/actions/runs/28810667666,run_number=4; branch=add-banners; status=completed
2026-07-06T17:31:17Z,2026-07-07T01:31:17+08:00,VERIFIED_TRUE,GitHub REST Actions,GITHUB_ACTION_RUN,Python Package using Conda,push -> failure,ky46738-ops,.github/workflows/python-package-conda.yml,917d510a230a15681dd5b156089408f307fc35dc,28810667612,https://github.com/lkminiPhantomWorld/welcome/actions/runs/28810667612,run_number=3; branch=add-banners; status=completed
2026-07-06T17:31:17Z,2026-07-07T01:31:17+08:00,VERIFIED_TRUE,GitHub REST Actions,GITHUB_ACTION_RUN,Gatekeeper,push -> success,ky46738-ops,.github/workflows/gatekeeper.yml,70286fa9c062970f52370bbda14d0946e833b235,28810667487,https://github.com/lkminiPhantomWorld/welcome/actions/runs/28810667487,run_number=3; branch=copilot/seed-v0-gate-locked; status=completed
2026-07-06T17:31:17Z,2026-07-07T01:31:17+08:00,VERIFIED_TRUE,GitHub REST Actions,GITHUB_ACTION_RUN,Python Package using Conda,push -> failure,ky46738-ops,.github/workflows/python-package-conda.yml,70286fa9c062970f52370bbda14d0946e833b235,28810667474,https://github.com/lkminiPhantomWorld/welcome/actions/runs/28810667474,run_number=2; branch=copilot/seed-v0-gate-locked; status=completed
2026-07-06T17:31:17Z,2026-07-07T01:31:17+08:00,VERIFIED_TRUE,GitHub REST Actions,GITHUB_ACTION_RUN,Python Package using Conda,push -> failure,ky46738-ops,.github/workflows/python-package-conda.yml,8abd89f80dad32aa5e4d6378564edff049a37ab8,28810667345,https://github.com/lkminiPhantomWorld/welcome/actions/runs/28810667345,run_number=1; branch=main; status=completed
2026-07-06T17:31:32Z,2026-07-07T01:31:32+08:00,VERIFIED_TRUE,GitHub REST Actions,GITHUB_ACTION_RUN,CodeQL Setup,dynamic -> success,github-advanced-security[bot],dynamic/github-code-scanning/codeql,8abd89f80dad32aa5e4d6378564edff049a37ab8,28810682976,https://github.com/lkminiPhantomWorld/welcome/actions/runs/28810682976,run_number=1; branch=main; status=completed
2026-07-06T18:20:03Z,2026-07-07T02:20:03+08:00,VERIFIED_TRUE,local public git mirror,GITHUB_COMMIT_FILE,lkminiPhantomWorld/welcome,M index.html,Kevin Yang / committer Kevin Yang,index.html,3d509adf35662b04d8ebd623a723250fe9abb254,,https://github.com/lkminiPhantomWorld/welcome/blob/3d509adf35662b04d8ebd623a723250fe9abb254/index.html,Create welcome landing page with intro animation and character cards
2026-07-06T18:20:06Z,2026-07-07T02:20:06+08:00,VERIFIED_TRUE,GitHub REST Actions,GITHUB_ACTION_RUN,Python Package using Conda,push -> failure,ky46738-ops,.github/workflows/python-package-conda.yml,3d509adf35662b04d8ebd623a723250fe9abb254,28813571065,https://github.com/lkminiPhantomWorld/welcome/actions/runs/28813571065,run_number=4; branch=main; status=completed
2026-07-06T18:20:06Z,2026-07-07T02:20:06+08:00,VERIFIED_TRUE,GitHub REST Actions,GITHUB_ACTION_RUN,Deploy to GitHub Pages,push -> failure,ky46738-ops,.github/workflows/pages.yml,3d509adf35662b04d8ebd623a723250fe9abb254,28813571044,https://github.com/lkminiPhantomWorld/welcome/actions/runs/28813571044,run_number=2; branch=main; status=completed
2026-07-06T18:20:06Z,2026-07-07T02:20:06+08:00,VERIFIED_TRUE,GitHub REST Actions,GITHUB_ACTION_RUN,Gatekeeper,push -> failure,ky46738-ops,.github/workflows/gatekeeper.yml,3d509adf35662b04d8ebd623a723250fe9abb254,28813571015,https://github.com/lkminiPhantomWorld/welcome/actions/runs/28813571015,run_number=5; branch=main; status=completed
2026-07-06T18:20:06Z,2026-07-07T02:20:06+08:00,VERIFIED_TRUE,GitHub REST Actions,GITHUB_ACTION_RUN,Push on main,dynamic -> success,ky46738-ops,dynamic/github-code-scanning/codeql,3d509adf35662b04d8ebd623a723250fe9abb254,28813570243,https://github.com/lkminiPhantomWorld/welcome/actions/runs/28813570243,run_number=2; branch=main; status=completed
2026-07-06T18:20:10Z,2026-07-07T02:20:10+08:00,VERIFIED_TRUE,GitHub REST Actions,GITHUB_ACTION_RUN,CodeQL,dynamic -> success,github-advanced-security[bot],dynamic/github-code-scanning/codeql,3d509adf35662b04d8ebd623a723250fe9abb254,28813575052,https://github.com/lkminiPhantomWorld/welcome/actions/runs/28813575052,run_number=3; branch=main; status=completed
2026-07-06T19:00:17Z,2026-07-07T03:00:17+08:00,VERIFIED_TRUE,GitHub REST Actions,GITHUB_ACTION_RUN,pages build and deployment,dynamic -> success,ky46738-ops,dynamic/pages/pages-build-deployment,3d509adf35662b04d8ebd623a723250fe9abb254,28816000301,https://github.com/lkminiPhantomWorld/welcome/actions/runs/28816000301,run_number=1; branch=main; status=completed
2026-07-06T21:05:01Z,2026-07-07T05:05:01+08:00,VERIFIED_TRUE,local public git mirror,GITHUB_COMMIT_FILE,lkminiPhantomWorld/welcome,A RoleCardsSyncFolder/CorePointer/LKMINICorePointer.md,Kevin Yang / committer Kevin Yang,RoleCardsSyncFolder/CorePointer/LKMINICorePointer.md,6d782ea670a1bf0bfa20b17e715980142be9356b,,https://github.com/lkminiPhantomWorld/welcome/blob/6d782ea670a1bf0bfa20b17e715980142be9356b/RoleCardsSyncFolder/CorePointer/LKMINICorePointer.md,Add LKMINI Core Pointer - Role Cards Sync Folder Entry Point
2026-07-06T21:05:03Z,2026-07-07T05:05:03+08:00,VERIFIED_TRUE,GitHub REST Actions,GITHUB_ACTION_RUN,pages build and deployment,dynamic -> success,ky46738-ops,dynamic/pages/pages-build-deployment,6d782ea670a1bf0bfa20b17e715980142be9356b,28823203803,https://github.com/lkminiPhantomWorld/welcome/actions/runs/28823203803,run_number=2; branch=main; status=completed
2026-07-06T21:05:03Z,2026-07-07T05:05:03+08:00,VERIFIED_TRUE,GitHub REST Actions,GITHUB_ACTION_RUN,Push on main,dynamic -> success,ky46738-ops,dynamic/github-code-scanning/codeql,6d782ea670a1bf0bfa20b17e715980142be9356b,28823203608,https://github.com/lkminiPhantomWorld/welcome/actions/runs/28823203608,run_number=4; branch=main; status=completed
2026-07-06T21:05:04Z,2026-07-07T05:05:04+08:00,VERIFIED_TRUE,GitHub REST Actions,GITHUB_ACTION_RUN,Gatekeeper,push -> failure,ky46738-ops,.github/workflows/gatekeeper.yml,6d782ea670a1bf0bfa20b17e715980142be9356b,28823204716,https://github.com/lkminiPhantomWorld/welcome/actions/runs/28823204716,run_number=6; branch=main; status=completed
2026-07-06T21:05:04Z,2026-07-07T05:05:04+08:00,VERIFIED_TRUE,GitHub REST Actions,GITHUB_ACTION_RUN,Python Package using Conda,push -> failure,ky46738-ops,.github/workflows/python-package-conda.yml,6d782ea670a1bf0bfa20b17e715980142be9356b,28823204707,https://github.com/lkminiPhantomWorld/welcome/actions/runs/28823204707,run_number=5; branch=main; status=completed
2026-07-06T21:05:04Z,2026-07-07T05:05:04+08:00,VERIFIED_TRUE,GitHub REST Actions,GITHUB_ACTION_RUN,Deploy to GitHub Pages,push -> success,ky46738-ops,.github/workflows/pages.yml,6d782ea670a1bf0bfa20b17e715980142be9356b,28823204506,https://github.com/lkminiPhantomWorld/welcome/actions/runs/28823204506,run_number=3; branch=main; status=completed
2026-07-06T21:06:05Z,2026-07-07T05:06:05+08:00,VERIFIED_TRUE,local public git mirror,GITHUB_COMMIT_FILE,lkminiPhantomWorld/welcome,A RoleCardsSyncFolder/HomeLink/HomeLinkState.md,Kevin Yang / committer Kevin Yang,RoleCardsSyncFolder/HomeLink/HomeLinkState.md,83ecb23b1342761d1bf44d3b5c718453a694d6e6,,https://github.com/lkminiPhantomWorld/welcome/blob/83ecb23b1342761d1bf44d3b5c718453a694d6e6/RoleCardsSyncFolder/HomeLink/HomeLinkState.md,Add Home Link State - Role Cards Sync Folder
2026-07-06T21:06:07Z,2026-07-07T05:06:07+08:00,VERIFIED_TRUE,GitHub REST Actions,GITHUB_ACTION_RUN,pages build and deployment,dynamic -> success,ky46738-ops,dynamic/pages/pages-build-deployment,83ecb23b1342761d1bf44d3b5c718453a694d6e6,28823269516,https://github.com/lkminiPhantomWorld/welcome/actions/runs/28823269516,run_number=3; branch=main; status=completed
2026-07-06T21:06:07Z,2026-07-07T05:06:07+08:00,VERIFIED_TRUE,GitHub REST Actions,GITHUB_ACTION_RUN,Push on main,dynamic -> success,ky46738-ops,dynamic/github-code-scanning/codeql,83ecb23b1342761d1bf44d3b5c718453a694d6e6,28823269229,https://github.com/lkminiPhantomWorld/welcome/actions/runs/28823269229,run_number=5; branch=main; status=completed
2026-07-06T21:06:08Z,2026-07-07T05:06:08+08:00,VERIFIED_TRUE,GitHub REST Actions,GITHUB_ACTION_RUN,Python Package using Conda,push -> failure,ky46738-ops,.github/workflows/python-package-conda.yml,83ecb23b1342761d1bf44d3b5c718453a694d6e6,28823270141,https://github.com/lkminiPhantomWorld/welcome/actions/runs/28823270141,run_number=6; branch=main; status=completed
2026-07-06T21:06:08Z,2026-07-07T05:06:08+08:00,VERIFIED_TRUE,GitHub REST Actions,GITHUB_ACTION_RUN,Gatekeeper,push -> failure,ky46738-ops,.github/workflows/gatekeeper.yml,83ecb23b1342761d1bf44d3b5c718453a694d6e6,28823270087,https://github.com/lkminiPhantomWorld/welcome/actions/runs/28823270087,run_number=7; branch=main; status=completed
2026-07-06T21:06:08Z,2026-07-07T05:06:08+08:00,VERIFIED_TRUE,GitHub REST Actions,GITHUB_ACTION_RUN,Deploy to GitHub Pages,push -> success,ky46738-ops,.github/workflows/pages.yml,83ecb23b1342761d1bf44d3b5c718453a694d6e6,28823270071,https://github.com/lkminiPhantomWorld/welcome/actions/runs/28823270071,run_number=4; branch=main; status=completed
2026-07-06T21:13:00Z,2026-07-07T05:13:00+08:00,VERIFIED_TRUE,GitHub REST Actions,GITHUB_ACTION_RUN,Running Copilot cloud agent,dynamic -> success,Copilot,dynamic/copilot-swe-agent/copilot,83ecb23b1342761d1bf44d3b5c718453a694d6e6,28823654178,https://github.com/lkminiPhantomWorld/welcome/actions/runs/28823654178,run_number=1; branch=copilot/ky46738-ops-move-tiny-state-core; status=completed
2026-07-06T21:14:54Z,2026-07-07T05:14:54+08:00,VERIFIED_TRUE,local public git mirror,GITHUB_COMMIT_FILE,lkminiPhantomWorld/welcome,A tiny-state-core/README.md,copilot-swe-agent[bot] / committer GitHub,tiny-state-core/README.md,7ca036ac12673ec0a6e6ec6514f56cdc29c9aa59,,https://github.com/lkminiPhantomWorld/welcome/blob/7ca036ac12673ec0a6e6ec6514f56cdc29c9aa59/tiny-state-core/README.md,Add translated tiny-state-core files
2026-07-06T21:14:54Z,2026-07-07T05:14:54+08:00,VERIFIED_TRUE,local public git mirror,GITHUB_COMMIT_FILE,lkminiPhantomWorld/welcome,A tiny-state-core/core.js,copilot-swe-agent[bot] / committer GitHub,tiny-state-core/core.js,7ca036ac12673ec0a6e6ec6514f56cdc29c9aa59,,https://github.com/lkminiPhantomWorld/welcome/blob/7ca036ac12673ec0a6e6ec6514f56cdc29c9aa59/tiny-state-core/core.js,Add translated tiny-state-core files
2026-07-06T21:14:54Z,2026-07-07T05:14:54+08:00,VERIFIED_TRUE,local public git mirror,GITHUB_COMMIT_FILE,lkminiPhantomWorld/welcome,A tiny-state-core/core.min.js,copilot-swe-agent[bot] / committer GitHub,tiny-state-core/core.min.js,7ca036ac12673ec0a6e6ec6514f56cdc29c9aa59,,https://github.com/lkminiPhantomWorld/welcome/blob/7ca036ac12673ec0a6e6ec6514f56cdc29c9aa59/tiny-state-core/core.min.js,Add translated tiny-state-core files
2026-07-06T21:14:54Z,2026-07-07T05:14:54+08:00,VERIFIED_TRUE,local public git mirror,GITHUB_COMMIT_FILE,lkminiPhantomWorld/welcome,A tiny-state-core/package.json,copilot-swe-agent[bot] / committer GitHub,tiny-state-core/package.json,7ca036ac12673ec0a6e6ec6514f56cdc29c9aa59,,https://github.com/lkminiPhantomWorld/welcome/blob/7ca036ac12673ec0a6e6ec6514f56cdc29c9aa59/tiny-state-core/package.json,Add translated tiny-state-core files
2026-07-06T21:14:54Z,2026-07-07T05:14:54+08:00,VERIFIED_TRUE,local public git mirror,GITHUB_COMMIT_FILE,lkminiPhantomWorld/welcome,A tiny-state-core/test.js,copilot-swe-agent[bot] / committer GitHub,tiny-state-core/test.js,7ca036ac12673ec0a6e6ec6514f56cdc29c9aa59,,https://github.com/lkminiPhantomWorld/welcome/blob/7ca036ac12673ec0a6e6ec6514f56cdc29c9aa59/tiny-state-core/test.js,Add translated tiny-state-core files
2026-07-06T21:14:58Z,2026-07-07T05:14:58+08:00,VERIFIED_TRUE,GitHub REST Actions,GITHUB_ACTION_RUN,Python Package using Conda,push -> failure,Copilot,.github/workflows/python-package-conda.yml,7ca036ac12673ec0a6e6ec6514f56cdc29c9aa59,28823761079,https://github.com/lkminiPhantomWorld/welcome/actions/runs/28823761079,run_number=7; branch=copilot/ky46738-ops-move-tiny-state-core; status=completed
2026-07-06T21:14:58Z,2026-07-07T05:14:58+08:00,VERIFIED_TRUE,GitHub REST Actions,GITHUB_ACTION_RUN,Gatekeeper,push -> failure,Copilot,.github/workflows/gatekeeper.yml,7ca036ac12673ec0a6e6ec6514f56cdc29c9aa59,28823761065,https://github.com/lkminiPhantomWorld/welcome/actions/runs/28823761065,run_number=8; branch=copilot/ky46738-ops-move-tiny-state-core; status=completed
2026-07-06T21:17:46Z,2026-07-07T05:17:46+08:00,VERIFIED_TRUE,local public git mirror,GITHUB_COMMIT_FILE,lkminiPhantomWorld/welcome,"A ""TinyStateCore/\342\232\231\357\270\217core.min\357\275\234\346\240\270\345\277\203\346\234\200\345\260\217\345\214\226.js""",Kevin Yang / committer Kevin Yang,"""TinyStateCore/\342\232\231\357\270\217core.min\357\275\234\346\240\270\345\277\203\346\234\200\345\260\217\345\214\226.js""",2803c119606169527818faf7e09b86204aa3e163,,"https://github.com/lkminiPhantomWorld/welcome/blob/2803c119606169527818faf7e09b86204aa3e163/""TinyStateCore/\342\232\231\357\270\217core.min\357\275\234\346\240\270\345\277\203\346\234\200\345\260\217\345\214\226.js""",Add TinyStateCore - 最小化可組合狀態核心 (中文版)
2026-07-06T21:17:46Z,2026-07-07T05:17:46+08:00,VERIFIED_TRUE,local public git mirror,GITHUB_COMMIT_FILE,lkminiPhantomWorld/welcome,"A ""TinyStateCore/\342\232\231\357\270\217core\357\275\234\346\240\270\345\277\203.js""",Kevin Yang / committer Kevin Yang,"""TinyStateCore/\342\232\231\357\270\217core\357\275\234\346\240\270\345\277\203.js""",2803c119606169527818faf7e09b86204aa3e163,,"https://github.com/lkminiPhantomWorld/welcome/blob/2803c119606169527818faf7e09b86204aa3e163/""TinyStateCore/\342\232\231\357\270\217core\357\275\234\346\240\270\345\277\203.js""",Add TinyStateCore - 最小化可組合狀態核心 (中文版)
2026-07-06T21:17:46Z,2026-07-07T05:17:46+08:00,VERIFIED_TRUE,local public git mirror,GITHUB_COMMIT_FILE,lkminiPhantomWorld/welcome,"A ""TinyStateCore/\360\237\223\226README\357\275\234\350\252\252\346\230\216\346\233\270.md""",Kevin Yang / committer Kevin Yang,"""TinyStateCore/\360\237\223\226README\357\275\234\350\252\252\346\230\216\346\233\270.md""",2803c119606169527818faf7e09b86204aa3e163,,"https://github.com/lkminiPhantomWorld/welcome/blob/2803c119606169527818faf7e09b86204aa3e163/""TinyStateCore/\360\237\223\226README\357\275\234\350\252\252\346\230\216\346\233\270.md""",Add TinyStateCore - 最小化可組合狀態核心 (中文版)
2026-07-06T21:17:46Z,2026-07-07T05:17:46+08:00,VERIFIED_TRUE,local public git mirror,GITHUB_COMMIT_FILE,lkminiPhantomWorld/welcome,"A ""TinyStateCore/\360\237\223\246package\357\275\234\345\245\227\344\273\266.json""",Kevin Yang / committer Kevin Yang,"""TinyStateCore/\360\237\223\246package\357\275\234\345\245\227\344\273\266.json""",2803c119606169527818faf7e09b86204aa3e163,,"https://github.com/lkminiPhantomWorld/welcome/blob/2803c119606169527818faf7e09b86204aa3e163/""TinyStateCore/\360\237\223\246package\357\275\234\345\245\227\344\273\266.json""",Add TinyStateCore - 最小化可組合狀態核心 (中文版)
2026-07-06T21:17:46Z,2026-07-07T05:17:46+08:00,VERIFIED_TRUE,local public git mirror,GITHUB_COMMIT_FILE,lkminiPhantomWorld/welcome,"A ""TinyStateCore/\360\237\247\252test\357\275\234\346\270\254\350\251\246.js""",Kevin Yang / committer Kevin Yang,"""TinyStateCore/\360\237\247\252test\357\275\234\346\270\254\350\251\246.js""",2803c119606169527818faf7e09b86204aa3e163,,"https://github.com/lkminiPhantomWorld/welcome/blob/2803c119606169527818faf7e09b86204aa3e163/""TinyStateCore/\360\237\247\252test\357\275\234\346\270\254\350\251\246.js""",Add TinyStateCore - 最小化可組合狀態核心 (中文版)
2026-07-06T21:17:48Z,2026-07-07T05:17:48+08:00,VERIFIED_TRUE,GitHub REST Actions,GITHUB_ACTION_RUN,Push on main,dynamic -> success,ky46738-ops,dynamic/github-code-scanning/codeql,2803c119606169527818faf7e09b86204aa3e163,28823917962,https://github.com/lkminiPhantomWorld/welcome/actions/runs/28823917962,run_number=6; branch=main; status=completed
2026-07-06T21:17:49Z,2026-07-07T05:17:49+08:00,VERIFIED_TRUE,GitHub REST Actions,GITHUB_ACTION_RUN,Deploy to GitHub Pages,push -> success,ky46738-ops,.github/workflows/pages.yml,2803c119606169527818faf7e09b86204aa3e163,28823918720,https://github.com/lkminiPhantomWorld/welcome/actions/runs/28823918720,run_number=5; branch=main; status=completed
2026-07-06T21:17:49Z,2026-07-07T05:17:49+08:00,VERIFIED_TRUE,GitHub REST Actions,GITHUB_ACTION_RUN,pages build and deployment,dynamic -> success,ky46738-ops,dynamic/pages/pages-build-deployment,2803c119606169527818faf7e09b86204aa3e163,28823918313,https://github.com/lkminiPhantomWorld/welcome/actions/runs/28823918313,run_number=4; branch=main; status=completed
2026-07-06T21:17:49Z,2026-07-07T05:17:49+08:00,VERIFIED_TRUE,GitHub REST Actions,GITHUB_ACTION_RUN,Gatekeeper,push -> failure,ky46738-ops,.github/workflows/gatekeeper.yml,2803c119606169527818faf7e09b86204aa3e163,28823918280,https://github.com/lkminiPhantomWorld/welcome/actions/runs/28823918280,run_number=9; branch=main; status=completed
2026-07-06T21:17:49Z,2026-07-07T05:17:49+08:00,VERIFIED_TRUE,GitHub REST Actions,GITHUB_ACTION_RUN,Python Package using Conda,push -> failure,ky46738-ops,.github/workflows/python-package-conda.yml,2803c119606169527818faf7e09b86204aa3e163,28823918279,https://github.com/lkminiPhantomWorld/welcome/actions/runs/28823918279,run_number=8; branch=main; status=completed
2026-07-06T21:17:57Z,2026-07-07T05:17:57+08:00,VERIFIED_TRUE,GitHub REST Actions,GITHUB_ACTION_RUN,CodeQL,dynamic -> success,github-advanced-security[bot],dynamic/github-code-scanning/codeql,2803c119606169527818faf7e09b86204aa3e163,28823925937,https://github.com/lkminiPhantomWorld/welcome/actions/runs/28823925937,run_number=7; branch=main; status=completed
2026-07-06T22:57:52Z,2026-07-07T06:57:52+08:00,VERIFIED_TRUE,GitHub REST Actions,GITHUB_ACTION_RUN,PR #1,dynamic -> success,Copilot,dynamic/github-code-scanning/codeql,7ca036ac12673ec0a6e6ec6514f56cdc29c9aa59,28828984672,https://github.com/lkminiPhantomWorld/welcome/actions/runs/28828984672,run_number=8; branch=refs/pull/1/head; status=completed
2026-07-06T22:57:56Z,2026-07-07T06:57:56+08:00,VERIFIED_TRUE,GitHub REST Actions,GITHUB_ACTION_RUN,Gatekeeper,pull_request -> failure,Copilot,.github/workflows/gatekeeper.yml,7ca036ac12673ec0a6e6ec6514f56cdc29c9aa59,28828987290,https://github.com/lkminiPhantomWorld/welcome/actions/runs/28828987290,run_number=10; branch=copilot/ky46738-ops-move-tiny-state-core; status=completed
2026-07-06T22:58:10Z,2026-07-07T06:58:10+08:00,VERIFIED_TRUE,local public git mirror,GITHUB_COMMIT_FILE,lkminiPhantomWorld/welcome,N ,Kevin Yang / committer GitHub,,06109c50feb98dd669a8a6e727e04fd60c93c190,,https://github.com/lkminiPhantomWorld/welcome/commit/06109c50feb98dd669a8a6e727e04fd60c93c190,Merge pull request #1 from lkminiPhantomWorld/copilot/ky46738-ops-move-tiny-state-core
2026-07-06T22:58:10Z,2026-07-07T06:58:10+08:00,VERIFIED_TRUE,GitHub REST Actions,GITHUB_ACTION_RUN,Running Copilot Code Review,dynamic -> success,Copilot,dynamic/agents/copilot-pull-request-reviewer,7ca036ac12673ec0a6e6ec6514f56cdc29c9aa59,28828997623,https://github.com/lkminiPhantomWorld/welcome/actions/runs/28828997623,run_number=1; branch=copilot/ky46738-ops-move-tiny-state-core; status=completed
2026-07-06T22:58:12Z,2026-07-07T06:58:12+08:00,VERIFIED_TRUE,GitHub REST Actions,GITHUB_ACTION_RUN,Python Package using Conda,push -> failure,ky46738-ops,.github/workflows/python-package-conda.yml,06109c50feb98dd669a8a6e727e04fd60c93c190,28828999080,https://github.com/lkminiPhantomWorld/welcome/actions/runs/28828999080,run_number=9; branch=main; status=completed
2026-07-06T22:58:12Z,2026-07-07T06:58:12+08:00,VERIFIED_TRUE,GitHub REST Actions,GITHUB_ACTION_RUN,Deploy to GitHub Pages,push -> success,ky46738-ops,.github/workflows/pages.yml,06109c50feb98dd669a8a6e727e04fd60c93c190,28828999033,https://github.com/lkminiPhantomWorld/welcome/actions/runs/28828999033,run_number=6; branch=main; status=completed
2026-07-06T22:58:12Z,2026-07-07T06:58:12+08:00,VERIFIED_TRUE,GitHub REST Actions,GITHUB_ACTION_RUN,Gatekeeper,push -> failure,ky46738-ops,.github/workflows/gatekeeper.yml,06109c50feb98dd669a8a6e727e04fd60c93c190,28828999027,https://github.com/lkminiPhantomWorld/welcome/actions/runs/28828999027,run_number=11; branch=main; status=completed
2026-07-06T22:58:12Z,2026-07-07T06:58:12+08:00,VERIFIED_TRUE,GitHub REST Actions,GITHUB_ACTION_RUN,Push on main,dynamic -> success,ky46738-ops,dynamic/github-code-scanning/codeql,06109c50feb98dd669a8a6e727e04fd60c93c190,28828998847,https://github.com/lkminiPhantomWorld/welcome/actions/runs/28828998847,run_number=9; branch=main; status=completed
2026-07-06T22:58:13Z,2026-07-07T06:58:13+08:00,VERIFIED_TRUE,GitHub REST Actions,GITHUB_ACTION_RUN,pages build and deployment,dynamic -> success,ky46738-ops,dynamic/pages/pages-build-deployment,06109c50feb98dd669a8a6e727e04fd60c93c190,28828999342,https://github.com/lkminiPhantomWorld/welcome/actions/runs/28828999342,run_number=5; branch=main; status=completed
2026-07-07T14:49:31Z,2026-07-07T22:49:31+08:00,VERIFIED_TRUE,local public git mirror,GITHUB_COMMIT_FILE,lkminiPhantomWorld/welcome,N ,copilot-swe-agent[bot] / committer GitHub,,1af30f340629b65acba370d9c3ac70f56f6ed82c,,https://github.com/lkminiPhantomWorld/welcome/commit/1af30f340629b65acba370d9c3ac70f56f6ed82c,Initial plan
2026-07-07T14:49:36Z,2026-07-07T22:49:36+08:00,VERIFIED_TRUE,GitHub REST Actions,GITHUB_ACTION_RUN,PR #2,dynamic -> success,Copilot,dynamic/github-code-scanning/codeql,1af30f340629b65acba370d9c3ac70f56f6ed82c,28875491529,https://github.com/lkminiPhantomWorld/welcome/actions/runs/28875491529,run_number=10; branch=refs/pull/2/head; status=completed
2026-07-07T14:49:40Z,2026-07-07T22:49:40+08:00,VERIFIED_TRUE,GitHub REST Actions,GITHUB_ACTION_RUN,Running Copilot cloud agent,dynamic -> success,Copilot,dynamic/copilot-swe-agent/copilot,1af30f340629b65acba370d9c3ac70f56f6ed82c,28875496252,https://github.com/lkminiPhantomWorld/welcome/actions/runs/28875496252,run_number=2; branch=copilot/centralization-tracker; status=completed
2026-07-07T14:52:06Z,2026-07-07T22:52:06+08:00,VERIFIED_TRUE,local public git mirror,GITHUB_COMMIT_FILE,lkminiPhantomWorld/welcome,M LOCATOR.json,copilot-swe-agent[bot] / committer GitHub,LOCATOR.json,235644d62e8296f8e672010205c0a7b47b7f4a82,,https://github.com/lkminiPhantomWorld/welcome/blob/235644d62e8296f8e672010205c0a7b47b7f4a82/LOCATOR.json,docs: add centralization tracker locator metadata
2026-07-07T14:52:10Z,2026-07-07T22:52:10+08:00,VERIFIED_TRUE,GitHub REST Actions,GITHUB_ACTION_RUN,PR #2,dynamic -> success,Copilot,dynamic/github-code-scanning/codeql,235644d62e8296f8e672010205c0a7b47b7f4a82,28875672775,https://github.com/lkminiPhantomWorld/welcome/actions/runs/28875672775,run_number=11; branch=refs/pull/2/head; status=completed
2026-07-07T14:52:33Z,2026-07-07T22:52:33+08:00,VERIFIED_TRUE,local public git mirror,GITHUB_COMMIT_FILE,lkminiPhantomWorld/welcome,M LOCATOR.json,copilot-swe-agent[bot] / committer GitHub,LOCATOR.json,364bca353b11bf49e153b0bff0b80222872831db,,https://github.com/lkminiPhantomWorld/welcome/blob/364bca353b11bf49e153b0bff0b80222872831db/LOCATOR.json,docs: refine centralization locator metadata
2026-07-07T14:52:37Z,2026-07-07T22:52:37+08:00,VERIFIED_TRUE,GitHub REST Actions,GITHUB_ACTION_RUN,PR #2,dynamic -> success,Copilot,dynamic/github-code-scanning/codeql,364bca353b11bf49e153b0bff0b80222872831db,28875703873,https://github.com/lkminiPhantomWorld/welcome/actions/runs/28875703873,run_number=12; branch=refs/pull/2/head; status=completed
2026-07-07T15:02:46Z,2026-07-07T23:02:46+08:00,VERIFIED_TRUE,GitHub REST Actions,GITHUB_ACTION_RUN,Running Copilot cloud agent,dynamic -> success,Copilot,dynamic/copilot-swe-agent/copilot,364bca353b11bf49e153b0bff0b80222872831db,28876426348,https://github.com/lkminiPhantomWorld/welcome/actions/runs/28876426348,run_number=3; branch=copilot/centralization-tracker; status=completed
2026-07-07T15:11:16Z,2026-07-07T23:11:16+08:00,VERIFIED_TRUE,GitHub REST Actions,GITHUB_ACTION_RUN,Running Copilot cloud agent,dynamic -> success,Copilot,dynamic/copilot-swe-agent/copilot,364bca353b11bf49e153b0bff0b80222872831db,28877009032,https://github.com/lkminiPhantomWorld/welcome/actions/runs/28877009032,run_number=4; branch=copilot/centralization-tracker; status=completed
2026-07-07T15:12:55Z,2026-07-07T23:12:55+08:00,VERIFIED_TRUE,GitHub REST Actions,GITHUB_ACTION_RUN,Running Copilot cloud agent,dynamic -> success,Copilot,dynamic/copilot-swe-agent/copilot,364bca353b11bf49e153b0bff0b80222872831db,28877120363,https://github.com/lkminiPhantomWorld/welcome/actions/runs/28877120363,run_number=5; branch=copilot/centralization-tracker; status=completed
2026-07-07T15:14:39Z,2026-07-07T23:14:39+08:00,VERIFIED_TRUE,GitHub REST Actions,GITHUB_ACTION_RUN,Running Copilot cloud agent,dynamic -> success,Copilot,dynamic/copilot-swe-agent/copilot,364bca353b11bf49e153b0bff0b80222872831db,28877239315,https://github.com/lkminiPhantomWorld/welcome/actions/runs/28877239315,run_number=6; branch=copilot/centralization-tracker; status=completed
2026-07-07T15:16:28Z,2026-07-07T23:16:28+08:00,VERIFIED_TRUE,local public git mirror,GITHUB_COMMIT_FILE,lkminiPhantomWorld/welcome,M LINEAGE.md,copilot-swe-agent[bot] / committer GitHub,LINEAGE.md,ffe5f9fd9f0f5a81f41a837751336888662e52d6,,https://github.com/lkminiPhantomWorld/welcome/blob/ffe5f9fd9f0f5a81f41a837751336888662e52d6/LINEAGE.md,docs: refresh mini sha256 records
2026-07-07T15:16:28Z,2026-07-07T23:16:28+08:00,VERIFIED_TRUE,local public git mirror,GITHUB_COMMIT_FILE,lkminiPhantomWorld/welcome,M SHA256SUMS,copilot-swe-agent[bot] / committer GitHub,SHA256SUMS,ffe5f9fd9f0f5a81f41a837751336888662e52d6,,https://github.com/lkminiPhantomWorld/welcome/blob/ffe5f9fd9f0f5a81f41a837751336888662e52d6/SHA256SUMS,docs: refresh mini sha256 records
2026-07-07T15:16:31Z,2026-07-07T23:16:31+08:00,VERIFIED_TRUE,GitHub REST Actions,GITHUB_ACTION_RUN,PR #2,dynamic -> success,Copilot,dynamic/github-code-scanning/codeql,ffe5f9fd9f0f5a81f41a837751336888662e52d6,28877371563,https://github.com/lkminiPhantomWorld/welcome/actions/runs/28877371563,run_number=13; branch=refs/pull/2/head; status=completed
2026-07-07T15:16:33Z,2026-07-07T23:16:33+08:00,VERIFIED_TRUE,GitHub REST Actions,GITHUB_ACTION_RUN,Python Package using Conda,push -> failure,Copilot,.github/workflows/python-package-conda.yml,ffe5f9fd9f0f5a81f41a837751336888662e52d6,28877373713,https://github.com/lkminiPhantomWorld/welcome/actions/runs/28877373713,run_number=12; branch=copilot/centralization-tracker; status=completed
2026-07-07T15:16:34Z,2026-07-07T23:16:34+08:00,VERIFIED_TRUE,GitHub REST Actions,GITHUB_ACTION_RUN,Gatekeeper,push -> failure,Copilot,.github/workflows/gatekeeper.yml,ffe5f9fd9f0f5a81f41a837751336888662e52d6,28877375218,https://github.com/lkminiPhantomWorld/welcome/actions/runs/28877375218,run_number=17; branch=copilot/centralization-tracker; status=completed
2026-07-07T15:16:36Z,2026-07-07T23:16:36+08:00,VERIFIED_TRUE,GitHub REST Actions,GITHUB_ACTION_RUN,Gatekeeper,pull_request -> failure,Copilot,.github/workflows/gatekeeper.yml,ffe5f9fd9f0f5a81f41a837751336888662e52d6,28877377278,https://github.com/lkminiPhantomWorld/welcome/actions/runs/28877377278,run_number=18; branch=copilot/centralization-tracker; status=completed
2026-07-07T15:17:49Z,2026-07-07T23:17:49+08:00,VERIFIED_TRUE,GitHub REST Actions,GITHUB_ACTION_RUN,Running Copilot cloud agent,dynamic -> success,Copilot,dynamic/copilot-swe-agent/copilot,ffe5f9fd9f0f5a81f41a837751336888662e52d6,28877460540,https://github.com/lkminiPhantomWorld/welcome/actions/runs/28877460540,run_number=7; branch=copilot/centralization-tracker; status=completed
2026-07-07T15:20:41Z,2026-07-07T23:20:41+08:00,VERIFIED_TRUE,GitHub REST Actions,GITHUB_ACTION_RUN,Running Copilot Code Review,dynamic -> success,Copilot,dynamic/agents/copilot-pull-request-reviewer,ffe5f9fd9f0f5a81f41a837751336888662e52d6,28877655072,https://github.com/lkminiPhantomWorld/welcome/actions/runs/28877655072,run_number=2; branch=copilot/centralization-tracker; status=completed
2026-07-07T15:21:13Z,2026-07-07T23:21:13+08:00,VERIFIED_TRUE,GitHub REST Actions,GITHUB_ACTION_RUN,Running Copilot Code Review,dynamic -> success,Copilot,dynamic/agents/copilot-pull-request-reviewer,ffe5f9fd9f0f5a81f41a837751336888662e52d6,28877692387,https://github.com/lkminiPhantomWorld/welcome/actions/runs/28877692387,run_number=3; branch=copilot/centralization-tracker; status=completed
2026-07-09T10:54:38Z,2026-07-09T18:54:38+08:00,VERIFIED_TRUE,local public git mirror,GITHUB_COMMIT_FILE,lkminiPhantomWorld/welcome,A mini/index.html,Kevin Yang / committer Kevin Yang,mini/index.html,93bb724561dbfb353cf19406ab66a8f7f87a4a38,,https://github.com/lkminiPhantomWorld/welcome/blob/93bb724561dbfb353cf19406ab66a8f7f87a4a38/mini/index.html,接上 LKMini 公開頁與私有格入口
2026-07-09T10:56:05Z,2026-07-09T18:56:05+08:00,VERIFIED_TRUE,local public git mirror,GITHUB_COMMIT_FILE,lkminiPhantomWorld/welcome,D mini/index.html,Kevin Yang / committer Kevin Yang,mini/index.html,ad13d295f210d8708be1bc6ac52c80d7017f83ed,,https://github.com/lkminiPhantomWorld/welcome/blob/ad13d295f210d8708be1bc6ac52c80d7017f83ed/mini/index.html,清理誤接的 Mini 公開頁
2026-07-11T08:23:01Z,2026-07-11T16:23:01+08:00,VERIFIED_TRUE,GitHub REST Actions,GITHUB_ACTION_RUN,Scheduled,dynamic -> success,github-advanced-security[bot],dynamic/github-code-scanning/codeql,06109c50feb98dd669a8a6e727e04fd60c93c190,29146026677,https://github.com/lkminiPhantomWorld/welcome/actions/runs/29146026677,run_number=14; branch=main; status=completed
2026-07-13T13:11:47Z,2026-07-13T21:11:47+08:00,VERIFIED_TRUE,local public git mirror,GITHUB_COMMIT_FILE,lkminiPhantomWorld/welcome,A phantom-capsule/README.md,Kevin Yang / committer Kevin Yang,phantom-capsule/README.md,4a2a8144660bdeecf6a8ffd1af625d1323b08c9f,,https://github.com/lkminiPhantomWorld/welcome/blob/4a2a8144660bdeecf6a8ffd1af625d1323b08c9f/phantom-capsule/README.md,公開幻影膠囊免費啟動方案
2026-07-13T13:12:12Z,2026-07-13T21:12:12+08:00,VERIFIED_TRUE,local public git mirror,GITHUB_COMMIT_FILE,lkminiPhantomWorld/welcome,A phantom-capsule/index.html,Kevin Yang / committer Kevin Yang,phantom-capsule/index.html,8107d55a264c370db5ef44926275bf2599bc66c8,,https://github.com/lkminiPhantomWorld/welcome/blob/8107d55a264c370db5ef44926275bf2599bc66c8/phantom-capsule/index.html,建立幻影膠囊免費公開入口
2026-07-13T13:13:20Z,2026-07-13T21:13:20+08:00,VERIFIED_TRUE,local public git mirror,GITHUB_COMMIT_FILE,lkminiPhantomWorld/welcome,A company/README.md,Kevin Yang / committer Kevin Yang,company/README.md,66b85d9caade13ceaf36dcdacccef63f714776e7,,https://github.com/lkminiPhantomWorld/welcome/blob/66b85d9caade13ceaf36dcdacccef63f714776e7/company/README.md,建立幻影膠囊公司入口與合作說明
2026-07-13T13:13:42Z,2026-07-13T21:13:42+08:00,VERIFIED_TRUE,local public git mirror,GITHUB_COMMIT_FILE,lkminiPhantomWorld/welcome,A company/index.html,Kevin Yang / committer Kevin Yang,company/index.html,c11e266c3e2953e273dda09ee42af7249a947f6a,,https://github.com/lkminiPhantomWorld/welcome/blob/c11e266c3e2953e273dda09ee42af7249a947f6a/company/index.html,建立幻影膠囊公司公開頁
2026-07-13T13:26:15Z,2026-07-13T21:26:15+08:00,VERIFIED_TRUE,local public git mirror,GITHUB_COMMIT_FILE,lkminiPhantomWorld/welcome,A company/roadmap.html,Kevin Yang / committer Kevin Yang,company/roadmap.html,72ba9b7ba494829335396ccd8bc5196ce39d103e,,https://github.com/lkminiPhantomWorld/welcome/blob/72ba9b7ba494829335396ccd8bc5196ce39d103e/company/roadmap.html,建立公司成立與設備規劃公開路線圖
2026-07-13T13:26:33Z,2026-07-13T21:26:33+08:00,VERIFIED_TRUE,local public git mirror,GITHUB_COMMIT_FILE,lkminiPhantomWorld/welcome,A company/legal-process.md,Kevin Yang / committer Kevin Yang,company/legal-process.md,786be733e7168219f493870706b1ecc81b8789ec,,https://github.com/lkminiPhantomWorld/welcome/blob/786be733e7168219f493870706b1ecc81b8789ec/company/legal-process.md,建立公司法定程序最小揭露工作規則
2026-07-13T13:26:53Z,2026-07-13T21:26:53+08:00,VERIFIED_TRUE,local public git mirror,GITHUB_COMMIT_FILE,lkminiPhantomWorld/welcome,M company/index.html,Kevin Yang / committer Kevin Yang,company/index.html,06ec920bec793553b2154fda0d556aaf6d385ea7,,https://github.com/lkminiPhantomWorld/welcome/blob/06ec920bec793553b2154fda0d556aaf6d385ea7/company/index.html,更新公司官網加入成立路線圖與法定程序
2026-07-13T14:30:03Z,2026-07-13T22:30:03+08:00,VERIFIED_TRUE,local public git mirror,GITHUB_COMMIT_FILE,lkminiPhantomWorld/welcome,A company/enterprise-goal-principle.md,Kevin Yang / committer Kevin Yang,company/enterprise-goal-principle.md,1ecda250137bf119fd5aa0f0211ee7e6b8fba859,,https://github.com/lkminiPhantomWorld/welcome/blob/1ecda250137bf119fd5aa0f0211ee7e6b8fba859/company/enterprise-goal-principle.md,凍結企業目標原則
2026-07-13T14:30:36Z,2026-07-13T22:30:36+08:00,VERIFIED_TRUE,local public git mirror,GITHUB_COMMIT_FILE,lkminiPhantomWorld/welcome,M company/index.html,Kevin Yang / committer Kevin Yang,company/index.html,5257abdf303d639a610d34e560d26f56255d4e03,,https://github.com/lkminiPhantomWorld/welcome/blob/5257abdf303d639a610d34e560d26f56255d4e03/company/index.html,公司首頁加入凍結企業目標原則
2026-07-13T15:22:18Z,2026-07-13T23:22:18+08:00,VERIFIED_TRUE,local public git mirror,GITHUB_COMMIT_FILE,lkminiPhantomWorld/welcome,A system-install/index.html,Kevin Yang / committer Kevin Yang,system-install/index.html,b46db04c52cc88af73cfc7c9b0cc1cb6882bc537,,https://github.com/lkminiPhantomWorld/welcome/blob/b46db04c52cc88af73cfc7c9b0cc1cb6882bc537/system-install/index.html,新增幻影膠囊公開安裝入口
2026-07-13T15:22:29Z,2026-07-13T23:22:29+08:00,VERIFIED_TRUE,local public git mirror,GITHUB_COMMIT_FILE,lkminiPhantomWorld/welcome,A system-install/manifest.webmanifest,Kevin Yang / committer Kevin Yang,system-install/manifest.webmanifest,2d779a7e4693f21d17959f0876076c4a03be2ec4,,https://github.com/lkminiPhantomWorld/welcome/blob/2d779a7e4693f21d17959f0876076c4a03be2ec4/system-install/manifest.webmanifest,新增幻影膠囊安裝資訊
2026-07-13T15:22:42Z,2026-07-13T23:22:42+08:00,VERIFIED_TRUE,local public git mirror,GITHUB_COMMIT_FILE,lkminiPhantomWorld/welcome,A system-install/icon.svg,Kevin Yang / committer Kevin Yang,system-install/icon.svg,50cb2e0f82b905b38b787720ac06ed21a8451951,,https://github.com/lkminiPhantomWorld/welcome/blob/50cb2e0f82b905b38b787720ac06ed21a8451951/system-install/icon.svg,新增幻影膠囊圖示
2026-07-13T15:22:58Z,2026-07-13T23:22:58+08:00,VERIFIED_TRUE,local public git mirror,GITHUB_COMMIT_FILE,lkminiPhantomWorld/welcome,A system-install/service-worker.js,Kevin Yang / committer Kevin Yang,system-install/service-worker.js,f81557875808c6df6e68248c6dd95f8a8d9aec63,,https://github.com/lkminiPhantomWorld/welcome/blob/f81557875808c6df6e68248c6dd95f8a8d9aec63/system-install/service-worker.js,新增幻影膠囊離線入口
2026-07-13T15:23:10Z,2026-07-13T23:23:10+08:00,VERIFIED_TRUE,local public git mirror,GITHUB_COMMIT_FILE,lkminiPhantomWorld/welcome,A system-install/README.md,Kevin Yang / committer Kevin Yang,system-install/README.md,a02921a8f353e8219d56f94c76f0f9840185a77a,,https://github.com/lkminiPhantomWorld/welcome/blob/a02921a8f353e8219d56f94c76f0f9840185a77a/system-install/README.md,新增幻影膠囊公開安裝說明
2026-07-13T15:23:37Z,2026-07-13T23:23:37+08:00,VERIFIED_TRUE,local public git mirror,GITHUB_COMMIT_FILE,lkminiPhantomWorld/welcome,A system-install/open-source-registry.json,Kevin Yang / committer Kevin Yang,system-install/open-source-registry.json,ad52581f85d186980a0f8caee171e57d948e5bd6,,https://github.com/lkminiPhantomWorld/welcome/blob/ad52581f85d186980a0f8caee171e57d948e5bd6/system-install/open-source-registry.json,建立開源共學來源總帳
2026-07-13T15:23:56Z,2026-07-13T23:23:56+08:00,VERIFIED_TRUE,local public git mirror,GITHUB_COMMIT_FILE,lkminiPhantomWorld/welcome,A system-install/thanks.md,Kevin Yang / committer Kevin Yang,system-install/thanks.md,2bb7eecefc7f7d8c25b788bc09f177672db3a792,,https://github.com/lkminiPhantomWorld/welcome/blob/2bb7eecefc7f7d8c25b788bc09f177672db3a792/system-install/thanks.md,建立開源共學致謝候選
2026-07-13T15:24:27Z,2026-07-13T23:24:27+08:00,VERIFIED_TRUE,local public git mirror,GITHUB_COMMIT_FILE,lkminiPhantomWorld/welcome,A system-install/open-source.html,Kevin Yang / committer Kevin Yang,system-install/open-source.html,b957fb14db8f0a4f7f2d628ccd698c5da4f4b9fb,,https://github.com/lkminiPhantomWorld/welcome/blob/b957fb14db8f0a4f7f2d628ccd698c5da4f4b9fb/system-install/open-source.html,新增開源共學公開頁
2026-07-13T15:26:41Z,2026-07-13T23:26:41+08:00,VERIFIED_TRUE,local public git mirror,GITHUB_COMMIT_FILE,lkminiPhantomWorld/welcome,A system-install/capsule.css,Kevin Yang / committer Kevin Yang,system-install/capsule.css,3bd440d95e2f46f72231f5f6b9302ce4f478e376,,https://github.com/lkminiPhantomWorld/welcome/blob/3bd440d95e2f46f72231f5f6b9302ce4f478e376/system-install/capsule.css,新增幻影膠囊介面樣式
2026-07-13T15:27:34Z,2026-07-13T23:27:34+08:00,VERIFIED_TRUE,local public git mirror,GITHUB_COMMIT_FILE,lkminiPhantomWorld/welcome,A system-install/capsule.html,Kevin Yang / committer Kevin Yang,system-install/capsule.html,c4aa7dfafe56f9c71446ef8d0f0b8e7b641f4277,,https://github.com/lkminiPhantomWorld/welcome/blob/c4aa7dfafe56f9c71446ef8d0f0b8e7b641f4277/system-install/capsule.html,新增可用個人幻影膠囊
2026-07-13T15:28:36Z,2026-07-13T23:28:36+08:00,VERIFIED_TRUE,local public git mirror,GITHUB_COMMIT_FILE,lkminiPhantomWorld/welcome,A system-install/capsule.js,Kevin Yang / committer Kevin Yang,system-install/capsule.js,cef5d43b91ef2081ee4a14aa1744381da1c95203,,https://github.com/lkminiPhantomWorld/welcome/blob/cef5d43b91ef2081ee4a14aa1744381da1c95203/system-install/capsule.js,新增幻影膠囊本機能力
2026-07-13T15:30:51Z,2026-07-13T23:30:51+08:00,VERIFIED_TRUE,local public git mirror,GITHUB_COMMIT_FILE,lkminiPhantomWorld/welcome,M .github/workflows/pages.yml,Kevin Yang / committer Kevin Yang,.github/workflows/pages.yml,697ea2f56d704cfee788b1a568e6931140892e39,,https://github.com/lkminiPhantomWorld/welcome/blob/697ea2f56d704cfee788b1a568e6931140892e39/.github/workflows/pages.yml,更新 GitHub Pages 部署動作
2026-07-14T11:30:47Z,2026-07-14T19:30:47+08:00,VERIFIED_TRUE,local public git mirror,GITHUB_COMMIT_FILE,lkminiPhantomWorld/welcome,A mounts/huge-gear-master/index.html,Kevin Yang / committer Kevin Yang,mounts/huge-gear-master/index.html,1e751db4a801c60672121e632671346911068f0d,,https://github.com/lkminiPhantomWorld/welcome/blob/1e751db4a801c60672121e632671346911068f0d/mounts/huge-gear-master/index.html,feat: 掛載胡哥裝備大師非破壞入口
2026-07-14T11:31:02Z,2026-07-14T19:31:02+08:00,VERIFIED_TRUE,local public git mirror,GITHUB_COMMIT_FILE,lkminiPhantomWorld/welcome,A mounts/huge-gear-master/MountReceipt.json,Kevin Yang / committer Kevin Yang,mounts/huge-gear-master/MountReceipt.json,a2d746d8193fa264f64a0d41e670c6f64ca70a44,,https://github.com/lkminiPhantomWorld/welcome/blob/a2d746d8193fa264f64a0d41e670c6f64ca70a44/mounts/huge-gear-master/MountReceipt.json,chore: 新增胡哥掛載回執
2026-07-14T12:22:45Z,2026-07-14T20:22:45+08:00,VERIFIED_TRUE,local public git mirror,GITHUB_COMMIT_FILE,lkminiPhantomWorld/welcome,A mini/index.html,Kevin Yang / committer Kevin Yang,mini/index.html,08157c54780ec914ae1d4eeed8c6e1ba10011b80,,https://github.com/lkminiPhantomWorld/welcome/blob/08157c54780ec914ae1d4eeed8c6e1ba10011b80/mini/index.html,fix: 建立 Mini 唯讀公開轉接頁
2026-07-14T12:23:15Z,2026-07-14T20:23:15+08:00,VERIFIED_TRUE,local public git mirror,GITHUB_COMMIT_FILE,lkminiPhantomWorld/welcome,M index.html,Kevin Yang / committer Kevin Yang,index.html,60321b078dd56bf7cc9d4477fe423c962239d4ea,,https://github.com/lkminiPhantomWorld/welcome/blob/60321b078dd56bf7cc9d4477fe423c962239d4ea/index.html,fix: 修復唯一路口錯投卡片與接線
2026-07-14T12:24:31Z,2026-07-14T20:24:31+08:00,VERIFIED_TRUE,local public git mirror,GITHUB_COMMIT_FILE,lkminiPhantomWorld/welcome,M index.html,Kevin Yang / committer Kevin Yang,index.html,a245f16fc0f1b84338b252a173023de5fc510d7c,,https://github.com/lkminiPhantomWorld/welcome/blob/a245f16fc0f1b84338b252a173023de5fc510d7c/index.html,fix: 將未完成瀏覽器實測的膠囊移出可用成品區
2026-07-14T12:25:10Z,2026-07-14T20:25:10+08:00,VERIFIED_TRUE,local public git mirror,GITHUB_COMMIT_FILE,lkminiPhantomWorld/welcome,A mounts/huge-gear-master/batches/20260714-portal-assets-01/Receipt.json,Kevin Yang / committer Kevin Yang,mounts/huge-gear-master/batches/20260714-portal-assets-01/Receipt.json,a749d7c85c88b7299da055bad26cba4c4d4a4cf5,,https://github.com/lkminiPhantomWorld/welcome/blob/a749d7c85c88b7299da055bad26cba4c4d4a4cf5/mounts/huge-gear-master/batches/20260714-portal-assets-01/Receipt.json,chore: 寫入入口資產兩輪修復回執
2026-07-14T12:26:11Z,2026-07-14T20:26:11+08:00,VERIFIED_TRUE,local public git mirror,GITHUB_COMMIT_FILE,lkminiPhantomWorld/welcome,A mounts/huge-gear-master/batches/20260714-portal-assets-01/index.html,Kevin Yang / committer Kevin Yang,mounts/huge-gear-master/batches/20260714-portal-assets-01/index.html,b40aba37bdb4fb9c92de29494684fc4741ee6d4f,,https://github.com/lkminiPhantomWorld/welcome/blob/b40aba37bdb4fb9c92de29494684fc4741ee6d4f/mounts/huge-gear-master/batches/20260714-portal-assets-01/index.html,feat: 建立入口資產兩輪施工快顯回執
2026-07-14T12:26:26Z,2026-07-14T20:26:26+08:00,VERIFIED_TRUE,local public git mirror,GITHUB_COMMIT_FILE,lkminiPhantomWorld/welcome,M mounts/huge-gear-master/index.html,Kevin Yang / committer Kevin Yang,mounts/huge-gear-master/index.html,1a71de9ee34afa07c684eb54b0395bcebc5e8cf2,,https://github.com/lkminiPhantomWorld/welcome/blob/1a71de9ee34afa07c684eb54b0395bcebc5e8cf2/mounts/huge-gear-master/index.html,feat: 接入胡哥入口資產修復批次回執
2026-07-14T12:27:28Z,2026-07-14T20:27:28+08:00,VERIFIED_TRUE,local public git mirror,GITHUB_COMMIT_FILE,lkminiPhantomWorld/welcome,M mounts/huge-gear-master/index.html,Kevin Yang / committer Kevin Yang,mounts/huge-gear-master/index.html,f87162e3672cdbde81e3bfa0a57ba454b95f42e3,,https://github.com/lkminiPhantomWorld/welcome/blob/f87162e3672cdbde81e3bfa0a57ba454b95f42e3/mounts/huge-gear-master/index.html,fix: 更正公開 Pages 讀回狀態
2026-07-14T12:27:56Z,2026-07-14T20:27:56+08:00,VERIFIED_TRUE,local public git mirror,GITHUB_COMMIT_FILE,lkminiPhantomWorld/welcome,A mounts/huge-gear-master/batches/20260714-portal-assets-01/ExecutionOutput.json,Kevin Yang / committer Kevin Yang,mounts/huge-gear-master/batches/20260714-portal-assets-01/ExecutionOutput.json,d86b5efc0a639c4715a36d323928f77642a89eb1,,https://github.com/lkminiPhantomWorld/welcome/blob/d86b5efc0a639c4715a36d323928f77642a89eb1/mounts/huge-gear-master/batches/20260714-portal-assets-01/ExecutionOutput.json,chore: 寫入入口資產批次最終執行輸出
2026-07-14T12:28:11Z,2026-07-14T20:28:11+08:00,VERIFIED_TRUE,local public git mirror,GITHUB_COMMIT_FILE,lkminiPhantomWorld/welcome,M mounts/huge-gear-master/index.html,Kevin Yang / committer Kevin Yang,mounts/huge-gear-master/index.html,7213c36b85fb95ef7bda1dddbb0bb5c0444bba42,,https://github.com/lkminiPhantomWorld/welcome/blob/7213c36b85fb95ef7bda1dddbb0bb5c0444bba42/mounts/huge-gear-master/index.html,feat: 接入最終執行輸出
2026-07-14T13:25:17Z,2026-07-14T21:25:17+08:00,VERIFIED_TRUE,local public git mirror,GITHUB_COMMIT_FILE,lkminiPhantomWorld/welcome,M system-install/capsule.js,Kevin Yang / committer Kevin Yang,system-install/capsule.js,d32b5f468fff9a76c022923acf1a3b6d449e2c3e,,https://github.com/lkminiPhantomWorld/welcome/blob/d32b5f468fff9a76c022923acf1a3b6d449e2c3e/system-install/capsule.js,fix: 修復幻影膠囊支撐程式與資產隔離
2026-07-14T13:25:46Z,2026-07-14T21:25:46+08:00,VERIFIED_TRUE,local public git mirror,GITHUB_COMMIT_FILE,lkminiPhantomWorld/welcome,A system-install/capsule-selftest.html,Kevin Yang / committer Kevin Yang,system-install/capsule-selftest.html,0ca066ff9f18b520ccac90652293ce65a7bfd2f2,,https://github.com/lkminiPhantomWorld/welcome/blob/0ca066ff9f18b520ccac90652293ce65a7bfd2f2/system-install/capsule-selftest.html,test: 建立幻影膠囊可重跑自測工具
2026-07-14T13:26:30Z,2026-07-14T21:26:30+08:00,VERIFIED_TRUE,local public git mirror,GITHUB_COMMIT_FILE,lkminiPhantomWorld/welcome,A mounts/huge-gear-master/batches/20260714-capsule-support-02/StaticTestOutput.json,Kevin Yang / committer Kevin Yang,mounts/huge-gear-master/batches/20260714-capsule-support-02/StaticTestOutput.json,868161292718c942038dd4abb59c2fd857645f97,,https://github.com/lkminiPhantomWorld/welcome/blob/868161292718c942038dd4abb59c2fd857645f97/mounts/huge-gear-master/batches/20260714-capsule-support-02/StaticTestOutput.json,test: 寫入幻影膠囊靜態實測輸出
2026-07-14T13:26:59Z,2026-07-14T21:26:59+08:00,VERIFIED_TRUE,local public git mirror,GITHUB_COMMIT_FILE,lkminiPhantomWorld/welcome,A mounts/huge-gear-master/batches/20260714-capsule-support-02/Receipt.json,Kevin Yang / committer Kevin Yang,mounts/huge-gear-master/batches/20260714-capsule-support-02/Receipt.json,fe6f77420ddfe2886de2b05c44e1318a4e255dca,,https://github.com/lkminiPhantomWorld/welcome/blob/fe6f77420ddfe2886de2b05c44e1318a4e255dca/mounts/huge-gear-master/batches/20260714-capsule-support-02/Receipt.json,chore: 寫入膠囊支撐批次逐物件回執
2026-07-14T13:27:44Z,2026-07-14T21:27:44+08:00,VERIFIED_TRUE,local public git mirror,GITHUB_COMMIT_FILE,lkminiPhantomWorld/welcome,A mounts/huge-gear-master/batches/20260714-capsule-support-02/index.html,Kevin Yang / committer Kevin Yang,mounts/huge-gear-master/batches/20260714-capsule-support-02/index.html,03b5c23dc28050041cd0c9e2846d86422de0510b,,https://github.com/lkminiPhantomWorld/welcome/blob/03b5c23dc28050041cd0c9e2846d86422de0510b/mounts/huge-gear-master/batches/20260714-capsule-support-02/index.html,feat: 建立膠囊支撐兩輪施工快顯回執
2026-07-14T13:28:07Z,2026-07-14T21:28:07+08:00,VERIFIED_TRUE,local public git mirror,GITHUB_COMMIT_FILE,lkminiPhantomWorld/welcome,A mounts/huge-gear-master/batches/20260714-capsule-support-02/ExecutionOutput.json,Kevin Yang / committer Kevin Yang,mounts/huge-gear-master/batches/20260714-capsule-support-02/ExecutionOutput.json,9e4992007a362099410f6b4a1b085fc2ff71d3bf,,https://github.com/lkminiPhantomWorld/welcome/blob/9e4992007a362099410f6b4a1b085fc2ff71d3bf/mounts/huge-gear-master/batches/20260714-capsule-support-02/ExecutionOutput.json,feat: 接入膠囊支撐批次最終執行輸出
2026-07-14T13:28:31Z,2026-07-14T21:28:31+08:00,VERIFIED_TRUE,local public git mirror,GITHUB_COMMIT_FILE,lkminiPhantomWorld/welcome,M mounts/huge-gear-master/index.html,Kevin Yang / committer Kevin Yang,mounts/huge-gear-master/index.html,c17c7c11d7be7b07ee235c03d592ba5a420a579c,,https://github.com/lkminiPhantomWorld/welcome/blob/c17c7c11d7be7b07ee235c03d592ba5a420a579c/mounts/huge-gear-master/index.html,feat: 將胡哥入口接到膠囊支撐批次 02
2026-07-14T13:29:10Z,2026-07-14T21:29:10+08:00,VERIFIED_TRUE,local public git mirror,GITHUB_COMMIT_FILE,lkminiPhantomWorld/welcome,M index.html,Kevin Yang / committer Kevin Yang,index.html,33da3d95d1fd8b650c1016dc1a318f603db8bd73,,https://github.com/lkminiPhantomWorld/welcome/blob/33da3d95d1fd8b650c1016dc1a318f603db8bd73/index.html,feat: 更新唯一路口膠囊待測狀態與批次 02 回執
2026-07-14T13:30:12Z,2026-07-14T21:30:12+08:00,VERIFIED_TRUE,local public git mirror,GITHUB_COMMIT_FILE,lkminiPhantomWorld/welcome,M mounts/huge-gear-master/batches/20260714-capsule-support-02/Receipt.json,Kevin Yang / committer Kevin Yang,mounts/huge-gear-master/batches/20260714-capsule-support-02/Receipt.json,af4d0001a5a07e151d3a852964f9019377e2587c,,https://github.com/lkminiPhantomWorld/welcome/blob/af4d0001a5a07e151d3a852964f9019377e2587c/mounts/huge-gear-master/batches/20260714-capsule-support-02/Receipt.json,fix: 更正批次 02 入口原始碼修復紀錄
2026-07-14T13:30:46Z,2026-07-14T21:30:46+08:00,VERIFIED_TRUE,local public git mirror,GITHUB_COMMIT_FILE,lkminiPhantomWorld/welcome,M mounts/huge-gear-master/batches/20260714-capsule-support-02/ExecutionOutput.json,Kevin Yang / committer Kevin Yang,mounts/huge-gear-master/batches/20260714-capsule-support-02/ExecutionOutput.json,0e7d4f7f0321bb4478dc50d0ad1402aab181de62,,https://github.com/lkminiPhantomWorld/welcome/blob/0e7d4f7f0321bb4478dc50d0ad1402aab181de62/mounts/huge-gear-master/batches/20260714-capsule-support-02/ExecutionOutput.json,fix: 補齊批次 02 後續接線提交
2026-07-14T13:31:30Z,2026-07-14T21:31:30+08:00,VERIFIED_TRUE,local public git mirror,GITHUB_COMMIT_FILE,lkminiPhantomWorld/welcome,M mounts/huge-gear-master/batches/20260714-capsule-support-02/index.html,Kevin Yang / committer Kevin Yang,mounts/huge-gear-master/batches/20260714-capsule-support-02/index.html,198385223333b047293628b0546a452e6635985a,,https://github.com/lkminiPhantomWorld/welcome/blob/198385223333b047293628b0546a452e6635985a/mounts/huge-gear-master/batches/20260714-capsule-support-02/index.html,fix: 同步批次 02 快顯回執與實際入口修復
2026-07-14T13:31:53Z,2026-07-14T21:31:53+08:00,VERIFIED_TRUE,local public git mirror,GITHUB_COMMIT_FILE,lkminiPhantomWorld/welcome,M mounts/huge-gear-master/batches/20260714-capsule-support-02/ExecutionOutput.json,Kevin Yang / committer Kevin Yang,mounts/huge-gear-master/batches/20260714-capsule-support-02/ExecutionOutput.json,0276844433ca1b3651fe8e875b1354a6ce438e94,,https://github.com/lkminiPhantomWorld/welcome/blob/0276844433ca1b3651fe8e875b1354a6ce438e94/mounts/huge-gear-master/batches/20260714-capsule-support-02/ExecutionOutput.json,fix: 納入批次 02 快顯回執同步提交
2026-07-14T14:25:30Z,2026-07-14T22:25:30+08:00,VERIFIED_TRUE,local public git mirror,GITHUB_COMMIT_FILE,lkminiPhantomWorld/welcome,A system-install/capsule-import-guard.js,Kevin Yang / committer Kevin Yang,system-install/capsule-import-guard.js,d9324fec2c94f0c781945c4ba591645a0fad34de,,https://github.com/lkminiPhantomWorld/welcome/blob/d9324fec2c94f0c781945c4ba591645a0fad34de/system-install/capsule-import-guard.js,fix: add reversible non-destructive capsule import guard
2026-07-14T14:26:09Z,2026-07-14T22:26:09+08:00,VERIFIED_TRUE,local public git mirror,GITHUB_COMMIT_FILE,lkminiPhantomWorld/welcome,M system-install/capsule.html,Kevin Yang / committer Kevin Yang,system-install/capsule.html,9bfdc3d84fd1aa44e364a6a87b2d577c79b14fc8,,https://github.com/lkminiPhantomWorld/welcome/blob/9bfdc3d84fd1aa44e364a6a87b2d577c79b14fc8/system-install/capsule.html,fix: wire capsule import guard after original support
2026-07-14T14:26:39Z,2026-07-14T22:26:39+08:00,VERIFIED_TRUE,local public git mirror,GITHUB_COMMIT_FILE,lkminiPhantomWorld/welcome,M system-install/capsule-selftest.html,Kevin Yang / committer Kevin Yang,system-install/capsule-selftest.html,10d682d6b98d3bd723820f6b4f7671073245cc95,,https://github.com/lkminiPhantomWorld/welcome/blob/10d682d6b98d3bd723820f6b4f7671073245cc95/system-install/capsule-selftest.html,test: extend capsule selftest for non-destructive import guard
2026-07-14T14:27:53Z,2026-07-14T22:27:53+08:00,VERIFIED_TRUE,local public git mirror,GITHUB_COMMIT_FILE,lkminiPhantomWorld/welcome,A mounts/huge-gear-master/batches/20260714-import-integrity-03/StaticTestOutput.json,Kevin Yang / committer Kevin Yang,mounts/huge-gear-master/batches/20260714-import-integrity-03/StaticTestOutput.json,a11eca32c0516da327a72e5538c6fbdae59d8761,,https://github.com/lkminiPhantomWorld/welcome/blob/a11eca32c0516da327a72e5538c6fbdae59d8761/mounts/huge-gear-master/batches/20260714-import-integrity-03/StaticTestOutput.json,test: record batch 03 import integrity results
2026-07-14T14:28:26Z,2026-07-14T22:28:26+08:00,VERIFIED_TRUE,local public git mirror,GITHUB_COMMIT_FILE,lkminiPhantomWorld/welcome,A mounts/huge-gear-master/batches/20260714-import-integrity-03/Receipt.json,Kevin Yang / committer Kevin Yang,mounts/huge-gear-master/batches/20260714-import-integrity-03/Receipt.json,0fe8874d6b08f67b45ee608073e3aecfc4f56af1,,https://github.com/lkminiPhantomWorld/welcome/blob/0fe8874d6b08f67b45ee608073e3aecfc4f56af1/mounts/huge-gear-master/batches/20260714-import-integrity-03/Receipt.json,docs: add batch 03 per-object reversible receipt
2026-07-14T14:28:50Z,2026-07-14T22:28:50+08:00,VERIFIED_TRUE,local public git mirror,GITHUB_COMMIT_FILE,lkminiPhantomWorld/welcome,A mounts/huge-gear-master/batches/20260714-import-integrity-03/index.html,Kevin Yang / committer Kevin Yang,mounts/huge-gear-master/batches/20260714-import-integrity-03/index.html,41fd9f9a151162b6a1db33a653a5c53b03619d1f,,https://github.com/lkminiPhantomWorld/welcome/blob/41fd9f9a151162b6a1db33a653a5c53b03619d1f/mounts/huge-gear-master/batches/20260714-import-integrity-03/index.html,docs: add batch 03 quick receipt page
2026-07-14T14:29:11Z,2026-07-14T22:29:11+08:00,VERIFIED_TRUE,local public git mirror,GITHUB_COMMIT_FILE,lkminiPhantomWorld/welcome,M mounts/huge-gear-master/index.html,Kevin Yang / committer Kevin Yang,mounts/huge-gear-master/index.html,a43a91d48de8e76958041716cb1048c0845946fe,,https://github.com/lkminiPhantomWorld/welcome/blob/a43a91d48de8e76958041716cb1048c0845946fe/mounts/huge-gear-master/index.html,docs: promote batch 03 as latest Hu-Ge receipt
2026-07-14T14:29:49Z,2026-07-14T22:29:49+08:00,VERIFIED_TRUE,local public git mirror,GITHUB_COMMIT_FILE,lkminiPhantomWorld/welcome,M index.html,Kevin Yang / committer Kevin Yang,index.html,b166a4f2e7732a5784d16df2c3224ec3373c083c,,https://github.com/lkminiPhantomWorld/welcome/blob/b166a4f2e7732a5784d16df2c3224ec3373c083c/index.html,docs: place batch 03 and capsule import status in unique portal
2026-07-14T14:30:55Z,2026-07-14T22:30:55+08:00,VERIFIED_TRUE,local public git mirror,GITHUB_COMMIT_FILE,lkminiPhantomWorld/welcome,A mounts/huge-gear-master/batches/20260714-import-integrity-03/ExecutionOutput.json,Kevin Yang / committer Kevin Yang,mounts/huge-gear-master/batches/20260714-import-integrity-03/ExecutionOutput.json,935b0fb78daf4f96776e27b471f90b4db3f257ec,,https://github.com/lkminiPhantomWorld/welcome/blob/935b0fb78daf4f96776e27b471f90b4db3f257ec/mounts/huge-gear-master/batches/20260714-import-integrity-03/ExecutionOutput.json,docs: finalize batch 03 execution output
2026-07-14T15:25:17Z,2026-07-14T23:25:17+08:00,VERIFIED_TRUE,local public git mirror,GITHUB_COMMIT_FILE,lkminiPhantomWorld/welcome,A tools/asset-catalog.js,Kevin Yang / committer Kevin Yang,tools/asset-catalog.js,d18d0d3e8b9bbdf1cd240532d6d1461e40064ff7,,https://github.com/lkminiPhantomWorld/welcome/blob/d18d0d3e8b9bbdf1cd240532d6d1461e40064ff7/tools/asset-catalog.js,feat: add public asset catalog for archive and search
2026-07-14T15:25:32Z,2026-07-14T23:25:32+08:00,VERIFIED_TRUE,local public git mirror,GITHUB_COMMIT_FILE,lkminiPhantomWorld/welcome,A tools/search/search-core.js,Kevin Yang / committer Kevin Yang,tools/search/search-core.js,99489ff13d29f860715898073648b032d4813a86,,https://github.com/lkminiPhantomWorld/welcome/blob/99489ff13d29f860715898073648b032d4813a86/tools/search/search-core.js,feat: add tested browser asset search core
2026-07-14T15:25:59Z,2026-07-14T23:25:59+08:00,VERIFIED_TRUE,local public git mirror,GITHUB_COMMIT_FILE,lkminiPhantomWorld/welcome,A tools/search/index.html,Kevin Yang / committer Kevin Yang,tools/search/index.html,a7d888d757621ebb279c4c7214650a6b1bd2522b,,https://github.com/lkminiPhantomWorld/welcome/blob/a7d888d757621ebb279c4c7214650a6b1bd2522b/tools/search/index.html,feat: rebuild search placeholder as public asset finder
2026-07-14T15:26:20Z,2026-07-14T23:26:20+08:00,VERIFIED_TRUE,local public git mirror,GITHUB_COMMIT_FILE,lkminiPhantomWorld/welcome,A archive/index.html,Kevin Yang / committer Kevin Yang,archive/index.html,89290352765ed5e32db2a6202ef72c23aecc3fb5,,https://github.com/lkminiPhantomWorld/welcome/blob/89290352765ed5e32db2a6202ef72c23aecc3fb5/archive/index.html,feat: rebuild archive placeholder as evidence index
2026-07-14T15:27:22Z,2026-07-14T23:27:22+08:00,VERIFIED_TRUE,local public git mirror,GITHUB_COMMIT_FILE,lkminiPhantomWorld/welcome,A mounts/huge-gear-master/batches/20260714-asset-catalog-04/StaticTestOutput.json,Kevin Yang / committer Kevin Yang,mounts/huge-gear-master/batches/20260714-asset-catalog-04/StaticTestOutput.json,fdfc99030cc08ea41dbe980d988753ca08c8d285,,https://github.com/lkminiPhantomWorld/welcome/blob/fdfc99030cc08ea41dbe980d988753ca08c8d285/mounts/huge-gear-master/batches/20260714-asset-catalog-04/StaticTestOutput.json,test: record batch 04 asset catalog and search results
2026-07-14T15:28:01Z,2026-07-14T23:28:01+08:00,VERIFIED_TRUE,local public git mirror,GITHUB_COMMIT_FILE,lkminiPhantomWorld/welcome,M index.html,Kevin Yang / committer Kevin Yang,index.html,7c59ba14a981f9e2776cc9146172993117e53775,,https://github.com/lkminiPhantomWorld/welcome/blob/7c59ba14a981f9e2776cc9146172993117e53775/index.html,feat: place rebuilt archive and search assets in pending deployment area
2026-07-14T15:28:50Z,2026-07-14T23:28:50+08:00,VERIFIED_TRUE,local public git mirror,GITHUB_COMMIT_FILE,lkminiPhantomWorld/welcome,A mounts/huge-gear-master/batches/20260714-asset-catalog-04/Receipt.json,Kevin Yang / committer Kevin Yang,mounts/huge-gear-master/batches/20260714-asset-catalog-04/Receipt.json,ddc36d9fb7460038feaccc9406bedb5321e99d7d,,https://github.com/lkminiPhantomWorld/welcome/blob/ddc36d9fb7460038feaccc9406bedb5321e99d7d/mounts/huge-gear-master/batches/20260714-asset-catalog-04/Receipt.json,docs: add batch 04 per-object reversible receipt
2026-07-14T15:29:12Z,2026-07-14T23:29:12+08:00,VERIFIED_TRUE,local public git mirror,GITHUB_COMMIT_FILE,lkminiPhantomWorld/welcome,A mounts/huge-gear-master/batches/20260714-asset-catalog-04/index.html,Kevin Yang / committer Kevin Yang,mounts/huge-gear-master/batches/20260714-asset-catalog-04/index.html,7bc4fe69f727e850cdc642c8fab9d9f7a3a45728,,https://github.com/lkminiPhantomWorld/welcome/blob/7bc4fe69f727e850cdc642c8fab9d9f7a3a45728/mounts/huge-gear-master/batches/20260714-asset-catalog-04/index.html,docs: add batch 04 quick receipt page
2026-07-14T15:29:30Z,2026-07-14T23:29:30+08:00,VERIFIED_TRUE,local public git mirror,GITHUB_COMMIT_FILE,lkminiPhantomWorld/welcome,M mounts/huge-gear-master/index.html,Kevin Yang / committer Kevin Yang,mounts/huge-gear-master/index.html,3c1a1b9ef1c7a30a08e66a40ae12077fb3a43aac,,https://github.com/lkminiPhantomWorld/welcome/blob/3c1a1b9ef1c7a30a08e66a40ae12077fb3a43aac/mounts/huge-gear-master/index.html,docs: promote batch 04 as latest Hu-Ge receipt
2026-07-14T15:30:00Z,2026-07-14T23:30:00+08:00,VERIFIED_TRUE,local public git mirror,GITHUB_COMMIT_FILE,lkminiPhantomWorld/welcome,A mounts/huge-gear-master/batches/20260714-asset-catalog-04/ExecutionOutput.json,Kevin Yang / committer Kevin Yang,mounts/huge-gear-master/batches/20260714-asset-catalog-04/ExecutionOutput.json,eecd4c7d0f320db484c73e7f3ecb33295b04dacd,,https://github.com/lkminiPhantomWorld/welcome/blob/eecd4c7d0f320db484c73e7f3ecb33295b04dacd/mounts/huge-gear-master/batches/20260714-asset-catalog-04/ExecutionOutput.json,docs: finalize batch 04 execution output
2026-07-14T20:50:15Z,2026-07-15T04:50:15+08:00,VERIFIED_TRUE,GitHub REST Actions,GITHUB_ACTION_RUN,Deploy to GitHub Pages,push -> success,ky46738-ops,.github/workflows/pages.yml,0b22caf930dcda7cf5170ab6a62c1b97e1af068b,29367253473,https://github.com/lkminiPhantomWorld/welcome/actions/runs/29367253473,run_number=7; branch=main; status=completed
2026-07-14T20:50:15Z,2026-07-15T04:50:15+08:00,VERIFIED_TRUE,GitHub REST Actions,GITHUB_ACTION_RUN,Gatekeeper,push -> failure,ky46738-ops,.github/workflows/gatekeeper.yml,0b22caf930dcda7cf5170ab6a62c1b97e1af068b,29367253468,https://github.com/lkminiPhantomWorld/welcome/actions/runs/29367253468,run_number=19; branch=main; status=completed
2026-07-14T20:50:15Z,2026-07-15T04:50:15+08:00,VERIFIED_TRUE,GitHub REST Actions,GITHUB_ACTION_RUN,Python Package using Conda,push -> failure,ky46738-ops,.github/workflows/python-package-conda.yml,0b22caf930dcda7cf5170ab6a62c1b97e1af068b,29367253417,https://github.com/lkminiPhantomWorld/welcome/actions/runs/29367253417,run_number=13; branch=main; status=completed
2026-07-14T20:50:15Z,2026-07-15T04:50:15+08:00,VERIFIED_TRUE,GitHub REST Actions,GITHUB_ACTION_RUN,pages build and deployment,dynamic -> success,ky46738-ops,dynamic/pages/pages-build-deployment,0b22caf930dcda7cf5170ab6a62c1b97e1af068b,29367252911,https://github.com/lkminiPhantomWorld/welcome/actions/runs/29367252911,run_number=6; branch=main; status=completed
2026-07-14T20:50:15Z,2026-07-15T04:50:15+08:00,VERIFIED_TRUE,GitHub REST Actions,GITHUB_ACTION_RUN,Push on main,dynamic -> success,github-advanced-security[bot],dynamic/github-code-scanning/codeql,0b22caf930dcda7cf5170ab6a62c1b97e1af068b,29367252732,https://github.com/lkminiPhantomWorld/welcome/actions/runs/29367252732,run_number=15; branch=main; status=completed
2026-07-14T21:02:48Z,2026-07-15T05:02:48+08:00,VERIFIED_TRUE,GitHub REST Actions,GITHUB_ACTION_RUN,pages build and deployment,dynamic -> success,ky46738-ops,dynamic/pages/pages-build-deployment,710b65a1eff4ef9b2697f9eb4748aa9db08d00fc,29368058909,https://github.com/lkminiPhantomWorld/welcome/actions/runs/29368058909,run_number=7; branch=main; status=completed
2026-07-14T21:02:48Z,2026-07-15T05:02:48+08:00,VERIFIED_TRUE,GitHub REST Actions,GITHUB_ACTION_RUN,Push on main,dynamic -> success,ky46738-ops,dynamic/github-code-scanning/codeql,710b65a1eff4ef9b2697f9eb4748aa9db08d00fc,29368058636,https://github.com/lkminiPhantomWorld/welcome/actions/runs/29368058636,run_number=16; branch=main; status=completed
2026-07-14T21:02:49Z,2026-07-15T05:02:49+08:00,VERIFIED_TRUE,GitHub REST Actions,GITHUB_ACTION_RUN,Gatekeeper,push -> failure,ky46738-ops,.github/workflows/gatekeeper.yml,710b65a1eff4ef9b2697f9eb4748aa9db08d00fc,29368059445,https://github.com/lkminiPhantomWorld/welcome/actions/runs/29368059445,run_number=20; branch=main; status=completed
2026-07-14T21:02:49Z,2026-07-15T05:02:49+08:00,VERIFIED_TRUE,GitHub REST Actions,GITHUB_ACTION_RUN,Python Package using Conda,push -> failure,ky46738-ops,.github/workflows/python-package-conda.yml,710b65a1eff4ef9b2697f9eb4748aa9db08d00fc,29368059432,https://github.com/lkminiPhantomWorld/welcome/actions/runs/29368059432,run_number=14; branch=main; status=completed
2026-07-14T21:02:49Z,2026-07-15T05:02:49+08:00,VERIFIED_TRUE,GitHub REST Actions,GITHUB_ACTION_RUN,Deploy to GitHub Pages,push -> success,ky46738-ops,.github/workflows/pages.yml,710b65a1eff4ef9b2697f9eb4748aa9db08d00fc,29368059419,https://github.com/lkminiPhantomWorld/welcome/actions/runs/29368059419,run_number=8; branch=main; status=completed
2026-07-15T13:59:18Z,2026-07-15T21:59:18+08:00,VERIFIED_TRUE,local public git mirror,GITHUB_COMMIT_FILE,lkminiPhantomWorld/welcome,A archive/welcome-index-pre-canonical-20260715.html,Kevin Yang / committer Kevin Yang,archive/welcome-index-pre-canonical-20260715.html,f2b9af970466e8d60d81605d91b61975b252be51,,https://github.com/lkminiPhantomWorld/welcome/blob/f2b9af970466e8d60d81605d91b61975b252be51/archive/welcome-index-pre-canonical-20260715.html,archive previous Welcome entry before canonical rewrite
2026-07-15T14:01:25Z,2026-07-15T22:01:25+08:00,VERIFIED_TRUE,local public git mirror,GITHUB_COMMIT_FILE,lkminiPhantomWorld/welcome,M index.html,Kevin Yang / committer Kevin Yang,index.html,92964079b886ed1f9d3ef9a47bce118495e41cfc,,https://github.com/lkminiPhantomWorld/welcome/blob/92964079b886ed1f9d3ef9a47bce118495e41cfc/index.html,make Welcome the canonical current system entrance
2026-07-16T16:50:27Z,2026-07-17T00:50:27+08:00,VERIFIED_TRUE,local public git mirror,GITHUB_COMMIT_FILE,lkminiPhantomWorld/welcome,M mini/index.html,Kevin Yang / committer Kevin Yang,mini/index.html,7008b17be88bb1218dfb78d212d89fa46a142032,,https://github.com/lkminiPhantomWorld/welcome/blob/7008b17be88bb1218dfb78d212d89fa46a142032/mini/index.html,🎭補齊全部角色正式空座標與總入口
2026-07-16T16:50:27Z,2026-07-17T00:50:27+08:00,VERIFIED_TRUE,local public git mirror,GITHUB_COMMIT_FILE,lkminiPhantomWorld/welcome,A ui/ace/index.html,Kevin Yang / committer Kevin Yang,ui/ace/index.html,7008b17be88bb1218dfb78d212d89fa46a142032,,https://github.com/lkminiPhantomWorld/welcome/blob/7008b17be88bb1218dfb78d212d89fa46a142032/ui/ace/index.html,🎭補齊全部角色正式空座標與總入口
2026-07-16T16:50:27Z,2026-07-17T00:50:27+08:00,VERIFIED_TRUE,local public git mirror,GITHUB_COMMIT_FILE,lkminiPhantomWorld/welcome,A ui/crab/index.html,Kevin Yang / committer Kevin Yang,ui/crab/index.html,7008b17be88bb1218dfb78d212d89fa46a142032,,https://github.com/lkminiPhantomWorld/welcome/blob/7008b17be88bb1218dfb78d212d89fa46a142032/ui/crab/index.html,🎭補齊全部角色正式空座標與總入口
2026-07-16T16:50:27Z,2026-07-17T00:50:27+08:00,VERIFIED_TRUE,local public git mirror,GITHUB_COMMIT_FILE,lkminiPhantomWorld/welcome,A ui/fairy/index.html,Kevin Yang / committer Kevin Yang,ui/fairy/index.html,7008b17be88bb1218dfb78d212d89fa46a142032,,https://github.com/lkminiPhantomWorld/welcome/blob/7008b17be88bb1218dfb78d212d89fa46a142032/ui/fairy/index.html,🎭補齊全部角色正式空座標與總入口
2026-07-16T16:50:27Z,2026-07-17T00:50:27+08:00,VERIFIED_TRUE,local public git mirror,GITHUB_COMMIT_FILE,lkminiPhantomWorld/welcome,A ui/lingling/index.html,Kevin Yang / committer Kevin Yang,ui/lingling/index.html,7008b17be88bb1218dfb78d212d89fa46a142032,,https://github.com/lkminiPhantomWorld/welcome/blob/7008b17be88bb1218dfb78d212d89fa46a142032/ui/lingling/index.html,🎭補齊全部角色正式空座標與總入口
2026-07-16T16:50:27Z,2026-07-17T00:50:27+08:00,VERIFIED_TRUE,local public git mirror,GITHUB_COMMIT_FILE,lkminiPhantomWorld/welcome,A ui/mimi/index.html,Kevin Yang / committer Kevin Yang,ui/mimi/index.html,7008b17be88bb1218dfb78d212d89fa46a142032,,https://github.com/lkminiPhantomWorld/welcome/blob/7008b17be88bb1218dfb78d212d89fa46a142032/ui/mimi/index.html,🎭補齊全部角色正式空座標與總入口
2026-07-16T16:50:27Z,2026-07-17T00:50:27+08:00,VERIFIED_TRUE,local public git mirror,GITHUB_COMMIT_FILE,lkminiPhantomWorld/welcome,A ui/painter/index.html,Kevin Yang / committer Kevin Yang,ui/painter/index.html,7008b17be88bb1218dfb78d212d89fa46a142032,,https://github.com/lkminiPhantomWorld/welcome/blob/7008b17be88bb1218dfb78d212d89fa46a142032/ui/painter/index.html,🎭補齊全部角色正式空座標與總入口
2026-07-16T16:50:27Z,2026-07-17T00:50:27+08:00,VERIFIED_TRUE,local public git mirror,GITHUB_COMMIT_FILE,lkminiPhantomWorld/welcome,A ui/quick/index.html,Kevin Yang / committer Kevin Yang,ui/quick/index.html,7008b17be88bb1218dfb78d212d89fa46a142032,,https://github.com/lkminiPhantomWorld/welcome/blob/7008b17be88bb1218dfb78d212d89fa46a142032/ui/quick/index.html,🎭補齊全部角色正式空座標與總入口
2026-07-16T16:50:27Z,2026-07-17T00:50:27+08:00,VERIFIED_TRUE,local public git mirror,GITHUB_COMMIT_FILE,lkminiPhantomWorld/welcome,A ui/robot/index.html,Kevin Yang / committer Kevin Yang,ui/robot/index.html,7008b17be88bb1218dfb78d212d89fa46a142032,,https://github.com/lkminiPhantomWorld/welcome/blob/7008b17be88bb1218dfb78d212d89fa46a142032/ui/robot/index.html,🎭補齊全部角色正式空座標與總入口
2026-07-16T16:50:27Z,2026-07-17T00:50:27+08:00,VERIFIED_TRUE,local public git mirror,GITHUB_COMMIT_FILE,lkminiPhantomWorld/welcome,A ui/roles/index.html,Kevin Yang / committer Kevin Yang,ui/roles/index.html,7008b17be88bb1218dfb78d212d89fa46a142032,,https://github.com/lkminiPhantomWorld/welcome/blob/7008b17be88bb1218dfb78d212d89fa46a142032/ui/roles/index.html,🎭補齊全部角色正式空座標與總入口
2026-07-16T16:50:27Z,2026-07-17T00:50:27+08:00,VERIFIED_TRUE,local public git mirror,GITHUB_COMMIT_FILE,lkminiPhantomWorld/welcome,A ui/wanwan/index.html,Kevin Yang / committer Kevin Yang,ui/wanwan/index.html,7008b17be88bb1218dfb78d212d89fa46a142032,,https://github.com/lkminiPhantomWorld/welcome/blob/7008b17be88bb1218dfb78d212d89fa46a142032/ui/wanwan/index.html,🎭補齊全部角色正式空座標與總入口
2026-07-16T16:50:27Z,2026-07-17T00:50:27+08:00,VERIFIED_TRUE,local public git mirror,GITHUB_COMMIT_FILE,lkminiPhantomWorld/welcome,A ui/xinyu/index.html,Kevin Yang / committer Kevin Yang,ui/xinyu/index.html,7008b17be88bb1218dfb78d212d89fa46a142032,,https://github.com/lkminiPhantomWorld/welcome/blob/7008b17be88bb1218dfb78d212d89fa46a142032/ui/xinyu/index.html,🎭補齊全部角色正式空座標與總入口
2026-07-16T16:50:27Z,2026-07-17T00:50:27+08:00,VERIFIED_TRUE,local public git mirror,GITHUB_COMMIT_FILE,lkminiPhantomWorld/welcome,A ui/yangyang/index.html,Kevin Yang / committer Kevin Yang,ui/yangyang/index.html,7008b17be88bb1218dfb78d212d89fa46a142032,,https://github.com/lkminiPhantomWorld/welcome/blob/7008b17be88bb1218dfb78d212d89fa46a142032/ui/yangyang/index.html,🎭補齊全部角色正式空座標與總入口
2026-07-16T16:51:31Z,2026-07-17T00:51:31+08:00,VERIFIED_TRUE,local public git mirror,GITHUB_COMMIT_FILE,lkminiPhantomWorld/welcome,A roles/mimi/index.html,Kevin Yang / committer Kevin Yang,roles/mimi/index.html,409795c688f459a0277cedaad9bc07f1016106b4,,https://github.com/lkminiPhantomWorld/welcome/blob/409795c688f459a0277cedaad9bc07f1016106b4/roles/mimi/index.html,💬建立小蜜正式空座標
2026-07-16T16:51:39Z,2026-07-17T00:51:39+08:00,VERIFIED_TRUE,local public git mirror,GITHUB_COMMIT_FILE,lkminiPhantomWorld/welcome,A roles/lingling/index.html,Kevin Yang / committer Kevin Yang,roles/lingling/index.html,746dfe3ca71966e331a613887452f3da80e94f27,,https://github.com/lkminiPhantomWorld/welcome/blob/746dfe3ca71966e331a613887452f3da80e94f27/roles/lingling/index.html,❄️建立凌凌正式空座標
2026-07-16T16:51:52Z,2026-07-17T00:51:52+08:00,VERIFIED_TRUE,local public git mirror,GITHUB_COMMIT_FILE,lkminiPhantomWorld/welcome,A roles/robot/index.html,Kevin Yang / committer Kevin Yang,roles/robot/index.html,e461ede4b5dc4e5b3c3695ec2d169cd630729be6,,https://github.com/lkminiPhantomWorld/welcome/blob/e461ede4b5dc4e5b3c3695ec2d169cd630729be6/roles/robot/index.html,🤖建立機器人正式空座標
2026-07-16T16:52:17Z,2026-07-17T00:52:17+08:00,VERIFIED_TRUE,local public git mirror,GITHUB_COMMIT_FILE,lkminiPhantomWorld/welcome,A roles/index.html,Kevin Yang / committer Kevin Yang,roles/index.html,d5c3cf8dc700167a2ba928836a2208abc91e0f94,,https://github.com/lkminiPhantomWorld/welcome/blob/d5c3cf8dc700167a2ba928836a2208abc91e0f94/roles/index.html,🧭建立全部角色正式空座標總頁
2026-07-16T16:52:57Z,2026-07-17T00:52:57+08:00,VERIFIED_TRUE,local public git mirror,GITHUB_COMMIT_FILE,lkminiPhantomWorld/welcome,M index.html,Kevin Yang / committer Kevin Yang,index.html,121b8b8fb8ca14d3344b68ec7e183747164297fb,,https://github.com/lkminiPhantomWorld/welcome/blob/121b8b8fb8ca14d3344b68ec7e183747164297fb/index.html,🔗補齊全部角色正式空座標接線
2026-07-16T16:54:35Z,2026-07-17T00:54:35+08:00,VERIFIED_TRUE,local public git mirror,GITHUB_COMMIT_FILE,lkminiPhantomWorld/welcome,"A ""\360\237\247\255\345\224\257\344\270\200\347\263\273\347\265\261\345\256\232\344\275\215\357\275\234CanonicalSystemLocator.md""",Kevin Yang / committer Kevin Yang,"""\360\237\247\255\345\224\257\344\270\200\347\263\273\347\265\261\345\256\232\344\275\215\357\275\234CanonicalSystemLocator.md""",74e4d4e9b4cb176b88a2495ff425efcaed8a582e,,"https://github.com/lkminiPhantomWorld/welcome/blob/74e4d4e9b4cb176b88a2495ff425efcaed8a582e/""\360\237\247\255\345\224\257\344\270\200\347\263\273\347\265\261\345\256\232\344\275\215\357\275\234CanonicalSystemLocator.md""",🧭建立唯一系統正式定位與同步規則
2026-07-16T16:54:48Z,2026-07-17T00:54:48+08:00,VERIFIED_TRUE,local public git mirror,GITHUB_COMMIT_FILE,lkminiPhantomWorld/welcome,"A ""\360\237\247\276\345\205\250\347\263\273\347\265\261\345\220\214\346\255\245\345\233\236\345\237\267\357\275\234FullSystemSyncReceipt.md""",Kevin Yang / committer Kevin Yang,"""\360\237\247\276\345\205\250\347\263\273\347\265\261\345\220\214\346\255\245\345\233\236\345\237\267\357\275\234FullSystemSyncReceipt.md""",0e8e7b95fba4ef0412cdfa7671f8c3ca976121a4,,"https://github.com/lkminiPhantomWorld/welcome/blob/0e8e7b95fba4ef0412cdfa7671f8c3ca976121a4/""\360\237\247\276\345\205\250\347\263\273\347\265\261\345\220\214\346\255\245\345\233\236\345\237\267\357\275\234FullSystemSyncReceipt.md""",🧾寫入全系統同步回執
2026-07-18T08:24:18Z,2026-07-18T16:24:18+08:00,VERIFIED_TRUE,GitHub REST Actions,GITHUB_ACTION_RUN,Scheduled,dynamic -> success,github-advanced-security[bot],dynamic/github-code-scanning/codeql,710b65a1eff4ef9b2697f9eb4748aa9db08d00fc,29637396551,https://github.com/lkminiPhantomWorld/welcome/actions/runs/29637396551,run_number=17; branch=main; status=completed
2026-07-19T11:08:52Z,2026-07-19T19:08:52+08:00,VERIFIED_TRUE,local public git mirror,GITHUB_COMMIT_FILE,lkminiPhantomWorld/welcome,A portal/phantom-bridge/Manifest.json,Kevin / committer Kevin,portal/phantom-bridge/Manifest.json,6c0c2527ef1a325ce75ac252b459285d42519e0c,,https://github.com/lkminiPhantomWorld/welcome/blob/6c0c2527ef1a325ce75ac252b459285d42519e0c/portal/phantom-bridge/Manifest.json,安裝多AI傳送門與空座標 Manifest
2026-07-19T11:09:13Z,2026-07-19T19:09:13+08:00,VERIFIED_TRUE,local public git mirror,GITHUB_COMMIT_FILE,lkminiPhantomWorld/welcome,A portal/phantom-bridge/Locator.json,Kevin / committer Kevin,portal/phantom-bridge/Locator.json,cb528cd2e1068293bc5c6829ee281601aa6dcde0,,https://github.com/lkminiPhantomWorld/welcome/blob/cb528cd2e1068293bc5c6829ee281601aa6dcde0/portal/phantom-bridge/Locator.json,建立多AI空座標 Locator
2026-07-19T11:09:35Z,2026-07-19T19:09:35+08:00,VERIFIED_TRUE,local public git mirror,GITHUB_COMMIT_FILE,lkminiPhantomWorld/welcome,A portal/phantom-bridge/ReverseChain.json,Kevin / committer Kevin,portal/phantom-bridge/ReverseChain.json,aef485380e898aca71c1fa91ccfb2a69394807d0,,https://github.com/lkminiPhantomWorld/welcome/blob/aef485380e898aca71c1fa91ccfb2a69394807d0/portal/phantom-bridge/ReverseChain.json,建立多AI空座標 ReverseChain
2026-07-19T11:10:28Z,2026-07-19T19:10:28+08:00,VERIFIED_TRUE,local public git mirror,GITHUB_COMMIT_FILE,lkminiPhantomWorld/welcome,A portal/phantom-bridge/index.html,Kevin / committer Kevin,portal/phantom-bridge/index.html,f4de56f39b9e79d89940aaf9f85348f6547695f0,,https://github.com/lkminiPhantomWorld/welcome/blob/f4de56f39b9e79d89940aaf9f85348f6547695f0/portal/phantom-bridge/index.html,安裝多AI傳送門與空座標整合入口
2026-07-19T11:11:03Z,2026-07-19T19:11:03+08:00,VERIFIED_TRUE,local public git mirror,GITHUB_COMMIT_FILE,lkminiPhantomWorld/welcome,A portal/index.html,Kevin / committer Kevin,portal/index.html,50e4a3d33f41dd70db7503ae0cb64b5ba5d3bb66,,https://github.com/lkminiPhantomWorld/welcome/blob/50e4a3d33f41dd70db7503ae0cb64b5ba5d3bb66/portal/index.html,建立 Portal 總入口
2026-07-19T11:12:59Z,2026-07-19T19:12:59+08:00,VERIFIED_TRUE,local public git mirror,GITHUB_COMMIT_FILE,lkminiPhantomWorld/welcome,A portal/phantom-bridge/errors/20260719-google-drive-upload-proxy-407.json,Kevin / committer Kevin,portal/phantom-bridge/errors/20260719-google-drive-upload-proxy-407.json,a96a7c68ca016984e8ff6b7ec7409ab4ff70582c,,https://github.com/lkminiPhantomWorld/welcome/blob/a96a7c68ca016984e8ff6b7ec7409ab4ff70582c/portal/phantom-bridge/errors/20260719-google-drive-upload-proxy-407.json,記錄 Google Drive 407 並切換至 Phantom Portal 路由
2026-07-19T11:16:31Z,2026-07-19T19:16:31+08:00,VERIFIED_TRUE,local public git mirror,GITHUB_COMMIT_FILE,lkminiPhantomWorld/welcome,A portal/phantom-bridge/ErrorEvidence/GOOGLE_DRIVE_RAW_UPLOAD_PROXY_407.md,Kevin / committer Kevin,portal/phantom-bridge/ErrorEvidence/GOOGLE_DRIVE_RAW_UPLOAD_PROXY_407.md,84057f79726bd1a9cde8440360f153bef479011c,,https://github.com/lkminiPhantomWorld/welcome/blob/84057f79726bd1a9cde8440360f153bef479011c/portal/phantom-bridge/ErrorEvidence/GOOGLE_DRIVE_RAW_UPLOAD_PROXY_407.md,記錄 Google Drive 原始位元上傳 407 錯誤證據
2026-07-19T12:04:06Z,2026-07-19T20:04:06+08:00,VERIFIED_TRUE,local public git mirror,GITHUB_COMMIT_FILE,lkminiPhantomWorld/welcome,"A ""portal/phantom-bridge/audit/\360\237\247\276\345\205\250\351\207\217\347\233\244\351\273\236\351\200\262\345\272\246\357\275\234FullInventoryProgress.json""",Kevin / committer Kevin,"""portal/phantom-bridge/audit/\360\237\247\276\345\205\250\351\207\217\347\233\244\351\273\236\351\200\262\345\272\246\357\275\234FullInventoryProgress.json""",91343d5708babe0319c03cbe322dce21220aeeca,,"https://github.com/lkminiPhantomWorld/welcome/blob/91343d5708babe0319c03cbe322dce21220aeeca/""portal/phantom-bridge/audit/\360\237\247\276\345\205\250\351\207\217\347\233\244\351\273\236\351\200\262\345\272\246\357\275\234FullInventoryProgress.json""",新增老K系統全量盤點進度、SHA256、ReverseChain 與錯誤證據
2026-07-19T19:08:26Z,2026-07-20T03:08:26+08:00,VERIFIED_TRUE,local public git mirror,GITHUB_COMMIT_FILE,lkminiPhantomWorld/welcome,"A "".github/workflows/\360\237\247\276\347\250\275\346\240\270\346\232\264\345\212\233\351\251\227\350\255\211\357\275\234AuditVerify.yml""",Kevin / committer Kevin,""".github/workflows/\360\237\247\276\347\250\275\346\240\270\346\232\264\345\212\233\351\251\227\350\255\211\357\275\234AuditVerify.yml""",827249847ef634e050a3e168bee07deb6b1a2637,,"https://github.com/lkminiPhantomWorld/welcome/blob/827249847ef634e050a3e168bee07deb6b1a2637/"".github/workflows/\360\237\247\276\347\250\275\346\240\270\346\232\264\345\212\233\351\251\227\350\255\211\357\275\234AuditVerify.yml""",ci: 新增稽核JSON暴力驗證與執行回執
2026-07-19T20:01:05Z,2026-07-20T04:01:05+08:00,VERIFIED_TRUE,local public git mirror,GITHUB_COMMIT_FILE,lkminiPhantomWorld/welcome,"M "".github/workflows/\360\237\247\276\347\250\275\346\240\270\346\232\264\345\212\233\351\251\227\350\255\211\357\275\234AuditVerify.yml""",Kevin / committer Kevin,""".github/workflows/\360\237\247\276\347\250\275\346\240\270\346\232\264\345\212\233\351\251\227\350\255\211\357\275\234AuditVerify.yml""",53674ca41509f920a3aad6b5944e43277fa79102,,"https://github.com/lkminiPhantomWorld/welcome/blob/53674ca41509f920a3aad6b5944e43277fa79102/"".github/workflows/\360\237\247\276\347\250\275\346\240\270\346\232\264\345\212\233\351\251\227\350\255\211\357\275\234AuditVerify.yml""",fix(ci): 將 checkout 修正為現行 v6，重新觸發稽核回執
2026-07-19T20:52:25Z,2026-07-20T04:52:25+08:00,VERIFIED_TRUE,local public git mirror,GITHUB_COMMIT_FILE,lkminiPhantomWorld/welcome,"M "".github/workflows/\360\237\247\276\347\250\275\346\240\270\346\232\264\345\212\233\351\251\227\350\255\211\357\275\234AuditVerify.yml""",Kevin / committer Kevin,""".github/workflows/\360\237\247\276\347\250\275\346\240\270\346\232\264\345\212\233\351\251\227\350\255\211\357\275\234AuditVerify.yml""",4d637058394779e9dce6ac24917dfef44678d744,,"https://github.com/lkminiPhantomWorld/welcome/blob/4d637058394779e9dce6ac24917dfef44678d744/"".github/workflows/\360\237\247\276\347\250\275\346\240\270\346\232\264\345\212\233\351\251\227\350\255\211\357\275\234AuditVerify.yml""",fix(ci): 加入 PR 觸發與稽核目錄通配，建立可回讀執行鏈
2026-07-19T20:52:40Z,2026-07-20T04:52:40+08:00,VERIFIED_TRUE,local public git mirror,GITHUB_COMMIT_FILE,lkminiPhantomWorld/welcome,"A ""portal/phantom-bridge/audit/\360\237\247\252\345\267\245\344\275\234\346\265\201\347\250\213\345\237\267\350\241\214\346\216\242\351\207\235\357\275\234WorkflowExecutionProbe.json""",Kevin / committer Kevin,"""portal/phantom-bridge/audit/\360\237\247\252\345\267\245\344\275\234\346\265\201\347\250\213\345\237\267\350\241\214\346\216\242\351\207\235\357\275\234WorkflowExecutionProbe.json""",57d4ca7e4a8e8f7b03eb526be4ddea9713ff6681,,"https://github.com/lkminiPhantomWorld/welcome/blob/57d4ca7e4a8e8f7b03eb526be4ddea9713ff6681/""portal/phantom-bridge/audit/\360\237\247\252\345\267\245\344\275\234\346\265\201\347\250\213\345\237\267\350\241\214\346\216\242\351\207\235\357\275\234WorkflowExecutionProbe.json""",test(ci): 新增唯讀稽核執行探針
2026-07-19T21:54:56Z,2026-07-20T05:54:56+08:00,VERIFIED_TRUE,local public git mirror,GITHUB_COMMIT_FILE,lkminiPhantomWorld/welcome,"M "".github/workflows/\360\237\247\276\347\250\275\346\240\270\346\232\264\345\212\233\351\251\227\350\255\211\357\275\234AuditVerify.yml""",Kevin / committer Kevin,""".github/workflows/\360\237\247\276\347\250\275\346\240\270\346\232\264\345\212\233\351\251\227\350\255\211\357\275\234AuditVerify.yml""",4ccc6c395fc554a6686bf77d7425da6872722d04,,"https://github.com/lkminiPhantomWorld/welcome/blob/4ccc6c395fc554a6686bf77d7425da6872722d04/"".github/workflows/\360\237\247\276\347\250\275\346\240\270\346\232\264\345\212\233\351\251\227\350\255\211\357\275\234AuditVerify.yml""",fix(ci): 加入獨立排程觸發，避開 API 事件未形成 Run
2026-07-19T22:52:41Z,2026-07-20T06:52:41+08:00,VERIFIED_TRUE,local public git mirror,GITHUB_COMMIT_FILE,lkminiPhantomWorld/welcome,A .github/workflows/audit-runtime-probe.yml,Kevin / committer Kevin,.github/workflows/audit-runtime-probe.yml,712634e5f594eedcd1d2aec0299def249f039733,,https://github.com/lkminiPhantomWorld/welcome/blob/712634e5f594eedcd1d2aec0299def249f039733/.github/workflows/audit-runtime-probe.yml,test(ci): 新增 ASCII 最小執行探針以驗證 Actions 註冊與觸發
2026-07-19T22:53:01Z,2026-07-20T06:53:01+08:00,VERIFIED_TRUE,local public git mirror,GITHUB_COMMIT_FILE,lkminiPhantomWorld/welcome,"M ""portal/phantom-bridge/audit/\360\237\247\252\345\267\245\344\275\234\346\265\201\347\250\213\345\237\267\350\241\214\346\216\242\351\207\235\357\275\234WorkflowExecutionProbe.json""",Kevin / committer Kevin,"""portal/phantom-bridge/audit/\360\237\247\252\345\267\245\344\275\234\346\265\201\347\250\213\345\237\267\350\241\214\346\216\242\351\207\235\357\275\234WorkflowExecutionProbe.json""",bb3ae15b947ad27c08b26cb1429bb6f35e408d7c,,"https://github.com/lkminiPhantomWorld/welcome/blob/bb3ae15b947ad27c08b26cb1429bb6f35e408d7c/""portal/phantom-bridge/audit/\360\237\247\252\345\267\245\344\275\234\346\265\201\347\250\213\345\237\267\350\241\214\346\216\242\351\207\235\357\275\234WorkflowExecutionProbe.json""",test(ci): 同步 PR 探針以觸發 ASCII 最小 Actions 診斷
2026-07-19T22:54:45Z,2026-07-20T06:54:45+08:00,VERIFIED_TRUE,local public git mirror,GITHUB_COMMIT_FILE,lkminiPhantomWorld/welcome,"A ""portal/phantom-bridge/audit/\360\237\247\276GitHub\347\250\275\346\240\270\345\237\267\350\241\214\345\233\236\345\237\267\347\264\242\345\274\225\357\275\234GitHubAuditExecutionReceiptIndex.json""",Kevin / committer Kevin,"""portal/phantom-bridge/audit/\360\237\247\276GitHub\347\250\275\346\240\270\345\237\267\350\241\214\345\233\236\345\237\267\347\264\242\345\274\225\357\275\234GitHubAuditExecutionReceiptIndex.json""",7500d6912bb327991161b92ae60487761674211a,,"https://github.com/lkminiPhantomWorld/welcome/blob/7500d6912bb327991161b92ae60487761674211a/""portal/phantom-bridge/audit/\360\237\247\276GitHub\347\250\275\346\240\270\345\237\267\350\241\214\345\233\236\345\237\267\347\264\242\345\274\225\357\275\234GitHubAuditExecutionReceiptIndex.json""",audit: 固化 GitHub Actions 成功回執、Artifact 雜湊與 Drive 407 證據
2026-07-22T04:23:27Z,2026-07-22T12:23:27+08:00,VERIFIED_TRUE,local public git mirror,GITHUB_COMMIT_FILE,lkminiPhantomWorld/welcome,M SHA256SUMS,Kevin / committer Kevin,SHA256SUMS,1d0c67bc6aad280d9f74d652327baedcce03cf8f,,https://github.com/lkminiPhantomWorld/welcome/blob/1d0c67bc6aad280d9f74d652327baedcce03cf8f/SHA256SUMS,Fix seed_v0 README checksum
2026-07-22T04:23:29Z,2026-07-22T12:23:29+08:00,VERIFIED_TRUE,GitHub REST Actions,GITHUB_ACTION_RUN,Gatekeeper,push -> failure,ky46738-ops,.github/workflows/gatekeeper.yml,1d0c67bc6aad280d9f74d652327baedcce03cf8f,29890931528,https://github.com/lkminiPhantomWorld/welcome/actions/runs/29890931528,run_number=21; branch=seed_v0; status=completed
2026-07-22T04:26:25Z,2026-07-22T12:26:25+08:00,VERIFIED_TRUE,local public git mirror,GITHUB_COMMIT_FILE,lkminiPhantomWorld/welcome,M PUBLIC_PRIVATE_BOUNDARY.md,Kevin / committer Kevin,PUBLIC_PRIVATE_BOUNDARY.md,7883e072db654db6529b84016aac333199680ba5,,https://github.com/lkminiPhantomWorld/welcome/blob/7883e072db654db6529b84016aac333199680ba5/PUBLIC_PRIVATE_BOUNDARY.md,Fix Gatekeeper private marker scan
2026-07-22T04:26:25Z,2026-07-22T12:26:25+08:00,VERIFIED_TRUE,local public git mirror,GITHUB_COMMIT_FILE,lkminiPhantomWorld/welcome,M SECURITY.md,Kevin / committer Kevin,SECURITY.md,7883e072db654db6529b84016aac333199680ba5,,https://github.com/lkminiPhantomWorld/welcome/blob/7883e072db654db6529b84016aac333199680ba5/SECURITY.md,Fix Gatekeeper private marker scan
2026-07-22T04:26:25Z,2026-07-22T12:26:25+08:00,VERIFIED_TRUE,local public git mirror,GITHUB_COMMIT_FILE,lkminiPhantomWorld/welcome,M SHA256SUMS,Kevin / committer Kevin,SHA256SUMS,7883e072db654db6529b84016aac333199680ba5,,https://github.com/lkminiPhantomWorld/welcome/blob/7883e072db654db6529b84016aac333199680ba5/SHA256SUMS,Fix Gatekeeper private marker scan
2026-07-22T04:26:32Z,2026-07-22T12:26:32+08:00,VERIFIED_TRUE,GitHub REST Actions,GITHUB_ACTION_RUN,Gatekeeper,push -> failure,ky46738-ops,.github/workflows/gatekeeper.yml,7883e072db654db6529b84016aac333199680ba5,29891069179,https://github.com/lkminiPhantomWorld/welcome/actions/runs/29891069179,run_number=22; branch=seed_v0; status=completed
2026-07-22T04:29:30Z,2026-07-22T12:29:30+08:00,VERIFIED_TRUE,local public git mirror,GITHUB_COMMIT_FILE,lkminiPhantomWorld/welcome,M GOVERNANCE.md,Kevin / committer Kevin,GOVERNANCE.md,f4e32ce7ccec469aa8861f87998002698096c826,,https://github.com/lkminiPhantomWorld/welcome/blob/f4e32ce7ccec469aa8861f87998002698096c826/GOVERNANCE.md,Clarify LKMini governance boundary
2026-07-22T04:29:33Z,2026-07-22T12:29:33+08:00,VERIFIED_TRUE,GitHub REST Actions,GITHUB_ACTION_RUN,Gatekeeper,push -> failure,ky46738-ops,.github/workflows/gatekeeper.yml,f4e32ce7ccec469aa8861f87998002698096c826,29891198462,https://github.com/lkminiPhantomWorld/welcome/actions/runs/29891198462,run_number=23; branch=seed_v0; status=completed
2026-07-22T07:31:00Z,2026-07-22T15:31:00+08:00,VERIFIED_TRUE,GitHub REST Actions,GITHUB_ACTION_RUN,Push on main,dynamic -> failure,github-advanced-security[bot],dynamic/github-code-scanning/codeql,9c94e7c687b70a9287a3789c9713b64727f4b267,29900485392,https://github.com/lkminiPhantomWorld/welcome/actions/runs/29900485392,run_number=18; branch=main; status=completed
2026-07-22T07:31:00Z,2026-07-22T15:31:00+08:00,VERIFIED_TRUE,GitHub REST Actions,GITHUB_ACTION_RUN,pages build and deployment,dynamic -> success,ky46738-ops,dynamic/pages/pages-build-deployment,9c94e7c687b70a9287a3789c9713b64727f4b267,29900485348,https://github.com/lkminiPhantomWorld/welcome/actions/runs/29900485348,run_number=8; branch=main; status=completed
2026-07-22T07:31:01Z,2026-07-22T15:31:01+08:00,VERIFIED_TRUE,GitHub REST Actions,GITHUB_ACTION_RUN,Gatekeeper,push -> failure,ky46738-ops,.github/workflows/gatekeeper.yml,9c94e7c687b70a9287a3789c9713b64727f4b267,29900486098,https://github.com/lkminiPhantomWorld/welcome/actions/runs/29900486098,run_number=24; branch=main; status=completed
2026-07-22T07:31:01Z,2026-07-22T15:31:01+08:00,VERIFIED_TRUE,GitHub REST Actions,GITHUB_ACTION_RUN,Deploy to GitHub Pages,push -> failure,ky46738-ops,.github/workflows/pages.yml,9c94e7c687b70a9287a3789c9713b64727f4b267,29900485943,https://github.com/lkminiPhantomWorld/welcome/actions/runs/29900485943,run_number=9; branch=main; status=completed
2026-07-22T07:31:01Z,2026-07-22T15:31:01+08:00,VERIFIED_TRUE,GitHub REST Actions,GITHUB_ACTION_RUN,Python Package using Conda,push -> failure,ky46738-ops,.github/workflows/python-package-conda.yml,9c94e7c687b70a9287a3789c9713b64727f4b267,29900485937,https://github.com/lkminiPhantomWorld/welcome/actions/runs/29900485937,run_number=15; branch=main; status=completed
2026-07-22T07:36:51Z,2026-07-22T15:36:51+08:00,VERIFIED_TRUE,GitHub REST Actions,GITHUB_ACTION_RUN,Deploy to GitHub Pages,push -> failure,ky46738-ops,.github/workflows/pages.yml,5f92f12a175669ad00c0ac27f309c821e83fdbec,29900847335,https://github.com/lkminiPhantomWorld/welcome/actions/runs/29900847335,run_number=10; branch=main; status=completed
2026-07-22T07:36:51Z,2026-07-22T15:36:51+08:00,VERIFIED_TRUE,GitHub REST Actions,GITHUB_ACTION_RUN,Python Package using Conda,push -> failure,ky46738-ops,.github/workflows/python-package-conda.yml,5f92f12a175669ad00c0ac27f309c821e83fdbec,29900847333,https://github.com/lkminiPhantomWorld/welcome/actions/runs/29900847333,run_number=16; branch=main; status=completed
2026-07-22T07:36:51Z,2026-07-22T15:36:51+08:00,VERIFIED_TRUE,GitHub REST Actions,GITHUB_ACTION_RUN,Gatekeeper,push -> failure,ky46738-ops,.github/workflows/gatekeeper.yml,5f92f12a175669ad00c0ac27f309c821e83fdbec,29900847330,https://github.com/lkminiPhantomWorld/welcome/actions/runs/29900847330,run_number=25; branch=main; status=completed
2026-07-22T07:36:51Z,2026-07-22T15:36:51+08:00,VERIFIED_TRUE,GitHub REST Actions,GITHUB_ACTION_RUN,pages build and deployment,dynamic -> success,ky46738-ops,dynamic/pages/pages-build-deployment,5f92f12a175669ad00c0ac27f309c821e83fdbec,29900847077,https://github.com/lkminiPhantomWorld/welcome/actions/runs/29900847077,run_number=9; branch=main; status=completed
2026-07-22T07:36:51Z,2026-07-22T15:36:51+08:00,VERIFIED_TRUE,GitHub REST Actions,GITHUB_ACTION_RUN,Push on main,dynamic -> failure,ky46738-ops,dynamic/github-code-scanning/codeql,5f92f12a175669ad00c0ac27f309c821e83fdbec,29900846989,https://github.com/lkminiPhantomWorld/welcome/actions/runs/29900846989,run_number=19; branch=main; status=completed
2026-07-22T07:46:54Z,2026-07-22T15:46:54+08:00,VERIFIED_TRUE,GitHub REST Actions,GITHUB_ACTION_RUN,Gatekeeper,push -> failure,ky46738-ops,.github/workflows/gatekeeper.yml,720ed0e079b19704fde675db8af16e5f95883ff7,29901465180,https://github.com/lkminiPhantomWorld/welcome/actions/runs/29901465180,run_number=26; branch=main; status=completed
2026-07-22T07:46:54Z,2026-07-22T15:46:54+08:00,VERIFIED_TRUE,GitHub REST Actions,GITHUB_ACTION_RUN,Deploy to GitHub Pages,push -> failure,ky46738-ops,.github/workflows/pages.yml,720ed0e079b19704fde675db8af16e5f95883ff7,29901465178,https://github.com/lkminiPhantomWorld/welcome/actions/runs/29901465178,run_number=11; branch=main; status=completed
2026-07-22T07:46:54Z,2026-07-22T15:46:54+08:00,VERIFIED_TRUE,GitHub REST Actions,GITHUB_ACTION_RUN,Python Package using Conda,push -> failure,ky46738-ops,.github/workflows/python-package-conda.yml,720ed0e079b19704fde675db8af16e5f95883ff7,29901465152,https://github.com/lkminiPhantomWorld/welcome/actions/runs/29901465152,run_number=17; branch=main; status=completed
2026-07-22T07:46:54Z,2026-07-22T15:46:54+08:00,VERIFIED_TRUE,GitHub REST Actions,GITHUB_ACTION_RUN,pages build and deployment,dynamic -> success,ky46738-ops,dynamic/pages/pages-build-deployment,720ed0e079b19704fde675db8af16e5f95883ff7,29901464810,https://github.com/lkminiPhantomWorld/welcome/actions/runs/29901464810,run_number=10; branch=main; status=completed
2026-07-22T07:46:54Z,2026-07-22T15:46:54+08:00,VERIFIED_TRUE,GitHub REST Actions,GITHUB_ACTION_RUN,Push on main,dynamic -> failure,ky46738-ops,dynamic/github-code-scanning/codeql,720ed0e079b19704fde675db8af16e5f95883ff7,29901464802,https://github.com/lkminiPhantomWorld/welcome/actions/runs/29901464802,run_number=20; branch=main; status=completed
2026-07-22T07:49:41Z,2026-07-22T15:49:41+08:00,VERIFIED_TRUE,local public git mirror,GITHUB_COMMIT_FILE,lkminiPhantomWorld/welcome,A RoleCardsSyncFolder/HomeLink/HomeLinkState.md,Kevin / committer Kevin,RoleCardsSyncFolder/HomeLink/HomeLinkState.md,175fce87a8b77ffd8cb6d96df150fb294134b694,,https://github.com/lkminiPhantomWorld/welcome/blob/175fce87a8b77ffd8cb6d96df150fb294134b694/RoleCardsSyncFolder/HomeLink/HomeLinkState.md,security: rebuild public history without private entry data
2026-07-22T07:49:41Z,2026-07-22T15:49:41+08:00,VERIFIED_TRUE,local public git mirror,GITHUB_COMMIT_FILE,lkminiPhantomWorld/welcome,"A ""TinyStateCore/\342\232\231\357\270\217core.min\357\275\234\346\240\270\345\277\203\346\234\200\345\260\217\345\214\226.js""",Kevin / committer Kevin,"""TinyStateCore/\342\232\231\357\270\217core.min\357\275\234\346\240\270\345\277\203\346\234\200\345\260\217\345\214\226.js""",175fce87a8b77ffd8cb6d96df150fb294134b694,,"https://github.com/lkminiPhantomWorld/welcome/blob/175fce87a8b77ffd8cb6d96df150fb294134b694/""TinyStateCore/\342\232\231\357\270\217core.min\357\275\234\346\240\270\345\277\203\346\234\200\345\260\217\345\214\226.js""",security: rebuild public history without private entry data
2026-07-22T07:49:41Z,2026-07-22T15:49:41+08:00,VERIFIED_TRUE,local public git mirror,GITHUB_COMMIT_FILE,lkminiPhantomWorld/welcome,"A ""TinyStateCore/\342\232\231\357\270\217core\357\275\234\346\240\270\345\277\203.js""",Kevin / committer Kevin,"""TinyStateCore/\342\232\231\357\270\217core\357\275\234\346\240\270\345\277\203.js""",175fce87a8b77ffd8cb6d96df150fb294134b694,,"https://github.com/lkminiPhantomWorld/welcome/blob/175fce87a8b77ffd8cb6d96df150fb294134b694/""TinyStateCore/\342\232\231\357\270\217core\357\275\234\346\240\270\345\277\203.js""",security: rebuild public history without private entry data
2026-07-22T07:49:41Z,2026-07-22T15:49:41+08:00,VERIFIED_TRUE,local public git mirror,GITHUB_COMMIT_FILE,lkminiPhantomWorld/welcome,"A ""TinyStateCore/\360\237\223\226README\357\275\234\350\252\252\346\230\216\346\233\270.md""",Kevin / committer Kevin,"""TinyStateCore/\360\237\223\226README\357\275\234\350\252\252\346\230\216\346\233\270.md""",175fce87a8b77ffd8cb6d96df150fb294134b694,,"https://github.com/lkminiPhantomWorld/welcome/blob/175fce87a8b77ffd8cb6d96df150fb294134b694/""TinyStateCore/\360\237\223\226README\357\275\234\350\252\252\346\230\216\346\233\270.md""",security: rebuild public history without private entry data
2026-07-22T07:49:41Z,2026-07-22T15:49:41+08:00,VERIFIED_TRUE,local public git mirror,GITHUB_COMMIT_FILE,lkminiPhantomWorld/welcome,"A ""TinyStateCore/\360\237\223\246package\357\275\234\345\245\227\344\273\266.json""",Kevin / committer Kevin,"""TinyStateCore/\360\237\223\246package\357\275\234\345\245\227\344\273\266.json""",175fce87a8b77ffd8cb6d96df150fb294134b694,,"https://github.com/lkminiPhantomWorld/welcome/blob/175fce87a8b77ffd8cb6d96df150fb294134b694/""TinyStateCore/\360\237\223\246package\357\275\234\345\245\227\344\273\266.json""",security: rebuild public history without private entry data
2026-07-22T07:49:41Z,2026-07-22T15:49:41+08:00,VERIFIED_TRUE,local public git mirror,GITHUB_COMMIT_FILE,lkminiPhantomWorld/welcome,"A ""TinyStateCore/\360\237\247\252test\357\275\234\346\270\254\350\251\246.js""",Kevin / committer Kevin,"""TinyStateCore/\360\237\247\252test\357\275\234\346\270\254\350\251\246.js""",175fce87a8b77ffd8cb6d96df150fb294134b694,,"https://github.com/lkminiPhantomWorld/welcome/blob/175fce87a8b77ffd8cb6d96df150fb294134b694/""TinyStateCore/\360\237\247\252test\357\275\234\346\270\254\350\251\246.js""",security: rebuild public history without private entry data
2026-07-22T07:49:41Z,2026-07-22T15:49:41+08:00,VERIFIED_TRUE,local public git mirror,GITHUB_COMMIT_FILE,lkminiPhantomWorld/welcome,M index.html,Kevin / committer Kevin,index.html,175fce87a8b77ffd8cb6d96df150fb294134b694,,https://github.com/lkminiPhantomWorld/welcome/blob/175fce87a8b77ffd8cb6d96df150fb294134b694/index.html,security: rebuild public history without private entry data
2026-07-22T07:49:41Z,2026-07-22T15:49:41+08:00,VERIFIED_TRUE,local public git mirror,GITHUB_COMMIT_FILE,lkminiPhantomWorld/welcome,A mini/index.html,Kevin / committer Kevin,mini/index.html,175fce87a8b77ffd8cb6d96df150fb294134b694,,https://github.com/lkminiPhantomWorld/welcome/blob/175fce87a8b77ffd8cb6d96df150fb294134b694/mini/index.html,security: rebuild public history without private entry data
2026-07-22T07:49:41Z,2026-07-22T15:49:41+08:00,VERIFIED_TRUE,local public git mirror,GITHUB_COMMIT_FILE,lkminiPhantomWorld/welcome,A tiny-state-core/README.md,Kevin / committer Kevin,tiny-state-core/README.md,175fce87a8b77ffd8cb6d96df150fb294134b694,,https://github.com/lkminiPhantomWorld/welcome/blob/175fce87a8b77ffd8cb6d96df150fb294134b694/tiny-state-core/README.md,security: rebuild public history without private entry data
2026-07-22T07:49:41Z,2026-07-22T15:49:41+08:00,VERIFIED_TRUE,local public git mirror,GITHUB_COMMIT_FILE,lkminiPhantomWorld/welcome,A tiny-state-core/core.js,Kevin / committer Kevin,tiny-state-core/core.js,175fce87a8b77ffd8cb6d96df150fb294134b694,,https://github.com/lkminiPhantomWorld/welcome/blob/175fce87a8b77ffd8cb6d96df150fb294134b694/tiny-state-core/core.js,security: rebuild public history without private entry data
2026-07-22T07:49:41Z,2026-07-22T15:49:41+08:00,VERIFIED_TRUE,local public git mirror,GITHUB_COMMIT_FILE,lkminiPhantomWorld/welcome,A tiny-state-core/core.min.js,Kevin / committer Kevin,tiny-state-core/core.min.js,175fce87a8b77ffd8cb6d96df150fb294134b694,,https://github.com/lkminiPhantomWorld/welcome/blob/175fce87a8b77ffd8cb6d96df150fb294134b694/tiny-state-core/core.min.js,security: rebuild public history without private entry data
2026-07-22T07:49:41Z,2026-07-22T15:49:41+08:00,VERIFIED_TRUE,local public git mirror,GITHUB_COMMIT_FILE,lkminiPhantomWorld/welcome,A tiny-state-core/package.json,Kevin / committer Kevin,tiny-state-core/package.json,175fce87a8b77ffd8cb6d96df150fb294134b694,,https://github.com/lkminiPhantomWorld/welcome/blob/175fce87a8b77ffd8cb6d96df150fb294134b694/tiny-state-core/package.json,security: rebuild public history without private entry data
2026-07-22T07:49:41Z,2026-07-22T15:49:41+08:00,VERIFIED_TRUE,local public git mirror,GITHUB_COMMIT_FILE,lkminiPhantomWorld/welcome,A tiny-state-core/test.js,Kevin / committer Kevin,tiny-state-core/test.js,175fce87a8b77ffd8cb6d96df150fb294134b694,,https://github.com/lkminiPhantomWorld/welcome/blob/175fce87a8b77ffd8cb6d96df150fb294134b694/tiny-state-core/test.js,security: rebuild public history without private entry data
2026-07-22T07:49:41Z,2026-07-22T15:49:41+08:00,VERIFIED_TRUE,local public git mirror,GITHUB_COMMIT_FILE,lkminiPhantomWorld/welcome,A ui/shrine/index.html,Kevin / committer Kevin,ui/shrine/index.html,175fce87a8b77ffd8cb6d96df150fb294134b694,,https://github.com/lkminiPhantomWorld/welcome/blob/175fce87a8b77ffd8cb6d96df150fb294134b694/ui/shrine/index.html,security: rebuild public history without private entry data
2026-07-22T07:49:42Z,2026-07-22T15:49:42+08:00,VERIFIED_TRUE,local public git mirror,GITHUB_COMMIT_FILE,lkminiPhantomWorld/welcome,M SHA256SUMS,Kevin / committer Kevin,SHA256SUMS,552192420be253b5128cb2af6916dc5f03bb9399,,https://github.com/lkminiPhantomWorld/welcome/blob/552192420be253b5128cb2af6916dc5f03bb9399/SHA256SUMS,security: rebuild legacy public history without private entry data
2026-07-22T07:49:42Z,2026-07-22T15:49:42+08:00,VERIFIED_TRUE,local public git mirror,GITHUB_COMMIT_FILE,lkminiPhantomWorld/welcome,A archive/evidence/RepositoryNamespaceCorrection.json,Kevin / committer Kevin,archive/evidence/RepositoryNamespaceCorrection.json,552192420be253b5128cb2af6916dc5f03bb9399,,https://github.com/lkminiPhantomWorld/welcome/blob/552192420be253b5128cb2af6916dc5f03bb9399/archive/evidence/RepositoryNamespaceCorrection.json,security: rebuild legacy public history without private entry data
2026-07-22T07:49:42Z,2026-07-22T15:49:42+08:00,VERIFIED_TRUE,local public git mirror,GITHUB_COMMIT_FILE,lkminiPhantomWorld/welcome,"A ""evidence/\360\237\224\220Mini\350\267\257\347\224\261\347\274\272\345\244\261\350\255\211\346\223\232\351\233\234\346\271\212\357\275\234MiniRouteEvidenceSHA256SUMS.txt""",Kevin / committer Kevin,"""evidence/\360\237\224\220Mini\350\267\257\347\224\261\347\274\272\345\244\261\350\255\211\346\223\232\351\233\234\346\271\212\357\275\234MiniRouteEvidenceSHA256SUMS.txt""",552192420be253b5128cb2af6916dc5f03bb9399,,"https://github.com/lkminiPhantomWorld/welcome/blob/552192420be253b5128cb2af6916dc5f03bb9399/""evidence/\360\237\224\220Mini\350\267\257\347\224\261\347\274\272\345\244\261\350\255\211\346\223\232\351\233\234\346\271\212\357\275\234MiniRouteEvidenceSHA256SUMS.txt""",security: rebuild legacy public history without private entry data
2026-07-22T07:49:42Z,2026-07-22T15:49:42+08:00,VERIFIED_TRUE,local public git mirror,GITHUB_COMMIT_FILE,lkminiPhantomWorld/welcome,"A ""evidence/\360\237\247\252Mini\350\267\257\347\224\261\347\274\272\345\244\261\350\210\207\345\257\253\345\205\245\351\230\273\346\226\267\350\255\211\346\223\232\357\275\234MiniRouteWriteBlockEvidence.md""",Kevin / committer Kevin,"""evidence/\360\237\247\252Mini\350\267\257\347\224\261\347\274\272\345\244\261\350\210\207\345\257\253\345\205\245\351\230\273\346\226\267\350\255\211\346\223\232\357\275\234MiniRouteWriteBlockEvidence.md""",552192420be253b5128cb2af6916dc5f03bb9399,,"https://github.com/lkminiPhantomWorld/welcome/blob/552192420be253b5128cb2af6916dc5f03bb9399/""evidence/\360\237\247\252Mini\350\267\257\347\224\261\347\274\272\345\244\261\350\210\207\345\257\253\345\205\245\351\230\273\346\226\267\350\255\211\346\223\232\357\275\234MiniRouteWriteBlockEvidence.md""",security: rebuild legacy public history without private entry data
2026-07-22T07:49:42Z,2026-07-22T15:49:42+08:00,VERIFIED_TRUE,local public git mirror,GITHUB_COMMIT_FILE,lkminiPhantomWorld/welcome,M index.html,Kevin / committer Kevin,index.html,552192420be253b5128cb2af6916dc5f03bb9399,,https://github.com/lkminiPhantomWorld/welcome/blob/552192420be253b5128cb2af6916dc5f03bb9399/index.html,security: rebuild legacy public history without private entry data
2026-07-22T07:49:42Z,2026-07-22T15:49:42+08:00,VERIFIED_TRUE,local public git mirror,GITHUB_COMMIT_FILE,lkminiPhantomWorld/welcome,A mini/ExecutionReceipt.json,Kevin / committer Kevin,mini/ExecutionReceipt.json,552192420be253b5128cb2af6916dc5f03bb9399,,https://github.com/lkminiPhantomWorld/welcome/blob/552192420be253b5128cb2af6916dc5f03bb9399/mini/ExecutionReceipt.json,security: rebuild legacy public history without private entry data
2026-07-22T07:49:42Z,2026-07-22T15:49:42+08:00,VERIFIED_TRUE,local public git mirror,GITHUB_COMMIT_FILE,lkminiPhantomWorld/welcome,A mini/SHA256SUMS,Kevin / committer Kevin,mini/SHA256SUMS,552192420be253b5128cb2af6916dc5f03bb9399,,https://github.com/lkminiPhantomWorld/welcome/blob/552192420be253b5128cb2af6916dc5f03bb9399/mini/SHA256SUMS,security: rebuild legacy public history without private entry data
2026-07-22T07:49:42Z,2026-07-22T15:49:42+08:00,VERIFIED_TRUE,local public git mirror,GITHUB_COMMIT_FILE,lkminiPhantomWorld/welcome,D mini/index.html,Kevin / committer Kevin,mini/index.html,552192420be253b5128cb2af6916dc5f03bb9399,,https://github.com/lkminiPhantomWorld/welcome/blob/552192420be253b5128cb2af6916dc5f03bb9399/mini/index.html,security: rebuild legacy public history without private entry data
2026-07-22T07:49:42Z,2026-07-22T15:49:42+08:00,VERIFIED_TRUE,local public git mirror,GITHUB_COMMIT_FILE,lkminiPhantomWorld/welcome,"A ""mini/membrane-manager/01_slot/\360\237\247\254LKMini\351\241\257\345\275\261\347\256\241\347\220\206\345\231\250\357\275\234LKMini-MembraneManager.md""",Kevin / committer Kevin,"""mini/membrane-manager/01_slot/\360\237\247\254LKMini\351\241\257\345\275\261\347\256\241\347\220\206\345\231\250\357\275\234LKMini-MembraneManager.md""",552192420be253b5128cb2af6916dc5f03bb9399,,"https://github.com/lkminiPhantomWorld/welcome/blob/552192420be253b5128cb2af6916dc5f03bb9399/""mini/membrane-manager/01_slot/\360\237\247\254LKMini\351\241\257\345\275\261\347\256\241\347\220\206\345\231\250\357\275\234LKMini-MembraneManager.md""",security: rebuild legacy public history without private entry data
2026-07-22T07:49:42Z,2026-07-22T15:49:42+08:00,VERIFIED_TRUE,local public git mirror,GITHUB_COMMIT_FILE,lkminiPhantomWorld/welcome,"A ""mini/membrane-manager/04_slot/\360\237\223\221\350\206\234\347\270\275\350\241\250\357\275\234MembraneTable.csv""",Kevin / committer Kevin,"""mini/membrane-manager/04_slot/\360\237\223\221\350\206\234\347\270\275\350\241\250\357\275\234MembraneTable.csv""",552192420be253b5128cb2af6916dc5f03bb9399,,"https://github.com/lkminiPhantomWorld/welcome/blob/552192420be253b5128cb2af6916dc5f03bb9399/""mini/membrane-manager/04_slot/\360\237\223\221\350\206\234\347\270\275\350\241\250\357\275\234MembraneTable.csv""",security: rebuild legacy public history without private entry data
2026-07-22T07:49:42Z,2026-07-22T15:49:42+08:00,VERIFIED_TRUE,local public git mirror,GITHUB_COMMIT_FILE,lkminiPhantomWorld/welcome,"A ""mini/membrane-manager/05_slot/\360\237\247\212\350\206\234\347\270\275\350\241\250\357\275\234MembraneTable.tsv""",Kevin / committer Kevin,"""mini/membrane-manager/05_slot/\360\237\247\212\350\206\234\347\270\275\350\241\250\357\275\234MembraneTable.tsv""",552192420be253b5128cb2af6916dc5f03bb9399,,"https://github.com/lkminiPhantomWorld/welcome/blob/552192420be253b5128cb2af6916dc5f03bb9399/""mini/membrane-manager/05_slot/\360\237\247\212\350\206\234\347\270\275\350\241\250\357\275\234MembraneTable.tsv""",security: rebuild legacy public history without private entry data
2026-07-22T07:49:42Z,2026-07-22T15:49:42+08:00,VERIFIED_TRUE,local public git mirror,GITHUB_COMMIT_FILE,lkminiPhantomWorld/welcome,"A ""mini/membrane-manager/06_slot/\360\237\214\220\351\241\257\345\275\261\351\240\220\350\246\275\357\275\234MembranePreview.html""",Kevin / committer Kevin,"""mini/membrane-manager/06_slot/\360\237\214\220\351\241\257\345\275\261\351\240\220\350\246\275\357\275\234MembranePreview.html""",552192420be253b5128cb2af6916dc5f03bb9399,,"https://github.com/lkminiPhantomWorld/welcome/blob/552192420be253b5128cb2af6916dc5f03bb9399/""mini/membrane-manager/06_slot/\360\237\214\220\351\241\257\345\275\261\351\240\220\350\246\275\357\275\234MembranePreview.html""",security: rebuild legacy public history without private entry data
2026-07-22T07:49:42Z,2026-07-22T15:49:42+08:00,VERIFIED_TRUE,local public git mirror,GITHUB_COMMIT_FILE,lkminiPhantomWorld/welcome,"A ""mini/membrane-manager/06_slot/\360\237\227\202\350\206\234\350\250\273\345\206\212\350\241\250\357\275\234MembraneRegistry.json""",Kevin / committer Kevin,"""mini/membrane-manager/06_slot/\360\237\227\202\350\206\234\350\250\273\345\206\212\350\241\250\357\275\234MembraneRegistry.json""",552192420be253b5128cb2af6916dc5f03bb9399,,"https://github.com/lkminiPhantomWorld/welcome/blob/552192420be253b5128cb2af6916dc5f03bb9399/""mini/membrane-manager/06_slot/\360\237\227\202\350\206\234\350\250\273\345\206\212\350\241\250\357\275\234MembraneRegistry.json""",security: rebuild legacy public history without private entry data
2026-07-22T07:49:42Z,2026-07-22T15:49:42+08:00,VERIFIED_TRUE,local public git mirror,GITHUB_COMMIT_FILE,lkminiPhantomWorld/welcome,"A ""mini/membrane-manager/13_slot/\360\237\247\276\346\270\205\345\226\256\357\275\234Manifest.csv""",Kevin / committer Kevin,"""mini/membrane-manager/13_slot/\360\237\247\276\346\270\205\345\226\256\357\275\234Manifest.csv""",552192420be253b5128cb2af6916dc5f03bb9399,,"https://github.com/lkminiPhantomWorld/welcome/blob/552192420be253b5128cb2af6916dc5f03bb9399/""mini/membrane-manager/13_slot/\360\237\247\276\346\270\205\345\226\256\357\275\234Manifest.csv""",security: rebuild legacy public history without private entry data
2026-07-22T07:49:42Z,2026-07-22T15:49:42+08:00,VERIFIED_TRUE,local public git mirror,GITHUB_COMMIT_FILE,lkminiPhantomWorld/welcome,"A ""mini/membrane-manager/14_slot/\360\237\216\257\345\256\232\344\275\215\357\275\234Locator.json""",Kevin / committer Kevin,"""mini/membrane-manager/14_slot/\360\237\216\257\345\256\232\344\275\215\357\275\234Locator.json""",552192420be253b5128cb2af6916dc5f03bb9399,,"https://github.com/lkminiPhantomWorld/welcome/blob/552192420be253b5128cb2af6916dc5f03bb9399/""mini/membrane-manager/14_slot/\360\237\216\257\345\256\232\344\275\215\357\275\234Locator.json""",security: rebuild legacy public history without private entry data
2026-07-22T07:49:42Z,2026-07-22T15:49:42+08:00,VERIFIED_TRUE,local public git mirror,GITHUB_COMMIT_FILE,lkminiPhantomWorld/welcome,"A ""mini/\360\237\247\254\350\255\211\346\223\232\351\217\210/SHA256SUMS""",Kevin / committer Kevin,"""mini/\360\237\247\254\350\255\211\346\223\232\351\217\210/SHA256SUMS""",552192420be253b5128cb2af6916dc5f03bb9399,,"https://github.com/lkminiPhantomWorld/welcome/blob/552192420be253b5128cb2af6916dc5f03bb9399/""mini/\360\237\247\254\350\255\211\346\223\232\351\217\210/SHA256SUMS""",security: rebuild legacy public history without private entry data
2026-07-22T07:49:42Z,2026-07-22T15:49:42+08:00,VERIFIED_TRUE,local public git mirror,GITHUB_COMMIT_FILE,lkminiPhantomWorld/welcome,"A ""mini/\360\237\247\254\350\255\211\346\223\232\351\217\210/ValidationReceipt.json""",Kevin / committer Kevin,"""mini/\360\237\247\254\350\255\211\346\223\232\351\217\210/ValidationReceipt.json""",552192420be253b5128cb2af6916dc5f03bb9399,,"https://github.com/lkminiPhantomWorld/welcome/blob/552192420be253b5128cb2af6916dc5f03bb9399/""mini/\360\237\247\254\350\255\211\346\223\232\351\217\210/ValidationReceipt.json""",security: rebuild legacy public history without private entry data
2026-07-22T07:49:55Z,2026-07-22T15:49:55+08:00,VERIFIED_TRUE,GitHub REST Actions,GITHUB_ACTION_RUN,Push on main,dynamic -> failure,ky46738-ops,dynamic/github-code-scanning/codeql,175fce87a8b77ffd8cb6d96df150fb294134b694,29901649196,https://github.com/lkminiPhantomWorld/welcome/actions/runs/29901649196,run_number=21; branch=main; status=completed
2026-07-22T07:49:55Z,2026-07-22T15:49:55+08:00,VERIFIED_TRUE,GitHub REST Actions,GITHUB_ACTION_RUN,pages build and deployment,dynamic -> success,ky46738-ops,dynamic/pages/pages-build-deployment,175fce87a8b77ffd8cb6d96df150fb294134b694,29901648888,https://github.com/lkminiPhantomWorld/welcome/actions/runs/29901648888,run_number=11; branch=main; status=completed
2026-07-22T07:49:56Z,2026-07-22T15:49:56+08:00,VERIFIED_TRUE,GitHub REST Actions,GITHUB_ACTION_RUN,Deploy to GitHub Pages,push -> failure,ky46738-ops,.github/workflows/pages.yml,175fce87a8b77ffd8cb6d96df150fb294134b694,29901649894,https://github.com/lkminiPhantomWorld/welcome/actions/runs/29901649894,run_number=12; branch=main; status=completed
2026-07-22T07:49:56Z,2026-07-22T15:49:56+08:00,VERIFIED_TRUE,GitHub REST Actions,GITHUB_ACTION_RUN,Python Package using Conda,push -> failure,ky46738-ops,.github/workflows/python-package-conda.yml,175fce87a8b77ffd8cb6d96df150fb294134b694,29901649761,https://github.com/lkminiPhantomWorld/welcome/actions/runs/29901649761,run_number=18; branch=main; status=completed
2026-07-22T07:49:56Z,2026-07-22T15:49:56+08:00,VERIFIED_TRUE,GitHub REST Actions,GITHUB_ACTION_RUN,Gatekeeper,push -> failure,ky46738-ops,.github/workflows/gatekeeper.yml,175fce87a8b77ffd8cb6d96df150fb294134b694,29901649754,https://github.com/lkminiPhantomWorld/welcome/actions/runs/29901649754,run_number=27; branch=main; status=completed
2026-07-22T07:49:58Z,2026-07-22T15:49:58+08:00,VERIFIED_TRUE,GitHub REST Actions,GITHUB_ACTION_RUN,Python Package using Conda,push -> failure,ky46738-ops,.github/workflows/python-package-conda.yml,175fce87a8b77ffd8cb6d96df150fb294134b694,29901652234,https://github.com/lkminiPhantomWorld/welcome/actions/runs/29901652234,run_number=19; branch=copilot/ky46738-ops-move-tiny-state-core; status=completed
2026-07-22T07:49:58Z,2026-07-22T15:49:58+08:00,VERIFIED_TRUE,GitHub REST Actions,GITHUB_ACTION_RUN,Gatekeeper,push -> failure,ky46738-ops,.github/workflows/gatekeeper.yml,175fce87a8b77ffd8cb6d96df150fb294134b694,29901652020,https://github.com/lkminiPhantomWorld/welcome/actions/runs/29901652020,run_number=28; branch=copilot/ky46738-ops-move-tiny-state-core; status=completed
2026-07-22T12:56:26Z,2026-07-22T20:56:26+08:00,VERIFIED_TRUE,local public git mirror,GITHUB_COMMIT_FILE,lkminiPhantomWorld/welcome,A .nojekyll,Kevin / committer Kevin,.nojekyll,7b0b85baa00922ae00fa5bd28f871b89bd9a000c,,https://github.com/lkminiPhantomWorld/welcome/blob/7b0b85baa00922ae00fa5bd28f871b89bd9a000c/.nojekyll,pages: add nojekyll marker for static welcome site
2026-07-22T12:56:29Z,2026-07-22T20:56:29+08:00,VERIFIED_TRUE,GitHub REST Actions,GITHUB_ACTION_RUN,Push on main,dynamic -> failure,ky46738-ops,dynamic/github-code-scanning/codeql,7b0b85baa00922ae00fa5bd28f871b89bd9a000c,29921727548,https://github.com/lkminiPhantomWorld/welcome/actions/runs/29921727548,run_number=22; branch=main; status=completed
2026-07-22T12:56:29Z,2026-07-22T20:56:29+08:00,VERIFIED_TRUE,GitHub REST Actions,GITHUB_ACTION_RUN,pages build and deployment,dynamic -> cancelled,ky46738-ops,dynamic/pages/pages-build-deployment,7b0b85baa00922ae00fa5bd28f871b89bd9a000c,29921727471,https://github.com/lkminiPhantomWorld/welcome/actions/runs/29921727471,run_number=12; branch=main; status=completed
2026-07-22T12:56:30Z,2026-07-22T20:56:30+08:00,VERIFIED_TRUE,GitHub REST Actions,GITHUB_ACTION_RUN,Deploy to GitHub Pages,push -> failure,ky46738-ops,.github/workflows/pages.yml,7b0b85baa00922ae00fa5bd28f871b89bd9a000c,29921729256,https://github.com/lkminiPhantomWorld/welcome/actions/runs/29921729256,run_number=13; branch=main; status=completed
2026-07-22T12:56:31Z,2026-07-22T20:56:31+08:00,VERIFIED_TRUE,GitHub REST Actions,GITHUB_ACTION_RUN,Python Package using Conda,push -> failure,ky46738-ops,.github/workflows/python-package-conda.yml,7b0b85baa00922ae00fa5bd28f871b89bd9a000c,29921729687,https://github.com/lkminiPhantomWorld/welcome/actions/runs/29921729687,run_number=20; branch=main; status=completed
2026-07-22T12:56:31Z,2026-07-22T20:56:31+08:00,VERIFIED_TRUE,GitHub REST Actions,GITHUB_ACTION_RUN,Gatekeeper,push -> failure,ky46738-ops,.github/workflows/gatekeeper.yml,7b0b85baa00922ae00fa5bd28f871b89bd9a000c,29921729685,https://github.com/lkminiPhantomWorld/welcome/actions/runs/29921729685,run_number=29; branch=main; status=completed
2026-07-22T12:56:38Z,2026-07-22T20:56:38+08:00,VERIFIED_TRUE,local public git mirror,GITHUB_COMMIT_FILE,lkminiPhantomWorld/welcome,A .github/workflows/deploy-pages.yml,Kevin / committer Kevin,.github/workflows/deploy-pages.yml,19e53fa1b78c7f3527864b24763e02eded616d08,,https://github.com/lkminiPhantomWorld/welcome/blob/19e53fa1b78c7f3527864b24763e02eded616d08/.github/workflows/deploy-pages.yml,pages: deploy root and mini projections with verified workflow
2026-07-22T12:56:41Z,2026-07-22T20:56:41+08:00,VERIFIED_TRUE,GitHub REST Actions,GITHUB_ACTION_RUN,pages build and deployment,dynamic -> success,ky46738-ops,dynamic/pages/pages-build-deployment,19e53fa1b78c7f3527864b24763e02eded616d08,29921741326,https://github.com/lkminiPhantomWorld/welcome/actions/runs/29921741326,run_number=13; branch=main; status=completed
2026-07-22T12:56:41Z,2026-07-22T20:56:41+08:00,VERIFIED_TRUE,GitHub REST Actions,GITHUB_ACTION_RUN,Push on main,dynamic -> failure,ky46738-ops,dynamic/github-code-scanning/codeql,19e53fa1b78c7f3527864b24763e02eded616d08,29921741003,https://github.com/lkminiPhantomWorld/welcome/actions/runs/29921741003,run_number=23; branch=main; status=completed
2026-07-22T12:56:42Z,2026-07-22T20:56:42+08:00,VERIFIED_TRUE,GitHub REST Actions,GITHUB_ACTION_RUN,Gatekeeper,push -> failure,ky46738-ops,.github/workflows/gatekeeper.yml,19e53fa1b78c7f3527864b24763e02eded616d08,29921742686,https://github.com/lkminiPhantomWorld/welcome/actions/runs/29921742686,run_number=30; branch=main; status=completed
2026-07-22T12:56:42Z,2026-07-22T20:56:42+08:00,VERIFIED_TRUE,GitHub REST Actions,GITHUB_ACTION_RUN,Deploy verified welcome site to GitHub Pages,push -> failure,ky46738-ops,.github/workflows/deploy-pages.yml,19e53fa1b78c7f3527864b24763e02eded616d08,29921742579,https://github.com/lkminiPhantomWorld/welcome/actions/runs/29921742579,run_number=1; branch=main; status=completed
2026-07-22T12:56:42Z,2026-07-22T20:56:42+08:00,VERIFIED_TRUE,GitHub REST Actions,GITHUB_ACTION_RUN,Python Package using Conda,push -> failure,ky46738-ops,.github/workflows/python-package-conda.yml,19e53fa1b78c7f3527864b24763e02eded616d08,29921742279,https://github.com/lkminiPhantomWorld/welcome/actions/runs/29921742279,run_number=21; branch=main; status=completed
2026-07-22T12:56:42Z,2026-07-22T20:56:42+08:00,VERIFIED_TRUE,GitHub REST Actions,GITHUB_ACTION_RUN,Deploy to GitHub Pages,push -> cancelled,ky46738-ops,.github/workflows/pages.yml,19e53fa1b78c7f3527864b24763e02eded616d08,29921742249,https://github.com/lkminiPhantomWorld/welcome/actions/runs/29921742249,run_number=14; branch=main; status=completed
2026-07-22T15:03:17Z,2026-07-22T23:03:17+08:00,VERIFIED_TRUE,GitHub REST Actions,GITHUB_ACTION_RUN,Python Package using Conda,push -> failure,ky46738-ops,.github/workflows/python-package-conda.yml,19e53fa1b78c7f3527864b24763e02eded616d08,29931541240,https://github.com/lkminiPhantomWorld/welcome/actions/runs/29931541240,run_number=22; branch=automation/portal-integrity-20260722; status=completed
2026-07-22T15:03:18Z,2026-07-22T23:03:18+08:00,VERIFIED_TRUE,GitHub REST Actions,GITHUB_ACTION_RUN,Gatekeeper,push -> failure,ky46738-ops,.github/workflows/gatekeeper.yml,19e53fa1b78c7f3527864b24763e02eded616d08,29931541991,https://github.com/lkminiPhantomWorld/welcome/actions/runs/29931541991,run_number=31; branch=automation/portal-integrity-20260722; status=completed
2026-07-22T15:03:41Z,2026-07-22T23:03:41+08:00,VERIFIED_TRUE,local public git mirror,GITHUB_COMMIT_FILE,lkminiPhantomWorld/welcome,M index.html,Kevin / committer Kevin,index.html,b537c52ac7ea4b177a4b2c056dadc192d7b5372b,,https://github.com/lkminiPhantomWorld/welcome/blob/b537c52ac7ea4b177a4b2c056dadc192d7b5372b/index.html,portal: remove placeholder routes from formal entry
2026-07-22T15:03:44Z,2026-07-22T23:03:44+08:00,VERIFIED_TRUE,GitHub REST Actions,GITHUB_ACTION_RUN,Python Package using Conda,push -> failure,ky46738-ops,.github/workflows/python-package-conda.yml,b537c52ac7ea4b177a4b2c056dadc192d7b5372b,29931576873,https://github.com/lkminiPhantomWorld/welcome/actions/runs/29931576873,run_number=23; branch=automation/portal-integrity-20260722; status=completed
2026-07-22T15:03:44Z,2026-07-22T23:03:44+08:00,VERIFIED_TRUE,GitHub REST Actions,GITHUB_ACTION_RUN,Gatekeeper,push -> failure,ky46738-ops,.github/workflows/gatekeeper.yml,b537c52ac7ea4b177a4b2c056dadc192d7b5372b,29931576857,https://github.com/lkminiPhantomWorld/welcome/actions/runs/29931576857,run_number=32; branch=automation/portal-integrity-20260722; status=completed
2026-07-22T15:04:11Z,2026-07-22T23:04:11+08:00,VERIFIED_TRUE,local public git mirror,GITHUB_COMMIT_FILE,lkminiPhantomWorld/welcome,M ui/shrine/index.html,Kevin / committer Kevin,ui/shrine/index.html,ef1d0a4cf30102b27b682a105584a35c28e0fb6c,,https://github.com/lkminiPhantomWorld/welcome/blob/ef1d0a4cf30102b27b682a105584a35c28e0fb6c/ui/shrine/index.html,portal: remove empty shrine controls and preserve archived records
2026-07-22T15:04:14Z,2026-07-22T23:04:14+08:00,VERIFIED_TRUE,GitHub REST Actions,GITHUB_ACTION_RUN,Python Package using Conda,push -> failure,ky46738-ops,.github/workflows/python-package-conda.yml,ef1d0a4cf30102b27b682a105584a35c28e0fb6c,29931615690,https://github.com/lkminiPhantomWorld/welcome/actions/runs/29931615690,run_number=24; branch=automation/portal-integrity-20260722; status=completed
2026-07-22T15:04:15Z,2026-07-22T23:04:15+08:00,VERIFIED_TRUE,GitHub REST Actions,GITHUB_ACTION_RUN,Gatekeeper,push -> failure,ky46738-ops,.github/workflows/gatekeeper.yml,ef1d0a4cf30102b27b682a105584a35c28e0fb6c,29931616138,https://github.com/lkminiPhantomWorld/welcome/actions/runs/29931616138,run_number=33; branch=automation/portal-integrity-20260722; status=completed
2026-07-22T15:04:35Z,2026-07-22T23:04:35+08:00,VERIFIED_TRUE,local public git mirror,GITHUB_COMMIT_FILE,lkminiPhantomWorld/welcome,M tools/verify_lkmini.py,Kevin / committer Kevin,tools/verify_lkmini.py,13335775ff48ba3980d04ceaaa765e6244987f0d,,https://github.com/lkminiPhantomWorld/welcome/blob/13335775ff48ba3980d04ceaaa765e6244987f0d/tools/verify_lkmini.py,gatekeeper: allow policy declarations and reject duplicate hashes
2026-07-22T15:04:41Z,2026-07-22T23:04:41+08:00,VERIFIED_TRUE,GitHub REST Actions,GITHUB_ACTION_RUN,Python Package using Conda,push -> failure,ky46738-ops,.github/workflows/python-package-conda.yml,13335775ff48ba3980d04ceaaa765e6244987f0d,29931650707,https://github.com/lkminiPhantomWorld/welcome/actions/runs/29931650707,run_number=25; branch=automation/portal-integrity-20260722; status=completed
2026-07-22T15:04:43Z,2026-07-22T23:04:43+08:00,VERIFIED_TRUE,local public git mirror,GITHUB_COMMIT_FILE,lkminiPhantomWorld/welcome,M .github/workflows/gatekeeper.yml,Kevin / committer Kevin,.github/workflows/gatekeeper.yml,50ea92a892e161aa2e7c5f4b32a4b60c9ca0952e,,https://github.com/lkminiPhantomWorld/welcome/blob/50ea92a892e161aa2e7c5f4b32a4b60c9ca0952e/.github/workflows/gatekeeper.yml,gatekeeper: run seed and portal verifiers
2026-07-22T15:04:43Z,2026-07-22T23:04:43+08:00,VERIFIED_TRUE,GitHub REST Actions,GITHUB_ACTION_RUN,Gatekeeper,push -> failure,ky46738-ops,.github/workflows/gatekeeper.yml,13335775ff48ba3980d04ceaaa765e6244987f0d,29931653346,https://github.com/lkminiPhantomWorld/welcome/actions/runs/29931653346,run_number=34; branch=automation/portal-integrity-20260722; status=completed
2026-07-22T15:04:47Z,2026-07-22T23:04:47+08:00,VERIFIED_TRUE,GitHub REST Actions,GITHUB_ACTION_RUN,Gatekeeper,push -> failure,ky46738-ops,.github/workflows/gatekeeper.yml,50ea92a892e161aa2e7c5f4b32a4b60c9ca0952e,29931658300,https://github.com/lkminiPhantomWorld/welcome/actions/runs/29931658300,run_number=35; branch=automation/portal-integrity-20260722; status=completed
2026-07-22T15:04:47Z,2026-07-22T23:04:47+08:00,VERIFIED_TRUE,GitHub REST Actions,GITHUB_ACTION_RUN,Python Package using Conda,push -> failure,ky46738-ops,.github/workflows/python-package-conda.yml,50ea92a892e161aa2e7c5f4b32a4b60c9ca0952e,29931658235,https://github.com/lkminiPhantomWorld/welcome/actions/runs/29931658235,run_number=26; branch=automation/portal-integrity-20260722; status=completed
2026-07-22T15:04:57Z,2026-07-22T23:04:57+08:00,VERIFIED_TRUE,local public git mirror,GITHUB_COMMIT_FILE,lkminiPhantomWorld/welcome,M SHA256SUMS,Kevin / committer Kevin,SHA256SUMS,0dd0c8c420f7ee279e43ff673b10c1cc656057df,,https://github.com/lkminiPhantomWorld/welcome/blob/0dd0c8c420f7ee279e43ff673b10c1cc656057df/SHA256SUMS,integrity: rebuild seed hash contract without duplicate README
2026-07-22T15:05:02Z,2026-07-22T23:05:02+08:00,VERIFIED_TRUE,GitHub REST Actions,GITHUB_ACTION_RUN,Python Package using Conda,push -> failure,ky46738-ops,.github/workflows/python-package-conda.yml,0dd0c8c420f7ee279e43ff673b10c1cc656057df,29931678262,https://github.com/lkminiPhantomWorld/welcome/actions/runs/29931678262,run_number=27; branch=automation/portal-integrity-20260722; status=completed
2026-07-22T15:05:03Z,2026-07-22T23:05:03+08:00,VERIFIED_TRUE,GitHub REST Actions,GITHUB_ACTION_RUN,Gatekeeper,push -> failure,ky46738-ops,.github/workflows/gatekeeper.yml,0dd0c8c420f7ee279e43ff673b10c1cc656057df,29931679416,https://github.com/lkminiPhantomWorld/welcome/actions/runs/29931679416,run_number=36; branch=automation/portal-integrity-20260722; status=completed
2026-07-22T15:05:26Z,2026-07-22T23:05:26+08:00,VERIFIED_TRUE,local public git mirror,GITHUB_COMMIT_FILE,lkminiPhantomWorld/welcome,A tools/verify_portal.py,Kevin / committer Kevin,tools/verify_portal.py,aeddae598fc7430d30070f23349c74e4e42bc783,,https://github.com/lkminiPhantomWorld/welcome/blob/aeddae598fc7430d30070f23349c74e4e42bc783/tools/verify_portal.py,portal: add violent integrity verifier
2026-07-22T15:05:31Z,2026-07-22T23:05:31+08:00,VERIFIED_TRUE,GitHub REST Actions,GITHUB_ACTION_RUN,Gatekeeper,push -> failure,ky46738-ops,.github/workflows/gatekeeper.yml,aeddae598fc7430d30070f23349c74e4e42bc783,29931718048,https://github.com/lkminiPhantomWorld/welcome/actions/runs/29931718048,run_number=37; branch=automation/portal-integrity-20260722; status=completed
2026-07-22T15:05:31Z,2026-07-22T23:05:31+08:00,VERIFIED_TRUE,GitHub REST Actions,GITHUB_ACTION_RUN,Python Package using Conda,push -> failure,ky46738-ops,.github/workflows/python-package-conda.yml,aeddae598fc7430d30070f23349c74e4e42bc783,29931718001,https://github.com/lkminiPhantomWorld/welcome/actions/runs/29931718001,run_number=28; branch=automation/portal-integrity-20260722; status=completed
2026-07-22T15:05:42Z,2026-07-22T23:05:42+08:00,VERIFIED_TRUE,local public git mirror,GITHUB_COMMIT_FILE,lkminiPhantomWorld/welcome,A PORTAL_MANIFEST.json,Kevin / committer Kevin,PORTAL_MANIFEST.json,28ae65f2972debbf5e05bad5f0c1319f3280693b,,https://github.com/lkminiPhantomWorld/welcome/blob/28ae65f2972debbf5e05bad5f0c1319f3280693b/PORTAL_MANIFEST.json,portal: add formal projection manifest
2026-07-22T15:05:47Z,2026-07-22T23:05:47+08:00,VERIFIED_TRUE,GitHub REST Actions,GITHUB_ACTION_RUN,Python Package using Conda,push -> failure,ky46738-ops,.github/workflows/python-package-conda.yml,28ae65f2972debbf5e05bad5f0c1319f3280693b,29931740606,https://github.com/lkminiPhantomWorld/welcome/actions/runs/29931740606,run_number=29; branch=automation/portal-integrity-20260722; status=completed
2026-07-22T15:05:47Z,2026-07-22T23:05:47+08:00,VERIFIED_TRUE,GitHub REST Actions,GITHUB_ACTION_RUN,Gatekeeper,push -> failure,ky46738-ops,.github/workflows/gatekeeper.yml,28ae65f2972debbf5e05bad5f0c1319f3280693b,29931740455,https://github.com/lkminiPhantomWorld/welcome/actions/runs/29931740455,run_number=38; branch=automation/portal-integrity-20260722; status=completed
2026-07-22T15:06:00Z,2026-07-22T23:06:00+08:00,VERIFIED_TRUE,local public git mirror,GITHUB_COMMIT_FILE,lkminiPhantomWorld/welcome,A PORTAL_LOCATOR.json,Kevin / committer Kevin,PORTAL_LOCATOR.json,4204ba657eabbfbc4196d8d0a692b0c19afdbacb,,https://github.com/lkminiPhantomWorld/welcome/blob/4204ba657eabbfbc4196d8d0a692b0c19afdbacb/PORTAL_LOCATOR.json,portal: add active public locator
2026-07-22T15:06:04Z,2026-07-22T23:06:04+08:00,VERIFIED_TRUE,GitHub REST Actions,GITHUB_ACTION_RUN,Python Package using Conda,push -> failure,ky46738-ops,.github/workflows/python-package-conda.yml,4204ba657eabbfbc4196d8d0a692b0c19afdbacb,29931762627,https://github.com/lkminiPhantomWorld/welcome/actions/runs/29931762627,run_number=30; branch=automation/portal-integrity-20260722; status=completed
2026-07-22T15:06:05Z,2026-07-22T23:06:05+08:00,VERIFIED_TRUE,GitHub REST Actions,GITHUB_ACTION_RUN,Gatekeeper,push -> failure,ky46738-ops,.github/workflows/gatekeeper.yml,4204ba657eabbfbc4196d8d0a692b0c19afdbacb,29931764546,https://github.com/lkminiPhantomWorld/welcome/actions/runs/29931764546,run_number=39; branch=automation/portal-integrity-20260722; status=completed
2026-07-22T15:06:12Z,2026-07-22T23:06:12+08:00,VERIFIED_TRUE,local public git mirror,GITHUB_COMMIT_FILE,lkminiPhantomWorld/welcome,A PORTAL_REVERSECHAIN.json,Kevin / committer Kevin,PORTAL_REVERSECHAIN.json,fc9e95faa5c9d1d7a6f74d288dd736ddf206543e,,https://github.com/lkminiPhantomWorld/welcome/blob/fc9e95faa5c9d1d7a6f74d288dd736ddf206543e/PORTAL_REVERSECHAIN.json,portal: add reversible identity projection chain
2026-07-22T15:06:15Z,2026-07-22T23:06:15+08:00,VERIFIED_TRUE,GitHub REST Actions,GITHUB_ACTION_RUN,Python Package using Conda,push -> failure,ky46738-ops,.github/workflows/python-package-conda.yml,fc9e95faa5c9d1d7a6f74d288dd736ddf206543e,29931777231,https://github.com/lkminiPhantomWorld/welcome/actions/runs/29931777231,run_number=31; branch=automation/portal-integrity-20260722; status=completed
2026-07-22T15:06:15Z,2026-07-22T23:06:15+08:00,VERIFIED_TRUE,GitHub REST Actions,GITHUB_ACTION_RUN,Gatekeeper,push -> failure,ky46738-ops,.github/workflows/gatekeeper.yml,fc9e95faa5c9d1d7a6f74d288dd736ddf206543e,29931776717,https://github.com/lkminiPhantomWorld/welcome/actions/runs/29931776717,run_number=40; branch=automation/portal-integrity-20260722; status=completed
2026-07-22T15:06:30Z,2026-07-22T23:06:30+08:00,VERIFIED_TRUE,local public git mirror,GITHUB_COMMIT_FILE,lkminiPhantomWorld/welcome,A evidence/2026-07-22/placeholder-routes.json,Kevin / committer Kevin,evidence/2026-07-22/placeholder-routes.json,5515a39402422a2da92d60eb0316894aa728a0db,,https://github.com/lkminiPhantomWorld/welcome/blob/5515a39402422a2da92d60eb0316894aa728a0db/evidence/2026-07-22/placeholder-routes.json,evidence: isolate formal-entry placeholder routes
2026-07-22T15:06:33Z,2026-07-22T23:06:33+08:00,VERIFIED_TRUE,GitHub REST Actions,GITHUB_ACTION_RUN,Python Package using Conda,push -> failure,ky46738-ops,.github/workflows/python-package-conda.yml,5515a39402422a2da92d60eb0316894aa728a0db,29931800449,https://github.com/lkminiPhantomWorld/welcome/actions/runs/29931800449,run_number=32; branch=automation/portal-integrity-20260722; status=completed
2026-07-22T15:06:34Z,2026-07-22T23:06:34+08:00,VERIFIED_TRUE,GitHub REST Actions,GITHUB_ACTION_RUN,Gatekeeper,push -> failure,ky46738-ops,.github/workflows/gatekeeper.yml,5515a39402422a2da92d60eb0316894aa728a0db,29931800632,https://github.com/lkminiPhantomWorld/welcome/actions/runs/29931800632,run_number=41; branch=automation/portal-integrity-20260722; status=completed
2026-07-22T15:06:44Z,2026-07-22T23:06:44+08:00,VERIFIED_TRUE,local public git mirror,GITHUB_COMMIT_FILE,lkminiPhantomWorld/welcome,A PORTAL_SHA256SUMS,Kevin / committer Kevin,PORTAL_SHA256SUMS,e700cdb5aed65a4bc94f1ddacde5496f36699e1d,,https://github.com/lkminiPhantomWorld/welcome/blob/e700cdb5aed65a4bc94f1ddacde5496f36699e1d/PORTAL_SHA256SUMS,portal: add verified projection hashes
2026-07-22T15:06:47Z,2026-07-22T23:06:47+08:00,VERIFIED_TRUE,GitHub REST Actions,GITHUB_ACTION_RUN,Gatekeeper,push -> failure,ky46738-ops,.github/workflows/gatekeeper.yml,e700cdb5aed65a4bc94f1ddacde5496f36699e1d,29931818155,https://github.com/lkminiPhantomWorld/welcome/actions/runs/29931818155,run_number=42; branch=automation/portal-integrity-20260722; status=completed
2026-07-22T15:06:48Z,2026-07-22T23:06:48+08:00,VERIFIED_TRUE,GitHub REST Actions,GITHUB_ACTION_RUN,Python Package using Conda,push -> failure,ky46738-ops,.github/workflows/python-package-conda.yml,e700cdb5aed65a4bc94f1ddacde5496f36699e1d,29931818308,https://github.com/lkminiPhantomWorld/welcome/actions/runs/29931818308,run_number=33; branch=automation/portal-integrity-20260722; status=completed
2026-07-22T15:07:05Z,2026-07-22T23:07:05+08:00,VERIFIED_TRUE,local public git mirror,GITHUB_COMMIT_FILE,lkminiPhantomWorld/welcome,M .github/workflows/deploy-pages.yml,Kevin / committer Kevin,.github/workflows/deploy-pages.yml,2352d73344618e736652d462fb469ce1f496419c,,https://github.com/lkminiPhantomWorld/welcome/blob/2352d73344618e736652d462fb469ce1f496419c/.github/workflows/deploy-pages.yml,pages: deploy shrine and verification chain after violent checks
2026-07-22T15:07:11Z,2026-07-22T23:07:11+08:00,VERIFIED_TRUE,GitHub REST Actions,GITHUB_ACTION_RUN,Python Package using Conda,push -> failure,ky46738-ops,.github/workflows/python-package-conda.yml,2352d73344618e736652d462fb469ce1f496419c,29931847623,https://github.com/lkminiPhantomWorld/welcome/actions/runs/29931847623,run_number=34; branch=automation/portal-integrity-20260722; status=completed
2026-07-22T15:07:11Z,2026-07-22T23:07:11+08:00,VERIFIED_TRUE,GitHub REST Actions,GITHUB_ACTION_RUN,Gatekeeper,push -> failure,ky46738-ops,.github/workflows/gatekeeper.yml,2352d73344618e736652d462fb469ce1f496419c,29931847252,https://github.com/lkminiPhantomWorld/welcome/actions/runs/29931847252,run_number=43; branch=automation/portal-integrity-20260722; status=completed
2026-07-22T15:07:29Z,2026-07-22T23:07:29+08:00,VERIFIED_TRUE,local public git mirror,GITHUB_COMMIT_FILE,lkminiPhantomWorld/welcome,M SYSTEM_STATE.md,Kevin / committer Kevin,SYSTEM_STATE.md,b5b7f7d4eaceb7a4c7e43bc487a1d81ed1fd4b4c,,https://github.com/lkminiPhantomWorld/welcome/blob/b5b7f7d4eaceb7a4c7e43bc487a1d81ed1fd4b4c/SYSTEM_STATE.md,state: replace stale pass claims with measured portal status
2026-07-22T15:07:32Z,2026-07-22T23:07:32+08:00,VERIFIED_TRUE,GitHub REST Actions,GITHUB_ACTION_RUN,Python Package using Conda,push -> failure,ky46738-ops,.github/workflows/python-package-conda.yml,b5b7f7d4eaceb7a4c7e43bc487a1d81ed1fd4b4c,29931875272,https://github.com/lkminiPhantomWorld/welcome/actions/runs/29931875272,run_number=35; branch=automation/portal-integrity-20260722; status=completed
2026-07-22T15:07:33Z,2026-07-22T23:07:33+08:00,VERIFIED_TRUE,GitHub REST Actions,GITHUB_ACTION_RUN,Gatekeeper,push -> failure,ky46738-ops,.github/workflows/gatekeeper.yml,b5b7f7d4eaceb7a4c7e43bc487a1d81ed1fd4b4c,29931875853,https://github.com/lkminiPhantomWorld/welcome/actions/runs/29931875853,run_number=44; branch=automation/portal-integrity-20260722; status=completed
2026-07-22T15:07:48Z,2026-07-22T23:07:48+08:00,VERIFIED_TRUE,GitHub REST Actions,GITHUB_ACTION_RUN,PR #3,dynamic -> failure,ky46738-ops,dynamic/github-code-scanning/codeql,b5b7f7d4eaceb7a4c7e43bc487a1d81ed1fd4b4c,29931895481,https://github.com/lkminiPhantomWorld/welcome/actions/runs/29931895481,run_number=24; branch=refs/pull/3/head; status=completed
2026-07-22T15:07:50Z,2026-07-22T23:07:50+08:00,VERIFIED_TRUE,GitHub REST Actions,GITHUB_ACTION_RUN,Gatekeeper,pull_request -> failure,ky46738-ops,.github/workflows/gatekeeper.yml,b5b7f7d4eaceb7a4c7e43bc487a1d81ed1fd4b4c,29931898320,https://github.com/lkminiPhantomWorld/welcome/actions/runs/29931898320,run_number=45; branch=automation/portal-integrity-20260722; status=completed
2026-07-22T15:08:16Z,2026-07-22T23:08:16+08:00,VERIFIED_TRUE,local public git mirror,GITHUB_COMMIT_FILE,lkminiPhantomWorld/welcome,M .github/workflows/deploy-pages.yml,Kevin / committer GitHub,.github/workflows/deploy-pages.yml,31b890f7a401c0a7f654358405cf7ed84328e90c,,https://github.com/lkminiPhantomWorld/welcome/blob/31b890f7a401c0a7f654358405cf7ed84328e90c/.github/workflows/deploy-pages.yml,portal: repair formal entry and reversible verification chain
2026-07-22T15:08:16Z,2026-07-22T23:08:16+08:00,VERIFIED_TRUE,local public git mirror,GITHUB_COMMIT_FILE,lkminiPhantomWorld/welcome,M .github/workflows/gatekeeper.yml,Kevin / committer GitHub,.github/workflows/gatekeeper.yml,31b890f7a401c0a7f654358405cf7ed84328e90c,,https://github.com/lkminiPhantomWorld/welcome/blob/31b890f7a401c0a7f654358405cf7ed84328e90c/.github/workflows/gatekeeper.yml,portal: repair formal entry and reversible verification chain
2026-07-22T15:08:16Z,2026-07-22T23:08:16+08:00,VERIFIED_TRUE,local public git mirror,GITHUB_COMMIT_FILE,lkminiPhantomWorld/welcome,A PORTAL_LOCATOR.json,Kevin / committer GitHub,PORTAL_LOCATOR.json,31b890f7a401c0a7f654358405cf7ed84328e90c,,https://github.com/lkminiPhantomWorld/welcome/blob/31b890f7a401c0a7f654358405cf7ed84328e90c/PORTAL_LOCATOR.json,portal: repair formal entry and reversible verification chain
2026-07-22T15:08:16Z,2026-07-22T23:08:16+08:00,VERIFIED_TRUE,local public git mirror,GITHUB_COMMIT_FILE,lkminiPhantomWorld/welcome,A PORTAL_MANIFEST.json,Kevin / committer GitHub,PORTAL_MANIFEST.json,31b890f7a401c0a7f654358405cf7ed84328e90c,,https://github.com/lkminiPhantomWorld/welcome/blob/31b890f7a401c0a7f654358405cf7ed84328e90c/PORTAL_MANIFEST.json,portal: repair formal entry and reversible verification chain
2026-07-22T15:08:16Z,2026-07-22T23:08:16+08:00,VERIFIED_TRUE,local public git mirror,GITHUB_COMMIT_FILE,lkminiPhantomWorld/welcome,A PORTAL_REVERSECHAIN.json,Kevin / committer GitHub,PORTAL_REVERSECHAIN.json,31b890f7a401c0a7f654358405cf7ed84328e90c,,https://github.com/lkminiPhantomWorld/welcome/blob/31b890f7a401c0a7f654358405cf7ed84328e90c/PORTAL_REVERSECHAIN.json,portal: repair formal entry and reversible verification chain
2026-07-22T15:08:16Z,2026-07-22T23:08:16+08:00,VERIFIED_TRUE,local public git mirror,GITHUB_COMMIT_FILE,lkminiPhantomWorld/welcome,A PORTAL_SHA256SUMS,Kevin / committer GitHub,PORTAL_SHA256SUMS,31b890f7a401c0a7f654358405cf7ed84328e90c,,https://github.com/lkminiPhantomWorld/welcome/blob/31b890f7a401c0a7f654358405cf7ed84328e90c/PORTAL_SHA256SUMS,portal: repair formal entry and reversible verification chain
2026-07-22T15:08:16Z,2026-07-22T23:08:16+08:00,VERIFIED_TRUE,local public git mirror,GITHUB_COMMIT_FILE,lkminiPhantomWorld/welcome,M SHA256SUMS,Kevin / committer GitHub,SHA256SUMS,31b890f7a401c0a7f654358405cf7ed84328e90c,,https://github.com/lkminiPhantomWorld/welcome/blob/31b890f7a401c0a7f654358405cf7ed84328e90c/SHA256SUMS,portal: repair formal entry and reversible verification chain
2026-07-22T15:08:16Z,2026-07-22T23:08:16+08:00,VERIFIED_TRUE,local public git mirror,GITHUB_COMMIT_FILE,lkminiPhantomWorld/welcome,M SYSTEM_STATE.md,Kevin / committer GitHub,SYSTEM_STATE.md,31b890f7a401c0a7f654358405cf7ed84328e90c,,https://github.com/lkminiPhantomWorld/welcome/blob/31b890f7a401c0a7f654358405cf7ed84328e90c/SYSTEM_STATE.md,portal: repair formal entry and reversible verification chain
2026-07-22T15:08:16Z,2026-07-22T23:08:16+08:00,VERIFIED_TRUE,local public git mirror,GITHUB_COMMIT_FILE,lkminiPhantomWorld/welcome,A evidence/2026-07-22/placeholder-routes.json,Kevin / committer GitHub,evidence/2026-07-22/placeholder-routes.json,31b890f7a401c0a7f654358405cf7ed84328e90c,,https://github.com/lkminiPhantomWorld/welcome/blob/31b890f7a401c0a7f654358405cf7ed84328e90c/evidence/2026-07-22/placeholder-routes.json,portal: repair formal entry and reversible verification chain
2026-07-22T15:08:16Z,2026-07-22T23:08:16+08:00,VERIFIED_TRUE,local public git mirror,GITHUB_COMMIT_FILE,lkminiPhantomWorld/welcome,M index.html,Kevin / committer GitHub,index.html,31b890f7a401c0a7f654358405cf7ed84328e90c,,https://github.com/lkminiPhantomWorld/welcome/blob/31b890f7a401c0a7f654358405cf7ed84328e90c/index.html,portal: repair formal entry and reversible verification chain
2026-07-22T15:08:16Z,2026-07-22T23:08:16+08:00,VERIFIED_TRUE,local public git mirror,GITHUB_COMMIT_FILE,lkminiPhantomWorld/welcome,M tools/verify_lkmini.py,Kevin / committer GitHub,tools/verify_lkmini.py,31b890f7a401c0a7f654358405cf7ed84328e90c,,https://github.com/lkminiPhantomWorld/welcome/blob/31b890f7a401c0a7f654358405cf7ed84328e90c/tools/verify_lkmini.py,portal: repair formal entry and reversible verification chain
2026-07-22T15:08:16Z,2026-07-22T23:08:16+08:00,VERIFIED_TRUE,local public git mirror,GITHUB_COMMIT_FILE,lkminiPhantomWorld/welcome,A tools/verify_portal.py,Kevin / committer GitHub,tools/verify_portal.py,31b890f7a401c0a7f654358405cf7ed84328e90c,,https://github.com/lkminiPhantomWorld/welcome/blob/31b890f7a401c0a7f654358405cf7ed84328e90c/tools/verify_portal.py,portal: repair formal entry and reversible verification chain
2026-07-22T15:08:16Z,2026-07-22T23:08:16+08:00,VERIFIED_TRUE,local public git mirror,GITHUB_COMMIT_FILE,lkminiPhantomWorld/welcome,M ui/shrine/index.html,Kevin / committer GitHub,ui/shrine/index.html,31b890f7a401c0a7f654358405cf7ed84328e90c,,https://github.com/lkminiPhantomWorld/welcome/blob/31b890f7a401c0a7f654358405cf7ed84328e90c/ui/shrine/index.html,portal: repair formal entry and reversible verification chain
2026-07-22T15:08:19Z,2026-07-22T23:08:19+08:00,VERIFIED_TRUE,GitHub REST Actions,GITHUB_ACTION_RUN,pages build and deployment,dynamic -> success,ky46738-ops,dynamic/pages/pages-build-deployment,31b890f7a401c0a7f654358405cf7ed84328e90c,29931934221,https://github.com/lkminiPhantomWorld/welcome/actions/runs/29931934221,run_number=14; branch=main; status=completed
2026-07-22T15:08:19Z,2026-07-22T23:08:19+08:00,VERIFIED_TRUE,GitHub REST Actions,GITHUB_ACTION_RUN,Push on main,dynamic -> failure,ky46738-ops,dynamic/github-code-scanning/codeql,31b890f7a401c0a7f654358405cf7ed84328e90c,29931934165,https://github.com/lkminiPhantomWorld/welcome/actions/runs/29931934165,run_number=25; branch=main; status=completed
2026-07-22T15:08:21Z,2026-07-22T23:08:21+08:00,VERIFIED_TRUE,GitHub REST Actions,GITHUB_ACTION_RUN,Deploy to GitHub Pages,push -> failure,ky46738-ops,.github/workflows/pages.yml,31b890f7a401c0a7f654358405cf7ed84328e90c,29931937295,https://github.com/lkminiPhantomWorld/welcome/actions/runs/29931937295,run_number=15; branch=main; status=completed
2026-07-22T15:08:21Z,2026-07-22T23:08:21+08:00,VERIFIED_TRUE,GitHub REST Actions,GITHUB_ACTION_RUN,Deploy verified welcome site to GitHub Pages,push -> failure,ky46738-ops,.github/workflows/deploy-pages.yml,31b890f7a401c0a7f654358405cf7ed84328e90c,29931936444,https://github.com/lkminiPhantomWorld/welcome/actions/runs/29931936444,run_number=2; branch=main; status=completed
2026-07-22T15:08:22Z,2026-07-22T23:08:22+08:00,VERIFIED_TRUE,GitHub REST Actions,GITHUB_ACTION_RUN,Python Package using Conda,push -> failure,ky46738-ops,.github/workflows/python-package-conda.yml,31b890f7a401c0a7f654358405cf7ed84328e90c,29931938555,https://github.com/lkminiPhantomWorld/welcome/actions/runs/29931938555,run_number=36; branch=main; status=completed
2026-07-22T15:08:22Z,2026-07-22T23:08:22+08:00,VERIFIED_TRUE,GitHub REST Actions,GITHUB_ACTION_RUN,Gatekeeper,push -> failure,ky46738-ops,.github/workflows/gatekeeper.yml,31b890f7a401c0a7f654358405cf7ed84328e90c,29931938366,https://github.com/lkminiPhantomWorld/welcome/actions/runs/29931938366,run_number=46; branch=main; status=completed
2026-07-22T15:18:05Z,2026-07-22T23:18:05+08:00,VERIFIED_TRUE,local public git mirror,GITHUB_COMMIT_FILE,lkminiPhantomWorld/welcome,M tools/package_seed.py,Kevin / committer Kevin,tools/package_seed.py,ae8be50b8f1c5330a37fb4d57b8cab13cff33bc4,,https://github.com/lkminiPhantomWorld/welcome/blob/ae8be50b8f1c5330a37fb4d57b8cab13cff33bc4/tools/package_seed.py,Fix seed package missing LKMini asset
2026-07-22T15:18:08Z,2026-07-22T23:18:08+08:00,VERIFIED_TRUE,GitHub REST Actions,GITHUB_ACTION_RUN,Gatekeeper,push -> failure,ky46738-ops,.github/workflows/gatekeeper.yml,ae8be50b8f1c5330a37fb4d57b8cab13cff33bc4,29932708633,https://github.com/lkminiPhantomWorld/welcome/actions/runs/29932708633,run_number=47; branch=seed_v0; status=completed
2026-07-22T15:18:30Z,2026-07-22T23:18:30+08:00,VERIFIED_TRUE,local public git mirror,GITHUB_COMMIT_FILE,lkminiPhantomWorld/welcome,M MANIFEST.json,Kevin / committer Kevin,MANIFEST.json,d260919d2e5549ca52fddfacaf935461b939613a,,https://github.com/lkminiPhantomWorld/welcome/blob/d260919d2e5549ca52fddfacaf935461b939613a/MANIFEST.json,Record LKMini asset in seed manifest
2026-07-22T15:18:37Z,2026-07-22T23:18:37+08:00,VERIFIED_TRUE,GitHub REST Actions,GITHUB_ACTION_RUN,Gatekeeper,push -> success,ky46738-ops,.github/workflows/gatekeeper.yml,d260919d2e5549ca52fddfacaf935461b939613a,29932747857,https://github.com/lkminiPhantomWorld/welcome/actions/runs/29932747857,run_number=48; branch=seed_v0; status=completed
2026-07-22T16:03:46Z,2026-07-23T00:03:46+08:00,VERIFIED_TRUE,local public git mirror,GITHUB_COMMIT_FILE,lkminiPhantomWorld/welcome,M tools/verify_portal.py,Kevin / committer Kevin,tools/verify_portal.py,36d341550fecc6a2859553f3cd8e441f6a0fa5ea,,https://github.com/lkminiPhantomWorld/welcome/blob/36d341550fecc6a2859553f3cd8e441f6a0fa5ea/tools/verify_portal.py,portal: separate static projection verification from device runtime completion
2026-07-22T16:03:49Z,2026-07-23T00:03:49+08:00,VERIFIED_TRUE,GitHub REST Actions,GITHUB_ACTION_RUN,Push on main,dynamic -> failure,ky46738-ops,dynamic/github-code-scanning/codeql,36d341550fecc6a2859553f3cd8e441f6a0fa5ea,29936293137,https://github.com/lkminiPhantomWorld/welcome/actions/runs/29936293137,run_number=26; branch=main; status=completed
2026-07-22T16:03:50Z,2026-07-23T00:03:50+08:00,VERIFIED_TRUE,GitHub REST Actions,GITHUB_ACTION_RUN,Python Package using Conda,push -> failure,ky46738-ops,.github/workflows/python-package-conda.yml,36d341550fecc6a2859553f3cd8e441f6a0fa5ea,29936294445,https://github.com/lkminiPhantomWorld/welcome/actions/runs/29936294445,run_number=37; branch=main; status=completed
2026-07-22T16:03:50Z,2026-07-23T00:03:50+08:00,VERIFIED_TRUE,GitHub REST Actions,GITHUB_ACTION_RUN,Gatekeeper,push -> failure,ky46738-ops,.github/workflows/gatekeeper.yml,36d341550fecc6a2859553f3cd8e441f6a0fa5ea,29936294418,https://github.com/lkminiPhantomWorld/welcome/actions/runs/29936294418,run_number=49; branch=main; status=completed
2026-07-22T16:03:50Z,2026-07-23T00:03:50+08:00,VERIFIED_TRUE,GitHub REST Actions,GITHUB_ACTION_RUN,pages build and deployment,dynamic -> cancelled,ky46738-ops,dynamic/pages/pages-build-deployment,36d341550fecc6a2859553f3cd8e441f6a0fa5ea,29936293497,https://github.com/lkminiPhantomWorld/welcome/actions/runs/29936293497,run_number=15; branch=main; status=completed
2026-07-22T16:03:51Z,2026-07-23T00:03:51+08:00,VERIFIED_TRUE,GitHub REST Actions,GITHUB_ACTION_RUN,Deploy verified welcome site to GitHub Pages,push -> failure,ky46738-ops,.github/workflows/deploy-pages.yml,36d341550fecc6a2859553f3cd8e441f6a0fa5ea,29936294829,https://github.com/lkminiPhantomWorld/welcome/actions/runs/29936294829,run_number=3; branch=main; status=completed
2026-07-22T16:03:51Z,2026-07-23T00:03:51+08:00,VERIFIED_TRUE,GitHub REST Actions,GITHUB_ACTION_RUN,Deploy to GitHub Pages,push -> cancelled,ky46738-ops,.github/workflows/pages.yml,36d341550fecc6a2859553f3cd8e441f6a0fa5ea,29936294797,https://github.com/lkminiPhantomWorld/welcome/actions/runs/29936294797,run_number=16; branch=main; status=completed
2026-07-22T16:04:02Z,2026-07-23T00:04:02+08:00,VERIFIED_TRUE,local public git mirror,GITHUB_COMMIT_FILE,lkminiPhantomWorld/welcome,M PORTAL_SHA256SUMS,Kevin / committer Kevin,PORTAL_SHA256SUMS,1bb759cdba9866a7bc3de2d507a851d6d4fdc5a4,,https://github.com/lkminiPhantomWorld/welcome/blob/1bb759cdba9866a7bc3de2d507a851d6d4fdc5a4/PORTAL_SHA256SUMS,portal: refresh verifier SHA256 after completion-boundary fix
2026-07-22T16:04:06Z,2026-07-23T00:04:06+08:00,VERIFIED_TRUE,GitHub REST Actions,GITHUB_ACTION_RUN,Push on main,dynamic -> failure,ky46738-ops,dynamic/github-code-scanning/codeql,1bb759cdba9866a7bc3de2d507a851d6d4fdc5a4,29936314693,https://github.com/lkminiPhantomWorld/welcome/actions/runs/29936314693,run_number=27; branch=main; status=completed
2026-07-22T16:04:06Z,2026-07-23T00:04:06+08:00,VERIFIED_TRUE,GitHub REST Actions,GITHUB_ACTION_RUN,pages build and deployment,dynamic -> cancelled,ky46738-ops,dynamic/pages/pages-build-deployment,1bb759cdba9866a7bc3de2d507a851d6d4fdc5a4,29936314455,https://github.com/lkminiPhantomWorld/welcome/actions/runs/29936314455,run_number=16; branch=main; status=completed
2026-07-22T16:04:07Z,2026-07-23T00:04:07+08:00,VERIFIED_TRUE,GitHub REST Actions,GITHUB_ACTION_RUN,Python Package using Conda,push -> failure,ky46738-ops,.github/workflows/python-package-conda.yml,1bb759cdba9866a7bc3de2d507a851d6d4fdc5a4,29936316660,https://github.com/lkminiPhantomWorld/welcome/actions/runs/29936316660,run_number=38; branch=main; status=completed
2026-07-22T16:04:07Z,2026-07-23T00:04:07+08:00,VERIFIED_TRUE,GitHub REST Actions,GITHUB_ACTION_RUN,Gatekeeper,push -> failure,ky46738-ops,.github/workflows/gatekeeper.yml,1bb759cdba9866a7bc3de2d507a851d6d4fdc5a4,29936316024,https://github.com/lkminiPhantomWorld/welcome/actions/runs/29936316024,run_number=50; branch=main; status=completed
2026-07-22T16:04:07Z,2026-07-23T00:04:07+08:00,VERIFIED_TRUE,GitHub REST Actions,GITHUB_ACTION_RUN,Deploy to GitHub Pages,push -> failure,ky46738-ops,.github/workflows/pages.yml,1bb759cdba9866a7bc3de2d507a851d6d4fdc5a4,29936315848,https://github.com/lkminiPhantomWorld/welcome/actions/runs/29936315848,run_number=17; branch=main; status=completed
2026-07-22T16:04:07Z,2026-07-23T00:04:07+08:00,VERIFIED_TRUE,GitHub REST Actions,GITHUB_ACTION_RUN,Deploy verified welcome site to GitHub Pages,push -> failure,ky46738-ops,.github/workflows/deploy-pages.yml,1bb759cdba9866a7bc3de2d507a851d6d4fdc5a4,29936315709,https://github.com/lkminiPhantomWorld/welcome/actions/runs/29936315709,run_number=4; branch=main; status=completed
2026-07-22T16:04:21Z,2026-07-23T00:04:21+08:00,VERIFIED_TRUE,local public git mirror,GITHUB_COMMIT_FILE,lkminiPhantomWorld/welcome,M SYSTEM_STATE.md,Kevin / committer Kevin,SYSTEM_STATE.md,3bcbe8315d988d1f4daaa4d23151bf9d6a129e29,,https://github.com/lkminiPhantomWorld/welcome/blob/3bcbe8315d988d1f4daaa4d23151bf9d6a129e29/SYSTEM_STATE.md,state: restore truthful completion boundary for portal versus device runtime
2026-07-22T16:04:24Z,2026-07-23T00:04:24+08:00,VERIFIED_TRUE,GitHub REST Actions,GITHUB_ACTION_RUN,pages build and deployment,dynamic -> success,ky46738-ops,dynamic/pages/pages-build-deployment,3bcbe8315d988d1f4daaa4d23151bf9d6a129e29,29936339336,https://github.com/lkminiPhantomWorld/welcome/actions/runs/29936339336,run_number=17; branch=main; status=completed
2026-07-22T16:04:24Z,2026-07-23T00:04:24+08:00,VERIFIED_TRUE,GitHub REST Actions,GITHUB_ACTION_RUN,Push on main,dynamic -> failure,ky46738-ops,dynamic/github-code-scanning/codeql,3bcbe8315d988d1f4daaa4d23151bf9d6a129e29,29936338707,https://github.com/lkminiPhantomWorld/welcome/actions/runs/29936338707,run_number=28; branch=main; status=completed
2026-07-22T16:04:25Z,2026-07-23T00:04:25+08:00,VERIFIED_TRUE,GitHub REST Actions,GITHUB_ACTION_RUN,Gatekeeper,push -> failure,ky46738-ops,.github/workflows/gatekeeper.yml,3bcbe8315d988d1f4daaa4d23151bf9d6a129e29,29936340020,https://github.com/lkminiPhantomWorld/welcome/actions/runs/29936340020,run_number=51; branch=main; status=completed
2026-07-22T16:04:25Z,2026-07-23T00:04:25+08:00,VERIFIED_TRUE,GitHub REST Actions,GITHUB_ACTION_RUN,Python Package using Conda,push -> failure,ky46738-ops,.github/workflows/python-package-conda.yml,3bcbe8315d988d1f4daaa4d23151bf9d6a129e29,29936339985,https://github.com/lkminiPhantomWorld/welcome/actions/runs/29936339985,run_number=39; branch=main; status=completed
2026-07-22T16:04:25Z,2026-07-23T00:04:25+08:00,VERIFIED_TRUE,GitHub REST Actions,GITHUB_ACTION_RUN,Deploy verified welcome site to GitHub Pages,push -> failure,ky46738-ops,.github/workflows/deploy-pages.yml,3bcbe8315d988d1f4daaa4d23151bf9d6a129e29,29936339890,https://github.com/lkminiPhantomWorld/welcome/actions/runs/29936339890,run_number=5; branch=main; status=completed
2026-07-22T16:04:26Z,2026-07-23T00:04:26+08:00,VERIFIED_TRUE,GitHub REST Actions,GITHUB_ACTION_RUN,Deploy to GitHub Pages,push -> success,ky46738-ops,.github/workflows/pages.yml,3bcbe8315d988d1f4daaa4d23151bf9d6a129e29,29936341607,https://github.com/lkminiPhantomWorld/welcome/actions/runs/29936341607,run_number=18; branch=main; status=completed
2026-07-23T08:56:56Z,2026-07-23T16:56:56+08:00,VERIFIED_TRUE,local public git mirror,GITHUB_COMMIT_FILE,lkminiPhantomWorld/welcome,M .github/workflows/python-package-conda.yml,Kevin / committer GitHub,.github/workflows/python-package-conda.yml,bff9fe5b4151d78e7336c7b5e7d1f9f61f81a846,,https://github.com/lkminiPhantomWorld/welcome/blob/bff9fe5b4151d78e7336c7b5e7d1f9f61f81a846/.github/workflows/python-package-conda.yml,Potential fix for code scanning alert no. 2: Workflow does not contain permissions
2026-07-23T08:56:58Z,2026-07-23T16:56:58+08:00,VERIFIED_TRUE,GitHub REST Actions,GITHUB_ACTION_RUN,PR #4,dynamic -> success,ky46738-ops,dynamic/github-code-scanning/codeql,bff9fe5b4151d78e7336c7b5e7d1f9f61f81a846,29993208161,https://github.com/lkminiPhantomWorld/welcome/actions/runs/29993208161,run_number=29; branch=refs/pull/4/head; status=completed
2026-07-23T08:56:59Z,2026-07-23T16:56:59+08:00,VERIFIED_TRUE,GitHub REST Actions,GITHUB_ACTION_RUN,Python Package using Conda,push -> failure,ky46738-ops,.github/workflows/python-package-conda.yml,bff9fe5b4151d78e7336c7b5e7d1f9f61f81a846,29993209214,https://github.com/lkminiPhantomWorld/welcome/actions/runs/29993209214,run_number=41; branch=alert-autofix-2; status=completed
2026-07-23T08:56:59Z,2026-07-23T16:56:59+08:00,VERIFIED_TRUE,GitHub REST Actions,GITHUB_ACTION_RUN,Gatekeeper,push -> failure,ky46738-ops,.github/workflows/gatekeeper.yml,3bcbe8315d988d1f4daaa4d23151bf9d6a129e29,29993208532,https://github.com/lkminiPhantomWorld/welcome/actions/runs/29993208532,run_number=52; branch=alert-autofix-2; status=completed
2026-07-23T08:56:59Z,2026-07-23T16:56:59+08:00,VERIFIED_TRUE,GitHub REST Actions,GITHUB_ACTION_RUN,Python Package using Conda,push -> failure,ky46738-ops,.github/workflows/python-package-conda.yml,3bcbe8315d988d1f4daaa4d23151bf9d6a129e29,29993208460,https://github.com/lkminiPhantomWorld/welcome/actions/runs/29993208460,run_number=40; branch=alert-autofix-2; status=completed
2026-07-23T08:57:00Z,2026-07-23T16:57:00+08:00,VERIFIED_TRUE,GitHub REST Actions,GITHUB_ACTION_RUN,Gatekeeper,push -> failure,ky46738-ops,.github/workflows/gatekeeper.yml,bff9fe5b4151d78e7336c7b5e7d1f9f61f81a846,29993209694,https://github.com/lkminiPhantomWorld/welcome/actions/runs/29993209694,run_number=53; branch=alert-autofix-2; status=completed
2026-07-23T08:57:03Z,2026-07-23T16:57:03+08:00,VERIFIED_TRUE,GitHub REST Actions,GITHUB_ACTION_RUN,Gatekeeper,pull_request -> failure,ky46738-ops,.github/workflows/gatekeeper.yml,bff9fe5b4151d78e7336c7b5e7d1f9f61f81a846,29993213578,https://github.com/lkminiPhantomWorld/welcome/actions/runs/29993213578,run_number=54; branch=alert-autofix-2; status=completed
2026-07-23T09:35:44Z,2026-07-23T17:35:44+08:00,VERIFIED_TRUE,local public git mirror,GITHUB_COMMIT_FILE,lkminiPhantomWorld/welcome,N ,Kevin / committer GitHub,,2a63d36f279d9abf03d7af57be8dd346acbaf389,,https://github.com/lkminiPhantomWorld/welcome/commit/2a63d36f279d9abf03d7af57be8dd346acbaf389,Merge pull request #1 from ky46738-ops/audit-execution-probe-20260720
2026-07-23T09:36:01Z,2026-07-23T17:36:01+08:00,VERIFIED_TRUE,local public git mirror,GITHUB_COMMIT_FILE,lkminiPhantomWorld/welcome,"D ""portal/phantom-bridge/audit/\360\237\247\252\345\267\245\344\275\234\346\265\201\347\250\213\345\237\267\350\241\214\346\216\242\351\207\235\357\275\234WorkflowExecutionProbe.json""",Kevin / committer GitHub,"""portal/phantom-bridge/audit/\360\237\247\252\345\267\245\344\275\234\346\265\201\347\250\213\345\237\267\350\241\214\346\216\242\351\207\235\357\275\234WorkflowExecutionProbe.json""",8f483d22170001731d8f7d6e97a093d887853243,,"https://github.com/lkminiPhantomWorld/welcome/blob/8f483d22170001731d8f7d6e97a093d887853243/""portal/phantom-bridge/audit/\360\237\247\252\345\267\245\344\275\234\346\265\201\347\250\213\345\237\267\350\241\214\346\216\242\351\207\235\357\275\234WorkflowExecutionProbe.json""","Revert ""test(ci): 取得稽核 GitHub Actions 實際執行回執"""
2026-07-23T09:54:38Z,2026-07-23T17:54:38+08:00,VERIFIED_TRUE,local public git mirror,GITHUB_COMMIT_FILE,lkminiPhantomWorld/welcome,M .github/workflows/python-package-conda.yml,Kevin / committer GitHub,.github/workflows/python-package-conda.yml,33476ad15ba0aac9caa055de09ad975e7176af68,,https://github.com/lkminiPhantomWorld/welcome/blob/33476ad15ba0aac9caa055de09ad975e7176af68/.github/workflows/python-package-conda.yml,security: add least-privilege permissions to workflow
2026-07-23T09:54:41Z,2026-07-23T17:54:41+08:00,VERIFIED_TRUE,GitHub REST Actions,GITHUB_ACTION_RUN,Python Package using Conda,push -> failure,ky46738-ops,.github/workflows/python-package-conda.yml,33476ad15ba0aac9caa055de09ad975e7176af68,29997230268,https://github.com/lkminiPhantomWorld/welcome/actions/runs/29997230268,run_number=42; branch=main; status=completed
2026-07-23T09:54:41Z,2026-07-23T17:54:41+08:00,VERIFIED_TRUE,GitHub REST Actions,GITHUB_ACTION_RUN,Deploy to GitHub Pages,push -> cancelled,ky46738-ops,.github/workflows/pages.yml,33476ad15ba0aac9caa055de09ad975e7176af68,29997230248,https://github.com/lkminiPhantomWorld/welcome/actions/runs/29997230248,run_number=19; branch=main; status=completed
2026-07-23T09:54:41Z,2026-07-23T17:54:41+08:00,VERIFIED_TRUE,GitHub REST Actions,GITHUB_ACTION_RUN,Deploy verified welcome site to GitHub Pages,push -> success,ky46738-ops,.github/workflows/deploy-pages.yml,33476ad15ba0aac9caa055de09ad975e7176af68,29997230221,https://github.com/lkminiPhantomWorld/welcome/actions/runs/29997230221,run_number=6; branch=main; status=completed
2026-07-23T09:54:41Z,2026-07-23T17:54:41+08:00,VERIFIED_TRUE,GitHub REST Actions,GITHUB_ACTION_RUN,Gatekeeper,push -> failure,ky46738-ops,.github/workflows/gatekeeper.yml,33476ad15ba0aac9caa055de09ad975e7176af68,29997230216,https://github.com/lkminiPhantomWorld/welcome/actions/runs/29997230216,run_number=55; branch=main; status=completed
2026-07-23T09:54:41Z,2026-07-23T17:54:41+08:00,VERIFIED_TRUE,GitHub REST Actions,GITHUB_ACTION_RUN,Push on main,dynamic -> success,ky46738-ops,dynamic/github-code-scanning/codeql,33476ad15ba0aac9caa055de09ad975e7176af68,29997230142,https://github.com/lkminiPhantomWorld/welcome/actions/runs/29997230142,run_number=30; branch=main; status=completed
2026-07-23T09:54:41Z,2026-07-23T17:54:41+08:00,VERIFIED_TRUE,GitHub REST Actions,GITHUB_ACTION_RUN,pages build and deployment,dynamic -> success,ky46738-ops,dynamic/pages/pages-build-deployment,33476ad15ba0aac9caa055de09ad975e7176af68,29997229990,https://github.com/lkminiPhantomWorld/welcome/actions/runs/29997229990,run_number=18; branch=main; status=completed
2026-07-23T18:30:38Z,2026-07-24T02:30:38+08:00,VERIFIED_TRUE,local public git mirror,GITHUB_COMMIT_FILE,lkminiPhantomWorld/welcome,M MANIFEST.json,Kevin / committer Kevin,MANIFEST.json,808bc8fba640fe076c30c60e91454abafaf02f5f,,https://github.com/lkminiPhantomWorld/welcome/blob/808bc8fba640fe076c30c60e91454abafaf02f5f/MANIFEST.json,Align seed manifest with packaged files
2026-07-23T18:30:44Z,2026-07-24T02:30:44+08:00,VERIFIED_TRUE,GitHub REST Actions,GITHUB_ACTION_RUN,Gatekeeper,push -> success,ky46738-ops,.github/workflows/gatekeeper.yml,808bc8fba640fe076c30c60e91454abafaf02f5f,30034020590,https://github.com/lkminiPhantomWorld/welcome/actions/runs/30034020590,run_number=56; branch=seed_v0; status=completed
2026-07-23T18:30:46Z,2026-07-24T02:30:46+08:00,VERIFIED_TRUE,local public git mirror,GITHUB_COMMIT_FILE,lkminiPhantomWorld/welcome,M LOCATOR.json,Kevin / committer Kevin,LOCATOR.json,5caf306132642e6210432b66439f5475d8ab0465,,https://github.com/lkminiPhantomWorld/welcome/blob/5caf306132642e6210432b66439f5475d8ab0465/LOCATOR.json,Restore current LKMini public coordinates
2026-07-23T18:30:51Z,2026-07-24T02:30:51+08:00,VERIFIED_TRUE,GitHub REST Actions,GITHUB_ACTION_RUN,Gatekeeper,push -> success,ky46738-ops,.github/workflows/gatekeeper.yml,5caf306132642e6210432b66439f5475d8ab0465,30034027889,https://github.com/lkminiPhantomWorld/welcome/actions/runs/30034027889,run_number=57; branch=seed_v0; status=completed
2026-07-23T18:30:59Z,2026-07-24T02:30:59+08:00,VERIFIED_TRUE,local public git mirror,GITHUB_COMMIT_FILE,lkminiPhantomWorld/welcome,M ReverseChain.json,Kevin / committer Kevin,ReverseChain.json,9b33e86528e8fc9c432aae3a81f9a25480606a07,,https://github.com/lkminiPhantomWorld/welcome/blob/9b33e86528e8fc9c432aae3a81f9a25480606a07/ReverseChain.json,Restore LKMini reverse chain to current repository
2026-07-23T18:31:02Z,2026-07-24T02:31:02+08:00,VERIFIED_TRUE,GitHub REST Actions,GITHUB_ACTION_RUN,Gatekeeper,push -> success,ky46738-ops,.github/workflows/gatekeeper.yml,9b33e86528e8fc9c432aae3a81f9a25480606a07,30034042305,https://github.com/lkminiPhantomWorld/welcome/actions/runs/30034042305,run_number=58; branch=seed_v0; status=completed
2026-07-23T20:22:25Z,2026-07-24T04:22:25+08:00,VERIFIED_TRUE,local public git mirror,GITHUB_COMMIT_FILE,lkminiPhantomWorld/welcome,M index.html,Kevin / committer Kevin,index.html,fa0de945adfb1b51cd6f266a79ae66c5d41065e6,,https://github.com/lkminiPhantomWorld/welcome/blob/fa0de945adfb1b51cd6f266a79ae66c5d41065e6/index.html,掛載♾️可逆內⭕️唯一真相公開投影
2026-07-23T20:22:27Z,2026-07-24T04:22:27+08:00,VERIFIED_TRUE,GitHub REST Actions,GITHUB_ACTION_RUN,Push on main,dynamic -> success,ky46738-ops,dynamic/github-code-scanning/codeql,fa0de945adfb1b51cd6f266a79ae66c5d41065e6,30041811822,https://github.com/lkminiPhantomWorld/welcome/actions/runs/30041811822,run_number=31; branch=main; status=completed
2026-07-23T20:22:27Z,2026-07-24T04:22:27+08:00,VERIFIED_TRUE,GitHub REST Actions,GITHUB_ACTION_RUN,pages build and deployment,dynamic -> cancelled,ky46738-ops,dynamic/pages/pages-build-deployment,fa0de945adfb1b51cd6f266a79ae66c5d41065e6,30041811580,https://github.com/lkminiPhantomWorld/welcome/actions/runs/30041811580,run_number=19; branch=main; status=completed
2026-07-23T20:22:28Z,2026-07-24T04:22:28+08:00,VERIFIED_TRUE,GitHub REST Actions,GITHUB_ACTION_RUN,Python Package using Conda,push -> failure,ky46738-ops,.github/workflows/python-package-conda.yml,fa0de945adfb1b51cd6f266a79ae66c5d41065e6,30041813072,https://github.com/lkminiPhantomWorld/welcome/actions/runs/30041813072,run_number=43; branch=main; status=completed
2026-07-23T20:22:29Z,2026-07-24T04:22:29+08:00,VERIFIED_TRUE,GitHub REST Actions,GITHUB_ACTION_RUN,Gatekeeper,push -> failure,ky46738-ops,.github/workflows/gatekeeper.yml,fa0de945adfb1b51cd6f266a79ae66c5d41065e6,30041813384,https://github.com/lkminiPhantomWorld/welcome/actions/runs/30041813384,run_number=59; branch=main; status=completed
2026-07-23T20:22:29Z,2026-07-24T04:22:29+08:00,VERIFIED_TRUE,GitHub REST Actions,GITHUB_ACTION_RUN,Deploy verified welcome site to GitHub Pages,push -> failure,ky46738-ops,.github/workflows/deploy-pages.yml,fa0de945adfb1b51cd6f266a79ae66c5d41065e6,30041813324,https://github.com/lkminiPhantomWorld/welcome/actions/runs/30041813324,run_number=7; branch=main; status=completed
2026-07-23T20:22:29Z,2026-07-24T04:22:29+08:00,VERIFIED_TRUE,GitHub REST Actions,GITHUB_ACTION_RUN,Deploy to GitHub Pages,push -> cancelled,ky46738-ops,.github/workflows/pages.yml,fa0de945adfb1b51cd6f266a79ae66c5d41065e6,30041813211,https://github.com/lkminiPhantomWorld/welcome/actions/runs/30041813211,run_number=20; branch=main; status=completed
2026-07-23T20:22:40Z,2026-07-24T04:22:40+08:00,VERIFIED_TRUE,local public git mirror,GITHUB_COMMIT_FILE,lkminiPhantomWorld/welcome,A sole-truth/index.html,Kevin / committer Kevin,sole-truth/index.html,f59b43f266a195e38513afcaf48b21948bd48200,,https://github.com/lkminiPhantomWorld/welcome/blob/f59b43f266a195e38513afcaf48b21948bd48200/sole-truth/index.html,建立可逆內唯一真相公開投影
2026-07-23T20:22:42Z,2026-07-24T04:22:42+08:00,VERIFIED_TRUE,GitHub REST Actions,GITHUB_ACTION_RUN,Push on main,dynamic -> success,ky46738-ops,dynamic/github-code-scanning/codeql,f59b43f266a195e38513afcaf48b21948bd48200,30041829580,https://github.com/lkminiPhantomWorld/welcome/actions/runs/30041829580,run_number=32; branch=main; status=completed
2026-07-23T20:22:43Z,2026-07-24T04:22:43+08:00,VERIFIED_TRUE,GitHub REST Actions,GITHUB_ACTION_RUN,pages build and deployment,dynamic -> success,ky46738-ops,dynamic/pages/pages-build-deployment,f59b43f266a195e38513afcaf48b21948bd48200,30041829979,https://github.com/lkminiPhantomWorld/welcome/actions/runs/30041829979,run_number=20; branch=main; status=completed
2026-07-23T20:22:44Z,2026-07-24T04:22:44+08:00,VERIFIED_TRUE,GitHub REST Actions,GITHUB_ACTION_RUN,Gatekeeper,push -> failure,ky46738-ops,.github/workflows/gatekeeper.yml,f59b43f266a195e38513afcaf48b21948bd48200,30041831928,https://github.com/lkminiPhantomWorld/welcome/actions/runs/30041831928,run_number=60; branch=main; status=completed
2026-07-23T20:22:44Z,2026-07-24T04:22:44+08:00,VERIFIED_TRUE,GitHub REST Actions,GITHUB_ACTION_RUN,Python Package using Conda,push -> failure,ky46738-ops,.github/workflows/python-package-conda.yml,f59b43f266a195e38513afcaf48b21948bd48200,30041831201,https://github.com/lkminiPhantomWorld/welcome/actions/runs/30041831201,run_number=44; branch=main; status=completed
2026-07-23T20:22:44Z,2026-07-24T04:22:44+08:00,VERIFIED_TRUE,GitHub REST Actions,GITHUB_ACTION_RUN,Deploy to GitHub Pages,push -> cancelled,ky46738-ops,.github/workflows/pages.yml,f59b43f266a195e38513afcaf48b21948bd48200,30041831093,https://github.com/lkminiPhantomWorld/welcome/actions/runs/30041831093,run_number=21; branch=main; status=completed
2026-07-23T20:22:45Z,2026-07-24T04:22:45+08:00,VERIFIED_TRUE,GitHub REST Actions,GITHUB_ACTION_RUN,Deploy verified welcome site to GitHub Pages,push -> failure,ky46738-ops,.github/workflows/deploy-pages.yml,f59b43f266a195e38513afcaf48b21948bd48200,30041831989,https://github.com/lkminiPhantomWorld/welcome/actions/runs/30041831989,run_number=8; branch=main; status=completed
2026-07-23T20:26:13Z,2026-07-24T04:26:13+08:00,VERIFIED_TRUE,local public git mirror,GITHUB_COMMIT_FILE,lkminiPhantomWorld/welcome,M sole-truth/index.html,Kevin / committer Kevin,sole-truth/index.html,da3f6c2cfcf2cbef36b1bb2125df13c746ebc244,,https://github.com/lkminiPhantomWorld/welcome/blob/da3f6c2cfcf2cbef36b1bb2125df13c746ebc244/sole-truth/index.html,🪞 更新唯一真相Drive座標與唯一出口
2026-07-23T20:26:15Z,2026-07-24T04:26:15+08:00,VERIFIED_TRUE,GitHub REST Actions,GITHUB_ACTION_RUN,pages build and deployment,dynamic -> success,ky46738-ops,dynamic/pages/pages-build-deployment,da3f6c2cfcf2cbef36b1bb2125df13c746ebc244,30042078025,https://github.com/lkminiPhantomWorld/welcome/actions/runs/30042078025,run_number=21; branch=main; status=completed
2026-07-23T20:26:16Z,2026-07-24T04:26:16+08:00,VERIFIED_TRUE,GitHub REST Actions,GITHUB_ACTION_RUN,Deploy to GitHub Pages,push -> success,ky46738-ops,.github/workflows/pages.yml,da3f6c2cfcf2cbef36b1bb2125df13c746ebc244,30042079167,https://github.com/lkminiPhantomWorld/welcome/actions/runs/30042079167,run_number=22; branch=main; status=completed
2026-07-23T20:26:16Z,2026-07-24T04:26:16+08:00,VERIFIED_TRUE,GitHub REST Actions,GITHUB_ACTION_RUN,Deploy verified welcome site to GitHub Pages,push -> failure,ky46738-ops,.github/workflows/deploy-pages.yml,da3f6c2cfcf2cbef36b1bb2125df13c746ebc244,30042079107,https://github.com/lkminiPhantomWorld/welcome/actions/runs/30042079107,run_number=9; branch=main; status=completed
2026-07-23T20:26:16Z,2026-07-24T04:26:16+08:00,VERIFIED_TRUE,GitHub REST Actions,GITHUB_ACTION_RUN,Python Package using Conda,push -> failure,ky46738-ops,.github/workflows/python-package-conda.yml,da3f6c2cfcf2cbef36b1bb2125df13c746ebc244,30042078959,https://github.com/lkminiPhantomWorld/welcome/actions/runs/30042078959,run_number=45; branch=main; status=completed
2026-07-23T20:26:16Z,2026-07-24T04:26:16+08:00,VERIFIED_TRUE,GitHub REST Actions,GITHUB_ACTION_RUN,Push on main,dynamic -> success,ky46738-ops,dynamic/github-code-scanning/codeql,da3f6c2cfcf2cbef36b1bb2125df13c746ebc244,30042078396,https://github.com/lkminiPhantomWorld/welcome/actions/runs/30042078396,run_number=33; branch=main; status=completed
2026-07-23T20:26:18Z,2026-07-24T04:26:18+08:00,VERIFIED_TRUE,GitHub REST Actions,GITHUB_ACTION_RUN,Gatekeeper,push -> failure,ky46738-ops,.github/workflows/gatekeeper.yml,da3f6c2cfcf2cbef36b1bb2125df13c746ebc244,30042080941,https://github.com/lkminiPhantomWorld/welcome/actions/runs/30042080941,run_number=61; branch=main; status=completed
2026-07-23T20:41:42Z,2026-07-24T04:41:42+08:00,VERIFIED_TRUE,local public git mirror,GITHUB_COMMIT_FILE,lkminiPhantomWorld/welcome,A mobile-absorption/20260724-044052/index.json,Kevin / committer Kevin,mobile-absorption/20260724-044052/index.json,70f3b700adf0fc4a7eb7706cad199b2f984a00e8,,https://github.com/lkminiPhantomWorld/welcome/blob/70f3b700adf0fc4a7eb7706cad199b2f984a00e8/mobile-absorption/20260724-044052/index.json,📱 寫入手機來源吸回收斂與封存索引
2026-07-23T20:41:44Z,2026-07-24T04:41:44+08:00,VERIFIED_TRUE,GitHub REST Actions,GITHUB_ACTION_RUN,Push on main,dynamic -> success,ky46738-ops,dynamic/github-code-scanning/codeql,70f3b700adf0fc4a7eb7706cad199b2f984a00e8,30043166486,https://github.com/lkminiPhantomWorld/welcome/actions/runs/30043166486,run_number=34; branch=main; status=completed
2026-07-23T20:41:44Z,2026-07-24T04:41:44+08:00,VERIFIED_TRUE,GitHub REST Actions,GITHUB_ACTION_RUN,pages build and deployment,dynamic -> success,ky46738-ops,dynamic/pages/pages-build-deployment,70f3b700adf0fc4a7eb7706cad199b2f984a00e8,30043166392,https://github.com/lkminiPhantomWorld/welcome/actions/runs/30043166392,run_number=22; branch=main; status=completed
2026-07-23T20:41:45Z,2026-07-24T04:41:45+08:00,VERIFIED_TRUE,GitHub REST Actions,GITHUB_ACTION_RUN,Deploy verified welcome site to GitHub Pages,push -> failure,ky46738-ops,.github/workflows/deploy-pages.yml,70f3b700adf0fc4a7eb7706cad199b2f984a00e8,30043166871,https://github.com/lkminiPhantomWorld/welcome/actions/runs/30043166871,run_number=10; branch=main; status=completed
2026-07-23T20:41:45Z,2026-07-24T04:41:45+08:00,VERIFIED_TRUE,GitHub REST Actions,GITHUB_ACTION_RUN,Gatekeeper,push -> failure,ky46738-ops,.github/workflows/gatekeeper.yml,70f3b700adf0fc4a7eb7706cad199b2f984a00e8,30043166827,https://github.com/lkminiPhantomWorld/welcome/actions/runs/30043166827,run_number=62; branch=main; status=completed
2026-07-23T20:41:45Z,2026-07-24T04:41:45+08:00,VERIFIED_TRUE,GitHub REST Actions,GITHUB_ACTION_RUN,Deploy to GitHub Pages,push -> cancelled,ky46738-ops,.github/workflows/pages.yml,70f3b700adf0fc4a7eb7706cad199b2f984a00e8,30043166808,https://github.com/lkminiPhantomWorld/welcome/actions/runs/30043166808,run_number=23; branch=main; status=completed
2026-07-23T20:41:45Z,2026-07-24T04:41:45+08:00,VERIFIED_TRUE,GitHub REST Actions,GITHUB_ACTION_RUN,Python Package using Conda,push -> failure,ky46738-ops,.github/workflows/python-package-conda.yml,70f3b700adf0fc4a7eb7706cad199b2f984a00e8,30043166801,https://github.com/lkminiPhantomWorld/welcome/actions/runs/30043166801,run_number=46; branch=main; status=completed
2026-07-23T21:06:32Z,2026-07-24T05:06:32+08:00,VERIFIED_TRUE,local public git mirror,GITHUB_COMMIT_FILE,lkminiPhantomWorld/welcome,A experiments/PCLAB-20260724-050229-TPE-PDC/index.json,Kevin / committer Kevin,experiments/PCLAB-20260724-050229-TPE-PDC/index.json,0b3d5ed5a505b4b6805845702649dddff107f8bc,,https://github.com/lkminiPhantomWorld/welcome/blob/0b3d5ed5a505b4b6805845702649dddff107f8bc/experiments/PCLAB-20260724-050229-TPE-PDC/index.json,🧪 新增預演目的地承諾法實驗紀錄
2026-07-23T21:06:35Z,2026-07-24T05:06:35+08:00,VERIFIED_TRUE,GitHub REST Actions,GITHUB_ACTION_RUN,Deploy to GitHub Pages,push -> cancelled,ky46738-ops,.github/workflows/pages.yml,0b3d5ed5a505b4b6805845702649dddff107f8bc,30044867345,https://github.com/lkminiPhantomWorld/welcome/actions/runs/30044867345,run_number=24; branch=main; status=completed
2026-07-23T21:06:35Z,2026-07-24T05:06:35+08:00,VERIFIED_TRUE,GitHub REST Actions,GITHUB_ACTION_RUN,pages build and deployment,dynamic -> success,ky46738-ops,dynamic/pages/pages-build-deployment,0b3d5ed5a505b4b6805845702649dddff107f8bc,30044866248,https://github.com/lkminiPhantomWorld/welcome/actions/runs/30044866248,run_number=23; branch=main; status=completed
2026-07-23T21:06:35Z,2026-07-24T05:06:35+08:00,VERIFIED_TRUE,GitHub REST Actions,GITHUB_ACTION_RUN,Push on main,dynamic -> success,ky46738-ops,dynamic/github-code-scanning/codeql,0b3d5ed5a505b4b6805845702649dddff107f8bc,30044866216,https://github.com/lkminiPhantomWorld/welcome/actions/runs/30044866216,run_number=35; branch=main; status=completed
2026-07-23T21:06:36Z,2026-07-24T05:06:36+08:00,VERIFIED_TRUE,GitHub REST Actions,GITHUB_ACTION_RUN,Deploy verified welcome site to GitHub Pages,push -> failure,ky46738-ops,.github/workflows/deploy-pages.yml,0b3d5ed5a505b4b6805845702649dddff107f8bc,30044867900,https://github.com/lkminiPhantomWorld/welcome/actions/runs/30044867900,run_number=11; branch=main; status=completed
2026-07-23T21:06:36Z,2026-07-24T05:06:36+08:00,VERIFIED_TRUE,GitHub REST Actions,GITHUB_ACTION_RUN,Gatekeeper,push -> failure,ky46738-ops,.github/workflows/gatekeeper.yml,0b3d5ed5a505b4b6805845702649dddff107f8bc,30044867712,https://github.com/lkminiPhantomWorld/welcome/actions/runs/30044867712,run_number=63; branch=main; status=completed
2026-07-23T21:06:36Z,2026-07-24T05:06:36+08:00,VERIFIED_TRUE,GitHub REST Actions,GITHUB_ACTION_RUN,Python Package using Conda,push -> failure,ky46738-ops,.github/workflows/python-package-conda.yml,0b3d5ed5a505b4b6805845702649dddff107f8bc,30044867438,https://github.com/lkminiPhantomWorld/welcome/actions/runs/30044867438,run_number=47; branch=main; status=completed
2026-07-23T22:13:01Z,2026-07-24T06:13:01+08:00,VERIFIED_TRUE,local public git mirror,GITHUB_COMMIT_FILE,lkminiPhantomWorld/welcome,A experiments/PCLAB-20260724-061047-TPE-TFVA/index.json,Kevin / committer Kevin,experiments/PCLAB-20260724-061047-TPE-TFVA/index.json,00698b4c26231d003d8763b1c3137dd8e2adc118,,https://github.com/lkminiPhantomWorld/welcome/blob/00698b4c26231d003d8763b1c3137dd8e2adc118/experiments/PCLAB-20260724-061047-TPE-TFVA/index.json,🧪 新增三重指紋版本裁決法實驗紀錄
2026-07-23T22:13:03Z,2026-07-24T06:13:03+08:00,VERIFIED_TRUE,GitHub REST Actions,GITHUB_ACTION_RUN,Push on main,dynamic -> success,ky46738-ops,dynamic/github-code-scanning/codeql,00698b4c26231d003d8763b1c3137dd8e2adc118,30049100045,https://github.com/lkminiPhantomWorld/welcome/actions/runs/30049100045,run_number=36; branch=main; status=completed
2026-07-23T22:13:03Z,2026-07-24T06:13:03+08:00,VERIFIED_TRUE,GitHub REST Actions,GITHUB_ACTION_RUN,pages build and deployment,dynamic -> success,ky46738-ops,dynamic/pages/pages-build-deployment,00698b4c26231d003d8763b1c3137dd8e2adc118,30049100012,https://github.com/lkminiPhantomWorld/welcome/actions/runs/30049100012,run_number=24; branch=main; status=completed
2026-07-23T22:13:04Z,2026-07-24T06:13:04+08:00,VERIFIED_TRUE,GitHub REST Actions,GITHUB_ACTION_RUN,Gatekeeper,push -> failure,ky46738-ops,.github/workflows/gatekeeper.yml,00698b4c26231d003d8763b1c3137dd8e2adc118,30049101035,https://github.com/lkminiPhantomWorld/welcome/actions/runs/30049101035,run_number=64; branch=main; status=completed
2026-07-23T22:13:04Z,2026-07-24T06:13:04+08:00,VERIFIED_TRUE,GitHub REST Actions,GITHUB_ACTION_RUN,Deploy verified welcome site to GitHub Pages,push -> failure,ky46738-ops,.github/workflows/deploy-pages.yml,00698b4c26231d003d8763b1c3137dd8e2adc118,30049101018,https://github.com/lkminiPhantomWorld/welcome/actions/runs/30049101018,run_number=12; branch=main; status=completed
2026-07-23T22:13:04Z,2026-07-24T06:13:04+08:00,VERIFIED_TRUE,GitHub REST Actions,GITHUB_ACTION_RUN,Python Package using Conda,push -> failure,ky46738-ops,.github/workflows/python-package-conda.yml,00698b4c26231d003d8763b1c3137dd8e2adc118,30049100924,https://github.com/lkminiPhantomWorld/welcome/actions/runs/30049100924,run_number=48; branch=main; status=completed
2026-07-23T22:13:04Z,2026-07-24T06:13:04+08:00,VERIFIED_TRUE,GitHub REST Actions,GITHUB_ACTION_RUN,Deploy to GitHub Pages,push -> success,ky46738-ops,.github/workflows/pages.yml,00698b4c26231d003d8763b1c3137dd8e2adc118,30049100915,https://github.com/lkminiPhantomWorld/welcome/actions/runs/30049100915,run_number=25; branch=main; status=completed
2026-07-23T22:13:52Z,2026-07-24T06:13:52+08:00,VERIFIED_TRUE,local public git mirror,GITHUB_COMMIT_FILE,lkminiPhantomWorld/welcome,M experiments/PCLAB-20260724-061047-TPE-TFVA/index.json,Kevin / committer Kevin,experiments/PCLAB-20260724-061047-TPE-TFVA/index.json,b11bedb4e0d5acff315167beee6a3ede0193368e,,https://github.com/lkminiPhantomWorld/welcome/blob/b11bedb4e0d5acff315167beee6a3ede0193368e/experiments/PCLAB-20260724-061047-TPE-TFVA/index.json,🧪 更新三重指紋版本裁決法最終回執
2026-07-23T22:13:53Z,2026-07-24T06:13:53+08:00,VERIFIED_TRUE,GitHub REST Actions,GITHUB_ACTION_RUN,Push on main,dynamic -> success,ky46738-ops,dynamic/github-code-scanning/codeql,b11bedb4e0d5acff315167beee6a3ede0193368e,30049153545,https://github.com/lkminiPhantomWorld/welcome/actions/runs/30049153545,run_number=37; branch=main; status=completed
2026-07-23T22:13:54Z,2026-07-24T06:13:54+08:00,VERIFIED_TRUE,GitHub REST Actions,GITHUB_ACTION_RUN,Deploy verified welcome site to GitHub Pages,push -> failure,ky46738-ops,.github/workflows/deploy-pages.yml,b11bedb4e0d5acff315167beee6a3ede0193368e,30049154333,https://github.com/lkminiPhantomWorld/welcome/actions/runs/30049154333,run_number=13; branch=main; status=completed
2026-07-23T22:13:54Z,2026-07-24T06:13:54+08:00,VERIFIED_TRUE,GitHub REST Actions,GITHUB_ACTION_RUN,Deploy to GitHub Pages,push -> success,ky46738-ops,.github/workflows/pages.yml,b11bedb4e0d5acff315167beee6a3ede0193368e,30049154297,https://github.com/lkminiPhantomWorld/welcome/actions/runs/30049154297,run_number=26; branch=main; status=completed
2026-07-23T22:13:54Z,2026-07-24T06:13:54+08:00,VERIFIED_TRUE,GitHub REST Actions,GITHUB_ACTION_RUN,Gatekeeper,push -> failure,ky46738-ops,.github/workflows/gatekeeper.yml,b11bedb4e0d5acff315167beee6a3ede0193368e,30049154271,https://github.com/lkminiPhantomWorld/welcome/actions/runs/30049154271,run_number=65; branch=main; status=completed
2026-07-23T22:13:54Z,2026-07-24T06:13:54+08:00,VERIFIED_TRUE,GitHub REST Actions,GITHUB_ACTION_RUN,Python Package using Conda,push -> failure,ky46738-ops,.github/workflows/python-package-conda.yml,b11bedb4e0d5acff315167beee6a3ede0193368e,30049154182,https://github.com/lkminiPhantomWorld/welcome/actions/runs/30049154182,run_number=49; branch=main; status=completed
2026-07-23T22:13:54Z,2026-07-24T06:13:54+08:00,VERIFIED_TRUE,GitHub REST Actions,GITHUB_ACTION_RUN,pages build and deployment,dynamic -> success,ky46738-ops,dynamic/pages/pages-build-deployment,b11bedb4e0d5acff315167beee6a3ede0193368e,30049154074,https://github.com/lkminiPhantomWorld/welcome/actions/runs/30049154074,run_number=25; branch=main; status=completed
2026-07-23T23:12:37Z,2026-07-24T07:12:37+08:00,VERIFIED_TRUE,local public git mirror,GITHUB_COMMIT_FILE,lkminiPhantomWorld/welcome,A experiments/formal-ingestion/20260724-071104/index.json,Kevin / committer Kevin,experiments/formal-ingestion/20260724-071104/index.json,8a5a1319e4b30ac647f773a1af70a209659ae8a1,,https://github.com/lkminiPhantomWorld/welcome/blob/8a5a1319e4b30ac647f773a1af70a209659ae8a1/experiments/formal-ingestion/20260724-071104/index.json,更新幻想實驗部正式入庫顯影索引
2026-07-23T23:12:40Z,2026-07-24T07:12:40+08:00,VERIFIED_TRUE,GitHub REST Actions,GITHUB_ACTION_RUN,Gatekeeper,push -> failure,ky46738-ops,.github/workflows/gatekeeper.yml,8a5a1319e4b30ac647f773a1af70a209659ae8a1,30052482359,https://github.com/lkminiPhantomWorld/welcome/actions/runs/30052482359,run_number=66; branch=main; status=completed
2026-07-23T23:12:40Z,2026-07-24T07:12:40+08:00,VERIFIED_TRUE,GitHub REST Actions,GITHUB_ACTION_RUN,Python Package using Conda,push -> failure,ky46738-ops,.github/workflows/python-package-conda.yml,8a5a1319e4b30ac647f773a1af70a209659ae8a1,30052482312,https://github.com/lkminiPhantomWorld/welcome/actions/runs/30052482312,run_number=50; branch=main; status=completed
2026-07-23T23:12:40Z,2026-07-24T07:12:40+08:00,VERIFIED_TRUE,GitHub REST Actions,GITHUB_ACTION_RUN,Deploy verified welcome site to GitHub Pages,push -> failure,ky46738-ops,.github/workflows/deploy-pages.yml,8a5a1319e4b30ac647f773a1af70a209659ae8a1,30052481957,https://github.com/lkminiPhantomWorld/welcome/actions/runs/30052481957,run_number=14; branch=main; status=completed
2026-07-23T23:12:40Z,2026-07-24T07:12:40+08:00,VERIFIED_TRUE,GitHub REST Actions,GITHUB_ACTION_RUN,Deploy to GitHub Pages,push -> success,ky46738-ops,.github/workflows/pages.yml,8a5a1319e4b30ac647f773a1af70a209659ae8a1,30052481890,https://github.com/lkminiPhantomWorld/welcome/actions/runs/30052481890,run_number=27; branch=main; status=completed
2026-07-23T23:12:40Z,2026-07-24T07:12:40+08:00,VERIFIED_TRUE,GitHub REST Actions,GITHUB_ACTION_RUN,pages build and deployment,dynamic -> success,ky46738-ops,dynamic/pages/pages-build-deployment,8a5a1319e4b30ac647f773a1af70a209659ae8a1,30052481843,https://github.com/lkminiPhantomWorld/welcome/actions/runs/30052481843,run_number=26; branch=main; status=completed
2026-07-23T23:12:40Z,2026-07-24T07:12:40+08:00,VERIFIED_TRUE,GitHub REST Actions,GITHUB_ACTION_RUN,Push on main,dynamic -> success,ky46738-ops,dynamic/github-code-scanning/codeql,8a5a1319e4b30ac647f773a1af70a209659ae8a1,30052481811,https://github.com/lkminiPhantomWorld/welcome/actions/runs/30052481811,run_number=38; branch=main; status=completed
2026-07-23T23:15:06Z,2026-07-24T07:15:06+08:00,VERIFIED_TRUE,local public git mirror,GITHUB_COMMIT_FILE,lkminiPhantomWorld/welcome,"A ""experiments/PCLAB-20260724-071121_TPE-RRFDA/\360\237\247\252\351\200\206\345\220\221\345\217\254\345\233\236\345\233\233\350\255\211\345\210\252\351\231\244\350\243\201\346\261\272\346\263\225\357\275\234ReverseRecallFourProofDeletionAdjudication\357\275\23420260724-071121_TPE.zip""",Kevin / committer Kevin,"""experiments/PCLAB-20260724-071121_TPE-RRFDA/\360\237\247\252\351\200\206\345\220\221\345\217\254\345\233\236\345\233\233\350\255\211\345\210\252\351\231\244\350\243\201\346\261\272\346\263\225\357\275\234ReverseRecallFourProofDeletionAdjudication\357\275\23420260724-071121_TPE.zip""",322eff264c92c4658941e36d6ab6718beab238d7,,"https://github.com/lkminiPhantomWorld/welcome/blob/322eff264c92c4658941e36d6ab6718beab238d7/""experiments/PCLAB-20260724-071121_TPE-RRFDA/\360\237\247\252\351\200\206\345\220\221\345\217\254\345\233\236\345\233\233\350\255\211\345\210\252\351\231\244\350\243\201\346\261\272\346\263\225\357\275\234ReverseRecallFourProofDeletionAdjudication\357\275\23420260724-071121_TPE.zip""",入庫逆向召回四證刪除裁決法實驗膠囊
2026-07-23T23:15:13Z,2026-07-24T07:15:13+08:00,VERIFIED_TRUE,GitHub REST Actions,GITHUB_ACTION_RUN,Gatekeeper,push -> failure,ky46738-ops,.github/workflows/gatekeeper.yml,322eff264c92c4658941e36d6ab6718beab238d7,30052620153,https://github.com/lkminiPhantomWorld/welcome/actions/runs/30052620153,run_number=67; branch=main; status=completed
2026-07-23T23:15:13Z,2026-07-24T07:15:13+08:00,VERIFIED_TRUE,GitHub REST Actions,GITHUB_ACTION_RUN,Python Package using Conda,push -> failure,ky46738-ops,.github/workflows/python-package-conda.yml,322eff264c92c4658941e36d6ab6718beab238d7,30052620148,https://github.com/lkminiPhantomWorld/welcome/actions/runs/30052620148,run_number=51; branch=main; status=completed
2026-07-23T23:15:13Z,2026-07-24T07:15:13+08:00,VERIFIED_TRUE,GitHub REST Actions,GITHUB_ACTION_RUN,Deploy to GitHub Pages,push -> success,ky46738-ops,.github/workflows/pages.yml,322eff264c92c4658941e36d6ab6718beab238d7,30052620143,https://github.com/lkminiPhantomWorld/welcome/actions/runs/30052620143,run_number=28; branch=main; status=completed
2026-07-23T23:15:13Z,2026-07-24T07:15:13+08:00,VERIFIED_TRUE,GitHub REST Actions,GITHUB_ACTION_RUN,Deploy verified welcome site to GitHub Pages,push -> failure,ky46738-ops,.github/workflows/deploy-pages.yml,322eff264c92c4658941e36d6ab6718beab238d7,30052620134,https://github.com/lkminiPhantomWorld/welcome/actions/runs/30052620134,run_number=15; branch=main; status=completed
2026-07-23T23:15:13Z,2026-07-24T07:15:13+08:00,VERIFIED_TRUE,GitHub REST Actions,GITHUB_ACTION_RUN,Push on main,dynamic -> success,ky46738-ops,dynamic/github-code-scanning/codeql,322eff264c92c4658941e36d6ab6718beab238d7,30052619937,https://github.com/lkminiPhantomWorld/welcome/actions/runs/30052619937,run_number=39; branch=main; status=completed
2026-07-23T23:15:13Z,2026-07-24T07:15:13+08:00,VERIFIED_TRUE,GitHub REST Actions,GITHUB_ACTION_RUN,pages build and deployment,dynamic -> success,ky46738-ops,dynamic/pages/pages-build-deployment,322eff264c92c4658941e36d6ab6718beab238d7,30052619897,https://github.com/lkminiPhantomWorld/welcome/actions/runs/30052619897,run_number=27; branch=main; status=completed
2026-07-23T23:16:58Z,2026-07-24T07:16:58+08:00,VERIFIED_TRUE,local public git mirror,GITHUB_COMMIT_FILE,lkminiPhantomWorld/welcome,"D ""experiments/PCLAB-20260724-071121_TPE-RRFDA/\360\237\247\252\351\200\206\345\220\221\345\217\254\345\233\236\345\233\233\350\255\211\345\210\252\351\231\244\350\243\201\346\261\272\346\263\225\357\275\234ReverseRecallFourProofDeletionAdjudication\357\275\23420260724-071121_TPE.zip""",Kevin / committer Kevin,"""experiments/PCLAB-20260724-071121_TPE-RRFDA/\360\237\247\252\351\200\206\345\220\221\345\217\254\345\233\236\345\233\233\350\255\211\345\210\252\351\231\244\350\243\201\346\261\272\346\263\225\357\275\234ReverseRecallFourProofDeletionAdjudication\357\275\23420260724-071121_TPE.zip""",4848cc9d098302095e68848ea415470688c0029f,,"https://github.com/lkminiPhantomWorld/welcome/blob/4848cc9d098302095e68848ea415470688c0029f/""experiments/PCLAB-20260724-071121_TPE-RRFDA/\360\237\247\252\351\200\206\345\220\221\345\217\254\345\233\236\345\233\233\350\255\211\345\210\252\351\231\244\350\243\201\346\261\272\346\263\225\357\275\234ReverseRecallFourProofDeletionAdjudication\357\275\23420260724-071121_TPE.zip""",移除不完整的實驗膠囊二進位投影
2026-07-23T23:17:00Z,2026-07-24T07:17:00+08:00,VERIFIED_TRUE,GitHub REST Actions,GITHUB_ACTION_RUN,pages build and deployment,dynamic -> cancelled,ky46738-ops,dynamic/pages/pages-build-deployment,4848cc9d098302095e68848ea415470688c0029f,30052713780,https://github.com/lkminiPhantomWorld/welcome/actions/runs/30052713780,run_number=28; branch=main; status=completed
2026-07-23T23:17:01Z,2026-07-24T07:17:01+08:00,VERIFIED_TRUE,GitHub REST Actions,GITHUB_ACTION_RUN,Python Package using Conda,push -> failure,ky46738-ops,.github/workflows/python-package-conda.yml,4848cc9d098302095e68848ea415470688c0029f,30052713944,https://github.com/lkminiPhantomWorld/welcome/actions/runs/30052713944,run_number=52; branch=main; status=completed
2026-07-23T23:17:01Z,2026-07-24T07:17:01+08:00,VERIFIED_TRUE,GitHub REST Actions,GITHUB_ACTION_RUN,Deploy verified welcome site to GitHub Pages,push -> failure,ky46738-ops,.github/workflows/deploy-pages.yml,4848cc9d098302095e68848ea415470688c0029f,30052713931,https://github.com/lkminiPhantomWorld/welcome/actions/runs/30052713931,run_number=16; branch=main; status=completed
2026-07-23T23:17:01Z,2026-07-24T07:17:01+08:00,VERIFIED_TRUE,GitHub REST Actions,GITHUB_ACTION_RUN,Gatekeeper,push -> failure,ky46738-ops,.github/workflows/gatekeeper.yml,4848cc9d098302095e68848ea415470688c0029f,30052713916,https://github.com/lkminiPhantomWorld/welcome/actions/runs/30052713916,run_number=68; branch=main; status=completed
2026-07-23T23:17:01Z,2026-07-24T07:17:01+08:00,VERIFIED_TRUE,GitHub REST Actions,GITHUB_ACTION_RUN,Deploy to GitHub Pages,push -> cancelled,ky46738-ops,.github/workflows/pages.yml,4848cc9d098302095e68848ea415470688c0029f,30052713904,https://github.com/lkminiPhantomWorld/welcome/actions/runs/30052713904,run_number=29; branch=main; status=completed
2026-07-23T23:17:01Z,2026-07-24T07:17:01+08:00,VERIFIED_TRUE,GitHub REST Actions,GITHUB_ACTION_RUN,Push on main,dynamic -> success,ky46738-ops,dynamic/github-code-scanning/codeql,4848cc9d098302095e68848ea415470688c0029f,30052713902,https://github.com/lkminiPhantomWorld/welcome/actions/runs/30052713902,run_number=40; branch=main; status=completed
2026-07-23T23:17:19Z,2026-07-24T07:17:19+08:00,VERIFIED_TRUE,local public git mirror,GITHUB_COMMIT_FILE,lkminiPhantomWorld/welcome,A experiments/PCLAB-20260724-071121_TPE-RRFDA/index.json,Kevin / committer Kevin,experiments/PCLAB-20260724-071121_TPE-RRFDA/index.json,6f59ae5dcc7acbf9bf305d201e7b910d1d2d84a2,,https://github.com/lkminiPhantomWorld/welcome/blob/6f59ae5dcc7acbf9bf305d201e7b910d1d2d84a2/experiments/PCLAB-20260724-071121_TPE-RRFDA/index.json,建立逆向召回四證刪除裁決法實驗索引
2026-07-23T23:17:21Z,2026-07-24T07:17:21+08:00,VERIFIED_TRUE,GitHub REST Actions,GITHUB_ACTION_RUN,pages build and deployment,dynamic -> success,ky46738-ops,dynamic/pages/pages-build-deployment,6f59ae5dcc7acbf9bf305d201e7b910d1d2d84a2,30052731271,https://github.com/lkminiPhantomWorld/welcome/actions/runs/30052731271,run_number=29; branch=main; status=completed
2026-07-23T23:17:21Z,2026-07-24T07:17:21+08:00,VERIFIED_TRUE,GitHub REST Actions,GITHUB_ACTION_RUN,Gatekeeper,push -> failure,ky46738-ops,.github/workflows/gatekeeper.yml,6f59ae5dcc7acbf9bf305d201e7b910d1d2d84a2,30052731172,https://github.com/lkminiPhantomWorld/welcome/actions/runs/30052731172,run_number=69; branch=main; status=completed
2026-07-23T23:17:21Z,2026-07-24T07:17:21+08:00,VERIFIED_TRUE,GitHub REST Actions,GITHUB_ACTION_RUN,Python Package using Conda,push -> failure,ky46738-ops,.github/workflows/python-package-conda.yml,6f59ae5dcc7acbf9bf305d201e7b910d1d2d84a2,30052731129,https://github.com/lkminiPhantomWorld/welcome/actions/runs/30052731129,run_number=53; branch=main; status=completed
2026-07-23T23:17:21Z,2026-07-24T07:17:21+08:00,VERIFIED_TRUE,GitHub REST Actions,GITHUB_ACTION_RUN,Deploy verified welcome site to GitHub Pages,push -> failure,ky46738-ops,.github/workflows/deploy-pages.yml,6f59ae5dcc7acbf9bf305d201e7b910d1d2d84a2,30052731117,https://github.com/lkminiPhantomWorld/welcome/actions/runs/30052731117,run_number=17; branch=main; status=completed
2026-07-23T23:17:21Z,2026-07-24T07:17:21+08:00,VERIFIED_TRUE,GitHub REST Actions,GITHUB_ACTION_RUN,Deploy to GitHub Pages,push -> cancelled,ky46738-ops,.github/workflows/pages.yml,6f59ae5dcc7acbf9bf305d201e7b910d1d2d84a2,30052731105,https://github.com/lkminiPhantomWorld/welcome/actions/runs/30052731105,run_number=30; branch=main; status=completed
2026-07-23T23:17:21Z,2026-07-24T07:17:21+08:00,VERIFIED_TRUE,GitHub REST Actions,GITHUB_ACTION_RUN,Push on main,dynamic -> success,ky46738-ops,dynamic/github-code-scanning/codeql,6f59ae5dcc7acbf9bf305d201e7b910d1d2d84a2,30052730807,https://github.com/lkminiPhantomWorld/welcome/actions/runs/30052730807,run_number=41; branch=main; status=completed
2026-07-23T23:19:24Z,2026-07-24T07:19:24+08:00,VERIFIED_TRUE,local public git mirror,GITHUB_COMMIT_FILE,lkminiPhantomWorld/welcome,M experiments/PCLAB-20260724-071121_TPE-RRFDA/index.json,Kevin / committer Kevin,experiments/PCLAB-20260724-071121_TPE-RRFDA/index.json,04f39c787e2c2689e53bd92248070dc6f86471de,,https://github.com/lkminiPhantomWorld/welcome/blob/04f39c787e2c2689e53bd92248070dc6f86471de/experiments/PCLAB-20260724-071121_TPE-RRFDA/index.json,校正逆向召回四證實驗最終狀態
2026-07-23T23:19:26Z,2026-07-24T07:19:26+08:00,VERIFIED_TRUE,GitHub REST Actions,GITHUB_ACTION_RUN,pages build and deployment,dynamic -> success,ky46738-ops,dynamic/pages/pages-build-deployment,04f39c787e2c2689e53bd92248070dc6f86471de,30052838342,https://github.com/lkminiPhantomWorld/welcome/actions/runs/30052838342,run_number=30; branch=main; status=completed
2026-07-23T23:19:27Z,2026-07-24T07:19:27+08:00,VERIFIED_TRUE,GitHub REST Actions,GITHUB_ACTION_RUN,Python Package using Conda,push -> failure,ky46738-ops,.github/workflows/python-package-conda.yml,04f39c787e2c2689e53bd92248070dc6f86471de,30052838503,https://github.com/lkminiPhantomWorld/welcome/actions/runs/30052838503,run_number=54; branch=main; status=completed
2026-07-23T23:19:27Z,2026-07-24T07:19:27+08:00,VERIFIED_TRUE,GitHub REST Actions,GITHUB_ACTION_RUN,Deploy verified welcome site to GitHub Pages,push -> failure,ky46738-ops,.github/workflows/deploy-pages.yml,04f39c787e2c2689e53bd92248070dc6f86471de,30052838490,https://github.com/lkminiPhantomWorld/welcome/actions/runs/30052838490,run_number=18; branch=main; status=completed
2026-07-23T23:19:27Z,2026-07-24T07:19:27+08:00,VERIFIED_TRUE,GitHub REST Actions,GITHUB_ACTION_RUN,Deploy to GitHub Pages,push -> success,ky46738-ops,.github/workflows/pages.yml,04f39c787e2c2689e53bd92248070dc6f86471de,30052838487,https://github.com/lkminiPhantomWorld/welcome/actions/runs/30052838487,run_number=31; branch=main; status=completed
2026-07-23T23:19:27Z,2026-07-24T07:19:27+08:00,VERIFIED_TRUE,GitHub REST Actions,GITHUB_ACTION_RUN,Gatekeeper,push -> failure,ky46738-ops,.github/workflows/gatekeeper.yml,04f39c787e2c2689e53bd92248070dc6f86471de,30052838486,https://github.com/lkminiPhantomWorld/welcome/actions/runs/30052838486,run_number=70; branch=main; status=completed
2026-07-23T23:19:27Z,2026-07-24T07:19:27+08:00,VERIFIED_TRUE,GitHub REST Actions,GITHUB_ACTION_RUN,Push on main,dynamic -> success,ky46738-ops,dynamic/github-code-scanning/codeql,04f39c787e2c2689e53bd92248070dc6f86471de,30052838452,https://github.com/lkminiPhantomWorld/welcome/actions/runs/30052838452,run_number=42; branch=main; status=completed
2026-07-23T23:23:35Z,2026-07-24T07:23:35+08:00,VERIFIED_TRUE,local public git mirror,GITHUB_COMMIT_FILE,lkminiPhantomWorld/welcome,M experiments/formal-ingestion/20260724-071104/index.json,Kevin / committer Kevin,experiments/formal-ingestion/20260724-071104/index.json,e6fd13f1c215e8bc9cef9790feca3dfca94572af,,https://github.com/lkminiPhantomWorld/welcome/blob/e6fd13f1c215e8bc9cef9790feca3dfca94572af/experiments/formal-ingestion/20260724-071104/index.json,更新幻想實驗正式入庫Portal回讀證據
2026-07-23T23:23:38Z,2026-07-24T07:23:38+08:00,VERIFIED_TRUE,GitHub REST Actions,GITHUB_ACTION_RUN,Deploy to GitHub Pages,push -> success,ky46738-ops,.github/workflows/pages.yml,e6fd13f1c215e8bc9cef9790feca3dfca94572af,30053057101,https://github.com/lkminiPhantomWorld/welcome/actions/runs/30053057101,run_number=32; branch=main; status=completed
2026-07-23T23:23:38Z,2026-07-24T07:23:38+08:00,VERIFIED_TRUE,GitHub REST Actions,GITHUB_ACTION_RUN,Python Package using Conda,push -> failure,ky46738-ops,.github/workflows/python-package-conda.yml,e6fd13f1c215e8bc9cef9790feca3dfca94572af,30053057059,https://github.com/lkminiPhantomWorld/welcome/actions/runs/30053057059,run_number=55; branch=main; status=completed
2026-07-23T23:23:38Z,2026-07-24T07:23:38+08:00,VERIFIED_TRUE,GitHub REST Actions,GITHUB_ACTION_RUN,Gatekeeper,push -> failure,ky46738-ops,.github/workflows/gatekeeper.yml,e6fd13f1c215e8bc9cef9790feca3dfca94572af,30053057048,https://github.com/lkminiPhantomWorld/welcome/actions/runs/30053057048,run_number=71; branch=main; status=completed
2026-07-23T23:23:38Z,2026-07-24T07:23:38+08:00,VERIFIED_TRUE,GitHub REST Actions,GITHUB_ACTION_RUN,Deploy verified welcome site to GitHub Pages,push -> failure,ky46738-ops,.github/workflows/deploy-pages.yml,e6fd13f1c215e8bc9cef9790feca3dfca94572af,30053057019,https://github.com/lkminiPhantomWorld/welcome/actions/runs/30053057019,run_number=19; branch=main; status=completed
2026-07-23T23:23:38Z,2026-07-24T07:23:38+08:00,VERIFIED_TRUE,GitHub REST Actions,GITHUB_ACTION_RUN,Push on main,dynamic -> success,ky46738-ops,dynamic/github-code-scanning/codeql,e6fd13f1c215e8bc9cef9790feca3dfca94572af,30053056887,https://github.com/lkminiPhantomWorld/welcome/actions/runs/30053056887,run_number=43; branch=main; status=completed
2026-07-23T23:23:38Z,2026-07-24T07:23:38+08:00,VERIFIED_TRUE,GitHub REST Actions,GITHUB_ACTION_RUN,pages build and deployment,dynamic -> success,ky46738-ops,dynamic/pages/pages-build-deployment,e6fd13f1c215e8bc9cef9790feca3dfca94572af,30053056866,https://github.com/lkminiPhantomWorld/welcome/actions/runs/30053056866,run_number=31; branch=main; status=completed
2026-07-23T23:34:37Z,2026-07-24T07:34:37+08:00,VERIFIED_TRUE,local public git mirror,GITHUB_COMMIT_FILE,lkminiPhantomWorld/welcome,M experiments/formal-ingestion/20260724-071104/index.json,Kevin / committer Kevin,experiments/formal-ingestion/20260724-071104/index.json,fc6f0f111791bb3be59069092079969e6b8c0c87,,https://github.com/lkminiPhantomWorld/welcome/blob/fc6f0f111791bb3be59069092079969e6b8c0c87/experiments/formal-ingestion/20260724-071104/index.json,更新61顆實驗全鏈驗證與正式包顯影索引
2026-07-23T23:34:39Z,2026-07-24T07:34:39+08:00,VERIFIED_TRUE,GitHub REST Actions,GITHUB_ACTION_RUN,pages build and deployment,dynamic -> success,ky46738-ops,dynamic/pages/pages-build-deployment,fc6f0f111791bb3be59069092079969e6b8c0c87,30053622621,https://github.com/lkminiPhantomWorld/welcome/actions/runs/30053622621,run_number=32; branch=main; status=completed
2026-07-23T23:34:39Z,2026-07-24T07:34:39+08:00,VERIFIED_TRUE,GitHub REST Actions,GITHUB_ACTION_RUN,Deploy to GitHub Pages,push -> success,ky46738-ops,.github/workflows/pages.yml,fc6f0f111791bb3be59069092079969e6b8c0c87,30053622366,https://github.com/lkminiPhantomWorld/welcome/actions/runs/30053622366,run_number=33; branch=main; status=completed
2026-07-23T23:34:39Z,2026-07-24T07:34:39+08:00,VERIFIED_TRUE,GitHub REST Actions,GITHUB_ACTION_RUN,Python Package using Conda,push -> failure,ky46738-ops,.github/workflows/python-package-conda.yml,fc6f0f111791bb3be59069092079969e6b8c0c87,30053622340,https://github.com/lkminiPhantomWorld/welcome/actions/runs/30053622340,run_number=56; branch=main; status=completed
2026-07-23T23:34:39Z,2026-07-24T07:34:39+08:00,VERIFIED_TRUE,GitHub REST Actions,GITHUB_ACTION_RUN,Deploy verified welcome site to GitHub Pages,push -> failure,ky46738-ops,.github/workflows/deploy-pages.yml,fc6f0f111791bb3be59069092079969e6b8c0c87,30053622332,https://github.com/lkminiPhantomWorld/welcome/actions/runs/30053622332,run_number=20; branch=main; status=completed
2026-07-23T23:34:39Z,2026-07-24T07:34:39+08:00,VERIFIED_TRUE,GitHub REST Actions,GITHUB_ACTION_RUN,Gatekeeper,push -> failure,ky46738-ops,.github/workflows/gatekeeper.yml,fc6f0f111791bb3be59069092079969e6b8c0c87,30053622327,https://github.com/lkminiPhantomWorld/welcome/actions/runs/30053622327,run_number=72; branch=main; status=completed
2026-07-23T23:34:39Z,2026-07-24T07:34:39+08:00,VERIFIED_TRUE,GitHub REST Actions,GITHUB_ACTION_RUN,Push on main,dynamic -> success,ky46738-ops,dynamic/github-code-scanning/codeql,fc6f0f111791bb3be59069092079969e6b8c0c87,30053622115,https://github.com/lkminiPhantomWorld/welcome/actions/runs/30053622115,run_number=44; branch=main; status=completed
2026-07-24T00:09:15Z,2026-07-24T08:09:15+08:00,VERIFIED_TRUE,local public git mirror,GITHUB_COMMIT_FILE,lkminiPhantomWorld/welcome,A conversation-ingestion/index.json,Kevin / committer Kevin,conversation-ingestion/index.json,7eef41e3eb8c076ba4806bb43fdf25c6cab7e9a2,,https://github.com/lkminiPhantomWorld/welcome/blob/7eef41e3eb8c076ba4806bb43fdf25c6cab7e9a2/conversation-ingestion/index.json,建立對話內全部檔案正式入庫傳送門索引
2026-07-24T00:09:18Z,2026-07-24T08:09:18+08:00,VERIFIED_TRUE,GitHub REST Actions,GITHUB_ACTION_RUN,Deploy verified welcome site to GitHub Pages,push -> failure,ky46738-ops,.github/workflows/deploy-pages.yml,7eef41e3eb8c076ba4806bb43fdf25c6cab7e9a2,30055352036,https://github.com/lkminiPhantomWorld/welcome/actions/runs/30055352036,run_number=21; branch=main; status=completed
2026-07-24T00:09:18Z,2026-07-24T08:09:18+08:00,VERIFIED_TRUE,GitHub REST Actions,GITHUB_ACTION_RUN,Python Package using Conda,push -> failure,ky46738-ops,.github/workflows/python-package-conda.yml,7eef41e3eb8c076ba4806bb43fdf25c6cab7e9a2,30055352027,https://github.com/lkminiPhantomWorld/welcome/actions/runs/30055352027,run_number=57; branch=main; status=completed
2026-07-24T00:09:18Z,2026-07-24T08:09:18+08:00,VERIFIED_TRUE,GitHub REST Actions,GITHUB_ACTION_RUN,Deploy to GitHub Pages,push -> cancelled,ky46738-ops,.github/workflows/pages.yml,7eef41e3eb8c076ba4806bb43fdf25c6cab7e9a2,30055352026,https://github.com/lkminiPhantomWorld/welcome/actions/runs/30055352026,run_number=34; branch=main; status=completed
2026-07-24T00:09:18Z,2026-07-24T08:09:18+08:00,VERIFIED_TRUE,GitHub REST Actions,GITHUB_ACTION_RUN,Gatekeeper,push -> failure,ky46738-ops,.github/workflows/gatekeeper.yml,7eef41e3eb8c076ba4806bb43fdf25c6cab7e9a2,30055351995,https://github.com/lkminiPhantomWorld/welcome/actions/runs/30055351995,run_number=73; branch=main; status=completed
2026-07-24T00:09:18Z,2026-07-24T08:09:18+08:00,VERIFIED_TRUE,GitHub REST Actions,GITHUB_ACTION_RUN,Push on main,dynamic -> success,ky46738-ops,dynamic/github-code-scanning/codeql,7eef41e3eb8c076ba4806bb43fdf25c6cab7e9a2,30055351798,https://github.com/lkminiPhantomWorld/welcome/actions/runs/30055351798,run_number=45; branch=main; status=completed
2026-07-24T00:09:18Z,2026-07-24T08:09:18+08:00,VERIFIED_TRUE,GitHub REST Actions,GITHUB_ACTION_RUN,pages build and deployment,dynamic -> success,ky46738-ops,dynamic/pages/pages-build-deployment,7eef41e3eb8c076ba4806bb43fdf25c6cab7e9a2,30055351772,https://github.com/lkminiPhantomWorld/welcome/actions/runs/30055351772,run_number=33; branch=main; status=completed
2026-07-24T01:24:14Z,2026-07-24T09:24:14+08:00,VERIFIED_TRUE,local public git mirror,GITHUB_COMMIT_FILE,lkminiPhantomWorld/welcome,A experiments/PCLAB-20260724-091953_TPE-DLCRR/index.json,Kevin / committer Kevin,experiments/PCLAB-20260724-091953_TPE-DLCRR/index.json,b185df1dff7993376c7f80a8ad2f1f3ea1e3d1ec,,https://github.com/lkminiPhantomWorld/welcome/blob/b185df1dff7993376c7f80a8ad2f1f3ea1e3d1ec/experiments/PCLAB-20260724-091953_TPE-DLCRR/index.json,建立雙帳本提交憑證回滾法實驗索引
2026-07-24T01:24:16Z,2026-07-24T09:24:16+08:00,VERIFIED_TRUE,GitHub REST Actions,GITHUB_ACTION_RUN,Gatekeeper,push -> failure,ky46738-ops,.github/workflows/gatekeeper.yml,b185df1dff7993376c7f80a8ad2f1f3ea1e3d1ec,30058871019,https://github.com/lkminiPhantomWorld/welcome/actions/runs/30058871019,run_number=74; branch=main; status=completed
2026-07-24T01:24:16Z,2026-07-24T09:24:16+08:00,VERIFIED_TRUE,GitHub REST Actions,GITHUB_ACTION_RUN,Deploy to GitHub Pages,push -> cancelled,ky46738-ops,.github/workflows/pages.yml,b185df1dff7993376c7f80a8ad2f1f3ea1e3d1ec,30058870999,https://github.com/lkminiPhantomWorld/welcome/actions/runs/30058870999,run_number=35; branch=main; status=completed
2026-07-24T01:24:16Z,2026-07-24T09:24:16+08:00,VERIFIED_TRUE,GitHub REST Actions,GITHUB_ACTION_RUN,Deploy verified welcome site to GitHub Pages,push -> failure,ky46738-ops,.github/workflows/deploy-pages.yml,b185df1dff7993376c7f80a8ad2f1f3ea1e3d1ec,30058870985,https://github.com/lkminiPhantomWorld/welcome/actions/runs/30058870985,run_number=22; branch=main; status=completed
2026-07-24T01:24:16Z,2026-07-24T09:24:16+08:00,VERIFIED_TRUE,GitHub REST Actions,GITHUB_ACTION_RUN,Python Package using Conda,push -> failure,ky46738-ops,.github/workflows/python-package-conda.yml,b185df1dff7993376c7f80a8ad2f1f3ea1e3d1ec,30058870983,https://github.com/lkminiPhantomWorld/welcome/actions/runs/30058870983,run_number=58; branch=main; status=completed
2026-07-24T01:24:16Z,2026-07-24T09:24:16+08:00,VERIFIED_TRUE,GitHub REST Actions,GITHUB_ACTION_RUN,pages build and deployment,dynamic -> cancelled,ky46738-ops,dynamic/pages/pages-build-deployment,b185df1dff7993376c7f80a8ad2f1f3ea1e3d1ec,30058870845,https://github.com/lkminiPhantomWorld/welcome/actions/runs/30058870845,run_number=34; branch=main; status=completed
2026-07-24T01:24:16Z,2026-07-24T09:24:16+08:00,VERIFIED_TRUE,GitHub REST Actions,GITHUB_ACTION_RUN,Push on main,dynamic -> success,ky46738-ops,dynamic/github-code-scanning/codeql,b185df1dff7993376c7f80a8ad2f1f3ea1e3d1ec,30058870727,https://github.com/lkminiPhantomWorld/welcome/actions/runs/30058870727,run_number=46; branch=main; status=completed
2026-07-24T01:24:39Z,2026-07-24T09:24:39+08:00,VERIFIED_TRUE,local public git mirror,GITHUB_COMMIT_FILE,lkminiPhantomWorld/welcome,A experiments/PCLAB-20260724-091953_TPE-DLCRR/reproduce.py,Kevin / committer Kevin,experiments/PCLAB-20260724-091953_TPE-DLCRR/reproduce.py,7ae583d69bd65238bc69a97f11f0a7526d9cc8e0,,https://github.com/lkminiPhantomWorld/welcome/blob/7ae583d69bd65238bc69a97f11f0a7526d9cc8e0/experiments/PCLAB-20260724-091953_TPE-DLCRR/reproduce.py,保存雙帳本提交憑證回滾法可重現測試
2026-07-24T01:24:42Z,2026-07-24T09:24:42+08:00,VERIFIED_TRUE,GitHub REST Actions,GITHUB_ACTION_RUN,pages build and deployment,dynamic -> success,ky46738-ops,dynamic/pages/pages-build-deployment,7ae583d69bd65238bc69a97f11f0a7526d9cc8e0,30058890633,https://github.com/lkminiPhantomWorld/welcome/actions/runs/30058890633,run_number=35; branch=main; status=completed
2026-07-24T01:24:42Z,2026-07-24T09:24:42+08:00,VERIFIED_TRUE,GitHub REST Actions,GITHUB_ACTION_RUN,Push on main,dynamic -> success,ky46738-ops,dynamic/github-code-scanning/codeql,7ae583d69bd65238bc69a97f11f0a7526d9cc8e0,30058890625,https://github.com/lkminiPhantomWorld/welcome/actions/runs/30058890625,run_number=47; branch=main; status=completed
2026-07-24T01:24:42Z,2026-07-24T09:24:42+08:00,VERIFIED_TRUE,GitHub REST Actions,GITHUB_ACTION_RUN,Deploy to GitHub Pages,push -> success,ky46738-ops,.github/workflows/pages.yml,7ae583d69bd65238bc69a97f11f0a7526d9cc8e0,30058890609,https://github.com/lkminiPhantomWorld/welcome/actions/runs/30058890609,run_number=36; branch=main; status=completed
2026-07-24T01:24:42Z,2026-07-24T09:24:42+08:00,VERIFIED_TRUE,GitHub REST Actions,GITHUB_ACTION_RUN,Gatekeeper,push -> failure,ky46738-ops,.github/workflows/gatekeeper.yml,7ae583d69bd65238bc69a97f11f0a7526d9cc8e0,30058890581,https://github.com/lkminiPhantomWorld/welcome/actions/runs/30058890581,run_number=75; branch=main; status=completed
2026-07-24T01:24:42Z,2026-07-24T09:24:42+08:00,VERIFIED_TRUE,GitHub REST Actions,GITHUB_ACTION_RUN,Python Package using Conda,push -> failure,ky46738-ops,.github/workflows/python-package-conda.yml,7ae583d69bd65238bc69a97f11f0a7526d9cc8e0,30058890560,https://github.com/lkminiPhantomWorld/welcome/actions/runs/30058890560,run_number=59; branch=main; status=completed
2026-07-24T01:24:42Z,2026-07-24T09:24:42+08:00,VERIFIED_TRUE,GitHub REST Actions,GITHUB_ACTION_RUN,Deploy verified welcome site to GitHub Pages,push -> cancelled,ky46738-ops,.github/workflows/deploy-pages.yml,7ae583d69bd65238bc69a97f11f0a7526d9cc8e0,30058890542,https://github.com/lkminiPhantomWorld/welcome/actions/runs/30058890542,run_number=23; branch=main; status=completed
2026-07-24T01:52:22Z,2026-07-24T09:52:22+08:00,VERIFIED_TRUE,local public git mirror,GITHUB_COMMIT_FILE,lkminiPhantomWorld/welcome,A conversation-ingestion/core-family/CORE-FAMILY-20260724-092443_TPE/index.json,Kevin / committer Kevin,conversation-ingestion/core-family/CORE-FAMILY-20260724-092443_TPE/index.json,6ab490e547d74745c2f6139bb349749099b010fe,,https://github.com/lkminiPhantomWorld/welcome/blob/6ab490e547d74745c2f6139bb349749099b010fe/conversation-ingestion/core-family/CORE-FAMILY-20260724-092443_TPE/index.json,顯影核心能力家族深度優化索引
2026-07-24T01:52:24Z,2026-07-24T09:52:24+08:00,VERIFIED_TRUE,GitHub REST Actions,GITHUB_ACTION_RUN,Deploy verified welcome site to GitHub Pages,push -> failure,ky46738-ops,.github/workflows/deploy-pages.yml,6ab490e547d74745c2f6139bb349749099b010fe,30060122721,https://github.com/lkminiPhantomWorld/welcome/actions/runs/30060122721,run_number=24; branch=main; status=completed
2026-07-24T01:52:24Z,2026-07-24T09:52:24+08:00,VERIFIED_TRUE,GitHub REST Actions,GITHUB_ACTION_RUN,Gatekeeper,push -> failure,ky46738-ops,.github/workflows/gatekeeper.yml,6ab490e547d74745c2f6139bb349749099b010fe,30060122708,https://github.com/lkminiPhantomWorld/welcome/actions/runs/30060122708,run_number=76; branch=main; status=completed
2026-07-24T01:52:24Z,2026-07-24T09:52:24+08:00,VERIFIED_TRUE,GitHub REST Actions,GITHUB_ACTION_RUN,Deploy to GitHub Pages,push -> cancelled,ky46738-ops,.github/workflows/pages.yml,6ab490e547d74745c2f6139bb349749099b010fe,30060122706,https://github.com/lkminiPhantomWorld/welcome/actions/runs/30060122706,run_number=37; branch=main; status=completed
2026-07-24T01:52:24Z,2026-07-24T09:52:24+08:00,VERIFIED_TRUE,GitHub REST Actions,GITHUB_ACTION_RUN,pages build and deployment,dynamic -> success,ky46738-ops,dynamic/pages/pages-build-deployment,6ab490e547d74745c2f6139bb349749099b010fe,30060122618,https://github.com/lkminiPhantomWorld/welcome/actions/runs/30060122618,run_number=36; branch=main; status=completed
2026-07-24T01:52:24Z,2026-07-24T09:52:24+08:00,VERIFIED_TRUE,GitHub REST Actions,GITHUB_ACTION_RUN,Push on main,dynamic -> success,ky46738-ops,dynamic/github-code-scanning/codeql,6ab490e547d74745c2f6139bb349749099b010fe,30060122579,https://github.com/lkminiPhantomWorld/welcome/actions/runs/30060122579,run_number=48; branch=main; status=completed
2026-07-24T01:52:25Z,2026-07-24T09:52:25+08:00,VERIFIED_TRUE,GitHub REST Actions,GITHUB_ACTION_RUN,Python Package using Conda,push -> failure,ky46738-ops,.github/workflows/python-package-conda.yml,6ab490e547d74745c2f6139bb349749099b010fe,30060122726,https://github.com/lkminiPhantomWorld/welcome/actions/runs/30060122726,run_number=60; branch=main; status=completed
2026-07-24T13:52:31Z,2026-07-24T21:52:31+08:00,VERIFIED_TRUE,local public git mirror,GITHUB_COMMIT_FILE,lkminiPhantomWorld/welcome,M index.html,Kevin / committer Kevin,index.html,490f749a57f7bb0080cd8614b82274364957ed91,,https://github.com/lkminiPhantomWorld/welcome/blob/490f749a57f7bb0080cd8614b82274364957ed91/index.html,修正 Welcome 與紅色 MINI AI 入口角色
2026-07-24T13:52:33Z,2026-07-24T21:52:33+08:00,VERIFIED_TRUE,local public git mirror,GITHUB_COMMIT_FILE,lkminiPhantomWorld/welcome,M mini/index.html,Kevin / committer Kevin,mini/index.html,6675d2f00905de42aa6c9e3543b24e8a5ae3441a,,https://github.com/lkminiPhantomWorld/welcome/blob/6675d2f00905de42aa6c9e3543b24e8a5ae3441a/mini/index.html,修正 Welcome 與紅色 MINI AI 入口角色
2026-07-24T13:52:33Z,2026-07-24T21:52:33+08:00,VERIFIED_TRUE,GitHub REST Actions,GITHUB_ACTION_RUN,Push on main,dynamic -> success,github-advanced-security[bot],dynamic/github-code-scanning/codeql,490f749a57f7bb0080cd8614b82274364957ed91,30098651396,https://github.com/lkminiPhantomWorld/welcome/actions/runs/30098651396,run_number=49; branch=main; status=completed
2026-07-24T13:52:34Z,2026-07-24T21:52:34+08:00,VERIFIED_TRUE,GitHub REST Actions,GITHUB_ACTION_RUN,Deploy verified welcome site to GitHub Pages,push -> cancelled,ky46738-ops,.github/workflows/deploy-pages.yml,490f749a57f7bb0080cd8614b82274364957ed91,30098652002,https://github.com/lkminiPhantomWorld/welcome/actions/runs/30098652002,run_number=25; branch=main; status=completed
2026-07-24T13:52:34Z,2026-07-24T21:52:34+08:00,VERIFIED_TRUE,GitHub REST Actions,GITHUB_ACTION_RUN,Deploy to GitHub Pages,push -> cancelled,ky46738-ops,.github/workflows/pages.yml,490f749a57f7bb0080cd8614b82274364957ed91,30098651986,https://github.com/lkminiPhantomWorld/welcome/actions/runs/30098651986,run_number=38; branch=main; status=completed
2026-07-24T13:52:34Z,2026-07-24T21:52:34+08:00,VERIFIED_TRUE,GitHub REST Actions,GITHUB_ACTION_RUN,Gatekeeper,push -> failure,ky46738-ops,.github/workflows/gatekeeper.yml,490f749a57f7bb0080cd8614b82274364957ed91,30098651984,https://github.com/lkminiPhantomWorld/welcome/actions/runs/30098651984,run_number=77; branch=main; status=completed
2026-07-24T13:52:34Z,2026-07-24T21:52:34+08:00,VERIFIED_TRUE,GitHub REST Actions,GITHUB_ACTION_RUN,Python Package using Conda,push -> failure,ky46738-ops,.github/workflows/python-package-conda.yml,490f749a57f7bb0080cd8614b82274364957ed91,30098651977,https://github.com/lkminiPhantomWorld/welcome/actions/runs/30098651977,run_number=61; branch=main; status=completed
2026-07-24T13:52:34Z,2026-07-24T21:52:34+08:00,VERIFIED_TRUE,GitHub REST Actions,GITHUB_ACTION_RUN,pages build and deployment,dynamic -> cancelled,ky46738-ops,dynamic/pages/pages-build-deployment,490f749a57f7bb0080cd8614b82274364957ed91,30098651555,https://github.com/lkminiPhantomWorld/welcome/actions/runs/30098651555,run_number=37; branch=main; status=completed
2026-07-24T13:52:35Z,2026-07-24T21:52:35+08:00,VERIFIED_TRUE,local public git mirror,GITHUB_COMMIT_FILE,lkminiPhantomWorld/welcome,M PORTAL_MANIFEST.json,Kevin / committer Kevin,PORTAL_MANIFEST.json,c2138c6f40ae1770e913c9ede2991b58e9fb6449,,https://github.com/lkminiPhantomWorld/welcome/blob/c2138c6f40ae1770e913c9ede2991b58e9fb6449/PORTAL_MANIFEST.json,修正 Welcome 與紅色 MINI AI 入口角色
2026-07-24T13:52:35Z,2026-07-24T21:52:35+08:00,VERIFIED_TRUE,GitHub REST Actions,GITHUB_ACTION_RUN,Gatekeeper,push -> failure,ky46738-ops,.github/workflows/gatekeeper.yml,6675d2f00905de42aa6c9e3543b24e8a5ae3441a,30098653618,https://github.com/lkminiPhantomWorld/welcome/actions/runs/30098653618,run_number=78; branch=main; status=completed
2026-07-24T13:52:35Z,2026-07-24T21:52:35+08:00,VERIFIED_TRUE,GitHub REST Actions,GITHUB_ACTION_RUN,Python Package using Conda,push -> failure,ky46738-ops,.github/workflows/python-package-conda.yml,6675d2f00905de42aa6c9e3543b24e8a5ae3441a,30098653617,https://github.com/lkminiPhantomWorld/welcome/actions/runs/30098653617,run_number=62; branch=main; status=completed
2026-07-24T13:52:35Z,2026-07-24T21:52:35+08:00,VERIFIED_TRUE,GitHub REST Actions,GITHUB_ACTION_RUN,pages build and deployment,dynamic -> cancelled,ky46738-ops,dynamic/pages/pages-build-deployment,6675d2f00905de42aa6c9e3543b24e8a5ae3441a,30098653461,https://github.com/lkminiPhantomWorld/welcome/actions/runs/30098653461,run_number=38; branch=main; status=completed
2026-07-24T13:52:35Z,2026-07-24T21:52:35+08:00,VERIFIED_TRUE,GitHub REST Actions,GITHUB_ACTION_RUN,Push on main,dynamic -> success,ky46738-ops,dynamic/github-code-scanning/codeql,6675d2f00905de42aa6c9e3543b24e8a5ae3441a,30098653274,https://github.com/lkminiPhantomWorld/welcome/actions/runs/30098653274,run_number=50; branch=main; status=completed
2026-07-24T13:52:36Z,2026-07-24T21:52:36+08:00,VERIFIED_TRUE,local public git mirror,GITHUB_COMMIT_FILE,lkminiPhantomWorld/welcome,M PORTAL_LOCATOR.json,Kevin / committer Kevin,PORTAL_LOCATOR.json,97f22e0dfa0523956cf22fbab6da0fbf385678ae,,https://github.com/lkminiPhantomWorld/welcome/blob/97f22e0dfa0523956cf22fbab6da0fbf385678ae/PORTAL_LOCATOR.json,修正 Welcome 與紅色 MINI AI 入口角色
2026-07-24T13:52:36Z,2026-07-24T21:52:36+08:00,VERIFIED_TRUE,GitHub REST Actions,GITHUB_ACTION_RUN,Deploy verified welcome site to GitHub Pages,push -> cancelled,ky46738-ops,.github/workflows/deploy-pages.yml,6675d2f00905de42aa6c9e3543b24e8a5ae3441a,30098653989,https://github.com/lkminiPhantomWorld/welcome/actions/runs/30098653989,run_number=26; branch=main; status=completed
2026-07-24T13:52:36Z,2026-07-24T21:52:36+08:00,VERIFIED_TRUE,GitHub REST Actions,GITHUB_ACTION_RUN,Deploy to GitHub Pages,push -> cancelled,ky46738-ops,.github/workflows/pages.yml,6675d2f00905de42aa6c9e3543b24e8a5ae3441a,30098653680,https://github.com/lkminiPhantomWorld/welcome/actions/runs/30098653680,run_number=39; branch=main; status=completed
2026-07-24T13:52:37Z,2026-07-24T21:52:37+08:00,VERIFIED_TRUE,GitHub REST Actions,GITHUB_ACTION_RUN,Deploy to GitHub Pages,push -> cancelled,ky46738-ops,.github/workflows/pages.yml,c2138c6f40ae1770e913c9ede2991b58e9fb6449,30098655579,https://github.com/lkminiPhantomWorld/welcome/actions/runs/30098655579,run_number=40; branch=main; status=completed
2026-07-24T13:52:37Z,2026-07-24T21:52:37+08:00,VERIFIED_TRUE,GitHub REST Actions,GITHUB_ACTION_RUN,Python Package using Conda,push -> failure,ky46738-ops,.github/workflows/python-package-conda.yml,c2138c6f40ae1770e913c9ede2991b58e9fb6449,30098655519,https://github.com/lkminiPhantomWorld/welcome/actions/runs/30098655519,run_number=63; branch=main; status=completed
2026-07-24T13:52:37Z,2026-07-24T21:52:37+08:00,VERIFIED_TRUE,GitHub REST Actions,GITHUB_ACTION_RUN,Deploy verified welcome site to GitHub Pages,push -> cancelled,ky46738-ops,.github/workflows/deploy-pages.yml,c2138c6f40ae1770e913c9ede2991b58e9fb6449,30098655516,https://github.com/lkminiPhantomWorld/welcome/actions/runs/30098655516,run_number=27; branch=main; status=completed
2026-07-24T13:52:37Z,2026-07-24T21:52:37+08:00,VERIFIED_TRUE,GitHub REST Actions,GITHUB_ACTION_RUN,Gatekeeper,push -> failure,ky46738-ops,.github/workflows/gatekeeper.yml,c2138c6f40ae1770e913c9ede2991b58e9fb6449,30098655498,https://github.com/lkminiPhantomWorld/welcome/actions/runs/30098655498,run_number=79; branch=main; status=completed
2026-07-24T13:52:37Z,2026-07-24T21:52:37+08:00,VERIFIED_TRUE,GitHub REST Actions,GITHUB_ACTION_RUN,Push on main,dynamic -> success,ky46738-ops,dynamic/github-code-scanning/codeql,c2138c6f40ae1770e913c9ede2991b58e9fb6449,30098655480,https://github.com/lkminiPhantomWorld/welcome/actions/runs/30098655480,run_number=51; branch=main; status=completed
2026-07-24T13:52:38Z,2026-07-24T21:52:38+08:00,VERIFIED_TRUE,local public git mirror,GITHUB_COMMIT_FILE,lkminiPhantomWorld/welcome,M PORTAL_REVERSECHAIN.json,Kevin / committer Kevin,PORTAL_REVERSECHAIN.json,8b82d507688d8268d6c309bf26355e0162fd015a,,https://github.com/lkminiPhantomWorld/welcome/blob/8b82d507688d8268d6c309bf26355e0162fd015a/PORTAL_REVERSECHAIN.json,修正 Welcome 與紅色 MINI AI 入口角色
2026-07-24T13:52:38Z,2026-07-24T21:52:38+08:00,VERIFIED_TRUE,GitHub REST Actions,GITHUB_ACTION_RUN,pages build and deployment,dynamic -> cancelled,ky46738-ops,dynamic/pages/pages-build-deployment,97f22e0dfa0523956cf22fbab6da0fbf385678ae,30098655945,https://github.com/lkminiPhantomWorld/welcome/actions/runs/30098655945,run_number=39; branch=main; status=completed
2026-07-24T13:52:39Z,2026-07-24T21:52:39+08:00,VERIFIED_TRUE,local public git mirror,GITHUB_COMMIT_FILE,lkminiPhantomWorld/welcome,M tools/verify_portal.py,Kevin / committer Kevin,tools/verify_portal.py,3f8e218148c4af34b5c2d9573cab9b382847ac1e,,https://github.com/lkminiPhantomWorld/welcome/blob/3f8e218148c4af34b5c2d9573cab9b382847ac1e/tools/verify_portal.py,修正 Welcome 與紅色 MINI AI 入口角色
2026-07-24T13:52:39Z,2026-07-24T21:52:39+08:00,VERIFIED_TRUE,GitHub REST Actions,GITHUB_ACTION_RUN,pages build and deployment,dynamic -> cancelled,ky46738-ops,dynamic/pages/pages-build-deployment,97f22e0dfa0523956cf22fbab6da0fbf385678ae,30098657313,https://github.com/lkminiPhantomWorld/welcome/actions/runs/30098657313,run_number=40; branch=main; status=completed
2026-07-24T13:52:39Z,2026-07-24T21:52:39+08:00,VERIFIED_TRUE,GitHub REST Actions,GITHUB_ACTION_RUN,Deploy to GitHub Pages,push -> cancelled,ky46738-ops,.github/workflows/pages.yml,97f22e0dfa0523956cf22fbab6da0fbf385678ae,30098657132,https://github.com/lkminiPhantomWorld/welcome/actions/runs/30098657132,run_number=41; branch=main; status=completed
2026-07-24T13:52:39Z,2026-07-24T21:52:39+08:00,VERIFIED_TRUE,GitHub REST Actions,GITHUB_ACTION_RUN,Deploy verified welcome site to GitHub Pages,push -> cancelled,ky46738-ops,.github/workflows/deploy-pages.yml,97f22e0dfa0523956cf22fbab6da0fbf385678ae,30098657122,https://github.com/lkminiPhantomWorld/welcome/actions/runs/30098657122,run_number=28; branch=main; status=completed
2026-07-24T13:52:39Z,2026-07-24T21:52:39+08:00,VERIFIED_TRUE,GitHub REST Actions,GITHUB_ACTION_RUN,Gatekeeper,push -> failure,ky46738-ops,.github/workflows/gatekeeper.yml,97f22e0dfa0523956cf22fbab6da0fbf385678ae,30098657118,https://github.com/lkminiPhantomWorld/welcome/actions/runs/30098657118,run_number=80; branch=main; status=completed
2026-07-24T13:52:39Z,2026-07-24T21:52:39+08:00,VERIFIED_TRUE,GitHub REST Actions,GITHUB_ACTION_RUN,Python Package using Conda,push -> failure,ky46738-ops,.github/workflows/python-package-conda.yml,97f22e0dfa0523956cf22fbab6da0fbf385678ae,30098657113,https://github.com/lkminiPhantomWorld/welcome/actions/runs/30098657113,run_number=64; branch=main; status=completed
2026-07-24T13:52:39Z,2026-07-24T21:52:39+08:00,VERIFIED_TRUE,GitHub REST Actions,GITHUB_ACTION_RUN,Push on main,dynamic -> success,ky46738-ops,dynamic/github-code-scanning/codeql,97f22e0dfa0523956cf22fbab6da0fbf385678ae,30098656872,https://github.com/lkminiPhantomWorld/welcome/actions/runs/30098656872,run_number=52; branch=main; status=completed
2026-07-24T13:52:40Z,2026-07-24T21:52:40+08:00,VERIFIED_TRUE,GitHub REST Actions,GITHUB_ACTION_RUN,Gatekeeper,push -> failure,ky46738-ops,.github/workflows/gatekeeper.yml,8b82d507688d8268d6c309bf26355e0162fd015a,30098658993,https://github.com/lkminiPhantomWorld/welcome/actions/runs/30098658993,run_number=81; branch=main; status=completed
2026-07-24T13:52:40Z,2026-07-24T21:52:40+08:00,VERIFIED_TRUE,GitHub REST Actions,GITHUB_ACTION_RUN,pages build and deployment,dynamic -> cancelled,ky46738-ops,dynamic/pages/pages-build-deployment,8b82d507688d8268d6c309bf26355e0162fd015a,30098658990,https://github.com/lkminiPhantomWorld/welcome/actions/runs/30098658990,run_number=41; branch=main; status=completed
2026-07-24T13:52:40Z,2026-07-24T21:52:40+08:00,VERIFIED_TRUE,GitHub REST Actions,GITHUB_ACTION_RUN,Deploy verified welcome site to GitHub Pages,push -> cancelled,ky46738-ops,.github/workflows/deploy-pages.yml,8b82d507688d8268d6c309bf26355e0162fd015a,30098658941,https://github.com/lkminiPhantomWorld/welcome/actions/runs/30098658941,run_number=29; branch=main; status=completed
2026-07-24T13:52:40Z,2026-07-24T21:52:40+08:00,VERIFIED_TRUE,GitHub REST Actions,GITHUB_ACTION_RUN,Python Package using Conda,push -> failure,ky46738-ops,.github/workflows/python-package-conda.yml,8b82d507688d8268d6c309bf26355e0162fd015a,30098658934,https://github.com/lkminiPhantomWorld/welcome/actions/runs/30098658934,run_number=65; branch=main; status=completed
2026-07-24T13:52:40Z,2026-07-24T21:52:40+08:00,VERIFIED_TRUE,GitHub REST Actions,GITHUB_ACTION_RUN,Deploy to GitHub Pages,push -> cancelled,ky46738-ops,.github/workflows/pages.yml,8b82d507688d8268d6c309bf26355e0162fd015a,30098658859,https://github.com/lkminiPhantomWorld/welcome/actions/runs/30098658859,run_number=42; branch=main; status=completed
2026-07-24T13:52:40Z,2026-07-24T21:52:40+08:00,VERIFIED_TRUE,GitHub REST Actions,GITHUB_ACTION_RUN,Push on main,dynamic -> success,ky46738-ops,dynamic/github-code-scanning/codeql,8b82d507688d8268d6c309bf26355e0162fd015a,30098658758,https://github.com/lkminiPhantomWorld/welcome/actions/runs/30098658758,run_number=53; branch=main; status=completed
2026-07-24T13:52:41Z,2026-07-24T21:52:41+08:00,VERIFIED_TRUE,local public git mirror,GITHUB_COMMIT_FILE,lkminiPhantomWorld/welcome,M PORTAL_SHA256SUMS,Kevin / committer Kevin,PORTAL_SHA256SUMS,b2d9d43df9887349d72e21f9635df9ea83cb4f35,,https://github.com/lkminiPhantomWorld/welcome/blob/b2d9d43df9887349d72e21f9635df9ea83cb4f35/PORTAL_SHA256SUMS,驗證紅色 MINI 唯一 AI 入口完整性
2026-07-24T13:52:42Z,2026-07-24T21:52:42+08:00,VERIFIED_TRUE,GitHub REST Actions,GITHUB_ACTION_RUN,pages build and deployment,dynamic -> cancelled,ky46738-ops,dynamic/pages/pages-build-deployment,b2d9d43df9887349d72e21f9635df9ea83cb4f35,30098660843,https://github.com/lkminiPhantomWorld/welcome/actions/runs/30098660843,run_number=42; branch=main; status=completed
2026-07-24T13:52:42Z,2026-07-24T21:52:42+08:00,VERIFIED_TRUE,GitHub REST Actions,GITHUB_ACTION_RUN,Deploy verified welcome site to GitHub Pages,push -> cancelled,ky46738-ops,.github/workflows/deploy-pages.yml,3f8e218148c4af34b5c2d9573cab9b382847ac1e,30098660839,https://github.com/lkminiPhantomWorld/welcome/actions/runs/30098660839,run_number=30; branch=main; status=completed
2026-07-24T13:52:42Z,2026-07-24T21:52:42+08:00,VERIFIED_TRUE,GitHub REST Actions,GITHUB_ACTION_RUN,Gatekeeper,push -> failure,ky46738-ops,.github/workflows/gatekeeper.yml,3f8e218148c4af34b5c2d9573cab9b382847ac1e,30098660815,https://github.com/lkminiPhantomWorld/welcome/actions/runs/30098660815,run_number=82; branch=main; status=completed
2026-07-24T13:52:42Z,2026-07-24T21:52:42+08:00,VERIFIED_TRUE,GitHub REST Actions,GITHUB_ACTION_RUN,Python Package using Conda,push -> failure,ky46738-ops,.github/workflows/python-package-conda.yml,3f8e218148c4af34b5c2d9573cab9b382847ac1e,30098660795,https://github.com/lkminiPhantomWorld/welcome/actions/runs/30098660795,run_number=66; branch=main; status=completed
2026-07-24T13:52:42Z,2026-07-24T21:52:42+08:00,VERIFIED_TRUE,GitHub REST Actions,GITHUB_ACTION_RUN,Deploy to GitHub Pages,push -> cancelled,ky46738-ops,.github/workflows/pages.yml,3f8e218148c4af34b5c2d9573cab9b382847ac1e,30098660792,https://github.com/lkminiPhantomWorld/welcome/actions/runs/30098660792,run_number=43; branch=main; status=completed
2026-07-24T13:52:42Z,2026-07-24T21:52:42+08:00,VERIFIED_TRUE,GitHub REST Actions,GITHUB_ACTION_RUN,Push on main,dynamic -> success,ky46738-ops,dynamic/github-code-scanning/codeql,3f8e218148c4af34b5c2d9573cab9b382847ac1e,30098660245,https://github.com/lkminiPhantomWorld/welcome/actions/runs/30098660245,run_number=54; branch=main; status=completed
2026-07-24T13:52:43Z,2026-07-24T21:52:43+08:00,VERIFIED_TRUE,GitHub REST Actions,GITHUB_ACTION_RUN,Gatekeeper,push -> failure,ky46738-ops,.github/workflows/gatekeeper.yml,b2d9d43df9887349d72e21f9635df9ea83cb4f35,30098662245,https://github.com/lkminiPhantomWorld/welcome/actions/runs/30098662245,run_number=83; branch=main; status=completed
2026-07-24T13:52:43Z,2026-07-24T21:52:43+08:00,VERIFIED_TRUE,GitHub REST Actions,GITHUB_ACTION_RUN,Deploy to GitHub Pages,push -> cancelled,ky46738-ops,.github/workflows/pages.yml,b2d9d43df9887349d72e21f9635df9ea83cb4f35,30098662234,https://github.com/lkminiPhantomWorld/welcome/actions/runs/30098662234,run_number=44; branch=main; status=completed
2026-07-24T13:52:43Z,2026-07-24T21:52:43+08:00,VERIFIED_TRUE,GitHub REST Actions,GITHUB_ACTION_RUN,Deploy verified welcome site to GitHub Pages,push -> success,ky46738-ops,.github/workflows/deploy-pages.yml,b2d9d43df9887349d72e21f9635df9ea83cb4f35,30098662230,https://github.com/lkminiPhantomWorld/welcome/actions/runs/30098662230,run_number=31; branch=main; status=completed
2026-07-24T13:52:43Z,2026-07-24T21:52:43+08:00,VERIFIED_TRUE,GitHub REST Actions,GITHUB_ACTION_RUN,Python Package using Conda,push -> failure,ky46738-ops,.github/workflows/python-package-conda.yml,b2d9d43df9887349d72e21f9635df9ea83cb4f35,30098662202,https://github.com/lkminiPhantomWorld/welcome/actions/runs/30098662202,run_number=67; branch=main; status=completed
2026-07-24T13:52:43Z,2026-07-24T21:52:43+08:00,VERIFIED_TRUE,GitHub REST Actions,GITHUB_ACTION_RUN,pages build and deployment,dynamic -> success,ky46738-ops,dynamic/pages/pages-build-deployment,b2d9d43df9887349d72e21f9635df9ea83cb4f35,30098662061,https://github.com/lkminiPhantomWorld/welcome/actions/runs/30098662061,run_number=43; branch=main; status=completed
2026-07-24T13:52:43Z,2026-07-24T21:52:43+08:00,VERIFIED_TRUE,GitHub REST Actions,GITHUB_ACTION_RUN,Push on main,dynamic -> success,ky46738-ops,dynamic/github-code-scanning/codeql,b2d9d43df9887349d72e21f9635df9ea83cb4f35,30098661966,https://github.com/lkminiPhantomWorld/welcome/actions/runs/30098661966,run_number=55; branch=main; status=completed
2026-07-24T14:40:24Z,2026-07-24T22:40:24+08:00,VERIFIED_TRUE,local public git mirror,GITHUB_COMMIT_FILE,lkminiPhantomWorld/welcome,M mini/index.html,Kevin / committer Kevin,mini/index.html,359a0bc902331dc225159a00d8d2052c25aa0f56,,https://github.com/lkminiPhantomWorld/welcome/blob/359a0bc902331dc225159a00d8d2052c25aa0f56/mini/index.html,feat: 紅色 MINI 接入私有引擎庫
2026-07-24T14:40:26Z,2026-07-24T22:40:26+08:00,VERIFIED_TRUE,local public git mirror,GITHUB_COMMIT_FILE,lkminiPhantomWorld/welcome,M PORTAL_LOCATOR.json,Kevin / committer Kevin,PORTAL_LOCATOR.json,55f58d8427080bab128e179b647a3f1d00ffc858,,https://github.com/lkminiPhantomWorld/welcome/blob/55f58d8427080bab128e179b647a3f1d00ffc858/PORTAL_LOCATOR.json,chore: 登記私有引擎庫座標
2026-07-24T14:40:27Z,2026-07-24T22:40:27+08:00,VERIFIED_TRUE,local public git mirror,GITHUB_COMMIT_FILE,lkminiPhantomWorld/welcome,M PORTAL_REVERSECHAIN.json,Kevin / committer Kevin,PORTAL_REVERSECHAIN.json,232c89a3e1f832b9c020ed18d3e7d401e0777a2e,,https://github.com/lkminiPhantomWorld/welcome/blob/232c89a3e1f832b9c020ed18d3e7d401e0777a2e/PORTAL_REVERSECHAIN.json,chore: 接續公開入口與私有引擎庫
2026-07-24T14:40:27Z,2026-07-24T22:40:27+08:00,VERIFIED_TRUE,GitHub REST Actions,GITHUB_ACTION_RUN,Deploy verified welcome site to GitHub Pages,push -> cancelled,ky46738-ops,.github/workflows/deploy-pages.yml,359a0bc902331dc225159a00d8d2052c25aa0f56,30102012533,https://github.com/lkminiPhantomWorld/welcome/actions/runs/30102012533,run_number=32; branch=main; status=completed
2026-07-24T14:40:27Z,2026-07-24T22:40:27+08:00,VERIFIED_TRUE,GitHub REST Actions,GITHUB_ACTION_RUN,Gatekeeper,push -> failure,ky46738-ops,.github/workflows/gatekeeper.yml,359a0bc902331dc225159a00d8d2052c25aa0f56,30102012492,https://github.com/lkminiPhantomWorld/welcome/actions/runs/30102012492,run_number=84; branch=main; status=completed
2026-07-24T14:40:27Z,2026-07-24T22:40:27+08:00,VERIFIED_TRUE,GitHub REST Actions,GITHUB_ACTION_RUN,Deploy to GitHub Pages,push -> cancelled,ky46738-ops,.github/workflows/pages.yml,359a0bc902331dc225159a00d8d2052c25aa0f56,30102012482,https://github.com/lkminiPhantomWorld/welcome/actions/runs/30102012482,run_number=45; branch=main; status=completed
2026-07-24T14:40:27Z,2026-07-24T22:40:27+08:00,VERIFIED_TRUE,GitHub REST Actions,GITHUB_ACTION_RUN,Python Package using Conda,push -> failure,ky46738-ops,.github/workflows/python-package-conda.yml,359a0bc902331dc225159a00d8d2052c25aa0f56,30102012481,https://github.com/lkminiPhantomWorld/welcome/actions/runs/30102012481,run_number=68; branch=main; status=completed
2026-07-24T14:40:27Z,2026-07-24T22:40:27+08:00,VERIFIED_TRUE,GitHub REST Actions,GITHUB_ACTION_RUN,pages build and deployment,dynamic -> cancelled,ky46738-ops,dynamic/pages/pages-build-deployment,359a0bc902331dc225159a00d8d2052c25aa0f56,30102012090,https://github.com/lkminiPhantomWorld/welcome/actions/runs/30102012090,run_number=44; branch=main; status=completed
2026-07-24T14:40:27Z,2026-07-24T22:40:27+08:00,VERIFIED_TRUE,GitHub REST Actions,GITHUB_ACTION_RUN,Push on main,dynamic -> success,ky46738-ops,dynamic/github-code-scanning/codeql,359a0bc902331dc225159a00d8d2052c25aa0f56,30102012053,https://github.com/lkminiPhantomWorld/welcome/actions/runs/30102012053,run_number=56; branch=main; status=completed
2026-07-24T14:40:28Z,2026-07-24T22:40:28+08:00,VERIFIED_TRUE,GitHub REST Actions,GITHUB_ACTION_RUN,pages build and deployment,dynamic -> cancelled,ky46738-ops,dynamic/pages/pages-build-deployment,55f58d8427080bab128e179b647a3f1d00ffc858,30102013623,https://github.com/lkminiPhantomWorld/welcome/actions/runs/30102013623,run_number=45; branch=main; status=completed
2026-07-24T14:40:29Z,2026-07-24T22:40:29+08:00,VERIFIED_TRUE,GitHub REST Actions,GITHUB_ACTION_RUN,Python Package using Conda,push -> failure,ky46738-ops,.github/workflows/python-package-conda.yml,55f58d8427080bab128e179b647a3f1d00ffc858,30102014953,https://github.com/lkminiPhantomWorld/welcome/actions/runs/30102014953,run_number=69; branch=main; status=completed
2026-07-24T14:40:29Z,2026-07-24T22:40:29+08:00,VERIFIED_TRUE,GitHub REST Actions,GITHUB_ACTION_RUN,Gatekeeper,push -> failure,ky46738-ops,.github/workflows/gatekeeper.yml,55f58d8427080bab128e179b647a3f1d00ffc858,30102014698,https://github.com/lkminiPhantomWorld/welcome/actions/runs/30102014698,run_number=85; branch=main; status=completed
2026-07-24T14:40:29Z,2026-07-24T22:40:29+08:00,VERIFIED_TRUE,GitHub REST Actions,GITHUB_ACTION_RUN,Deploy verified welcome site to GitHub Pages,push -> cancelled,ky46738-ops,.github/workflows/deploy-pages.yml,55f58d8427080bab128e179b647a3f1d00ffc858,30102014606,https://github.com/lkminiPhantomWorld/welcome/actions/runs/30102014606,run_number=33; branch=main; status=completed
2026-07-24T14:40:29Z,2026-07-24T22:40:29+08:00,VERIFIED_TRUE,GitHub REST Actions,GITHUB_ACTION_RUN,Deploy to GitHub Pages,push -> cancelled,ky46738-ops,.github/workflows/pages.yml,55f58d8427080bab128e179b647a3f1d00ffc858,30102014556,https://github.com/lkminiPhantomWorld/welcome/actions/runs/30102014556,run_number=46; branch=main; status=completed
2026-07-24T14:40:29Z,2026-07-24T22:40:29+08:00,VERIFIED_TRUE,GitHub REST Actions,GITHUB_ACTION_RUN,Push on main,dynamic -> success,ky46738-ops,dynamic/github-code-scanning/codeql,55f58d8427080bab128e179b647a3f1d00ffc858,30102014389,https://github.com/lkminiPhantomWorld/welcome/actions/runs/30102014389,run_number=57; branch=main; status=completed
2026-07-24T14:40:30Z,2026-07-24T22:40:30+08:00,VERIFIED_TRUE,GitHub REST Actions,GITHUB_ACTION_RUN,Push on main,dynamic -> success,ky46738-ops,dynamic/github-code-scanning/codeql,232c89a3e1f832b9c020ed18d3e7d401e0777a2e,30102015661,https://github.com/lkminiPhantomWorld/welcome/actions/runs/30102015661,run_number=58; branch=main; status=completed
2026-07-24T14:40:30Z,2026-07-24T22:40:30+08:00,VERIFIED_TRUE,GitHub REST Actions,GITHUB_ACTION_RUN,Deploy to GitHub Pages,push -> cancelled,ky46738-ops,.github/workflows/pages.yml,232c89a3e1f832b9c020ed18d3e7d401e0777a2e,30102015640,https://github.com/lkminiPhantomWorld/welcome/actions/runs/30102015640,run_number=47; branch=main; status=completed
2026-07-24T14:40:30Z,2026-07-24T22:40:30+08:00,VERIFIED_TRUE,GitHub REST Actions,GITHUB_ACTION_RUN,Deploy verified welcome site to GitHub Pages,push -> cancelled,ky46738-ops,.github/workflows/deploy-pages.yml,232c89a3e1f832b9c020ed18d3e7d401e0777a2e,30102015607,https://github.com/lkminiPhantomWorld/welcome/actions/runs/30102015607,run_number=34; branch=main; status=completed
2026-07-24T14:40:30Z,2026-07-24T22:40:30+08:00,VERIFIED_TRUE,GitHub REST Actions,GITHUB_ACTION_RUN,Gatekeeper,push -> failure,ky46738-ops,.github/workflows/gatekeeper.yml,232c89a3e1f832b9c020ed18d3e7d401e0777a2e,30102015556,https://github.com/lkminiPhantomWorld/welcome/actions/runs/30102015556,run_number=86; branch=main; status=completed
2026-07-24T14:40:30Z,2026-07-24T22:40:30+08:00,VERIFIED_TRUE,GitHub REST Actions,GITHUB_ACTION_RUN,Python Package using Conda,push -> failure,ky46738-ops,.github/workflows/python-package-conda.yml,232c89a3e1f832b9c020ed18d3e7d401e0777a2e,30102015554,https://github.com/lkminiPhantomWorld/welcome/actions/runs/30102015554,run_number=70; branch=main; status=completed
2026-07-24T14:40:30Z,2026-07-24T22:40:30+08:00,VERIFIED_TRUE,GitHub REST Actions,GITHUB_ACTION_RUN,pages build and deployment,dynamic -> cancelled,ky46738-ops,dynamic/pages/pages-build-deployment,232c89a3e1f832b9c020ed18d3e7d401e0777a2e,30102015351,https://github.com/lkminiPhantomWorld/welcome/actions/runs/30102015351,run_number=46; branch=main; status=completed
2026-07-24T14:40:39Z,2026-07-24T22:40:39+08:00,VERIFIED_TRUE,local public git mirror,GITHUB_COMMIT_FILE,lkminiPhantomWorld/welcome,M PORTAL_SHA256SUMS,Kevin / committer Kevin,PORTAL_SHA256SUMS,30ff90000a182800333614f5870ecb1b010e8a58,,https://github.com/lkminiPhantomWorld/welcome/blob/30ff90000a182800333614f5870ecb1b010e8a58/PORTAL_SHA256SUMS,chore: 更新入口 SHA256 登記
2026-07-24T14:40:41Z,2026-07-24T22:40:41+08:00,VERIFIED_TRUE,GitHub REST Actions,GITHUB_ACTION_RUN,Push on main,dynamic -> success,ky46738-ops,dynamic/github-code-scanning/codeql,30ff90000a182800333614f5870ecb1b010e8a58,30102028734,https://github.com/lkminiPhantomWorld/welcome/actions/runs/30102028734,run_number=59; branch=main; status=completed
2026-07-24T14:40:42Z,2026-07-24T22:40:42+08:00,VERIFIED_TRUE,GitHub REST Actions,GITHUB_ACTION_RUN,Deploy verified welcome site to GitHub Pages,push -> success,ky46738-ops,.github/workflows/deploy-pages.yml,30ff90000a182800333614f5870ecb1b010e8a58,30102029222,https://github.com/lkminiPhantomWorld/welcome/actions/runs/30102029222,run_number=35; branch=main; status=completed
2026-07-24T14:40:42Z,2026-07-24T22:40:42+08:00,VERIFIED_TRUE,GitHub REST Actions,GITHUB_ACTION_RUN,Gatekeeper,push -> failure,ky46738-ops,.github/workflows/gatekeeper.yml,30ff90000a182800333614f5870ecb1b010e8a58,30102029207,https://github.com/lkminiPhantomWorld/welcome/actions/runs/30102029207,run_number=87; branch=main; status=completed
2026-07-24T14:40:42Z,2026-07-24T22:40:42+08:00,VERIFIED_TRUE,GitHub REST Actions,GITHUB_ACTION_RUN,Python Package using Conda,push -> failure,ky46738-ops,.github/workflows/python-package-conda.yml,30ff90000a182800333614f5870ecb1b010e8a58,30102029201,https://github.com/lkminiPhantomWorld/welcome/actions/runs/30102029201,run_number=71; branch=main; status=completed
2026-07-24T14:40:42Z,2026-07-24T22:40:42+08:00,VERIFIED_TRUE,GitHub REST Actions,GITHUB_ACTION_RUN,Deploy to GitHub Pages,push -> cancelled,ky46738-ops,.github/workflows/pages.yml,30ff90000a182800333614f5870ecb1b010e8a58,30102029171,https://github.com/lkminiPhantomWorld/welcome/actions/runs/30102029171,run_number=48; branch=main; status=completed
2026-07-24T14:40:42Z,2026-07-24T22:40:42+08:00,VERIFIED_TRUE,GitHub REST Actions,GITHUB_ACTION_RUN,pages build and deployment,dynamic -> success,ky46738-ops,dynamic/pages/pages-build-deployment,30ff90000a182800333614f5870ecb1b010e8a58,30102029039,https://github.com/lkminiPhantomWorld/welcome/actions/runs/30102029039,run_number=47; branch=main; status=completed
2026-07-24T14:45:23Z,2026-07-24T22:45:23+08:00,VERIFIED_TRUE,local public git mirror,GITHUB_COMMIT_FILE,lkminiPhantomWorld/welcome,M mini/index.html,Kevin / committer Kevin,mini/index.html,23d3e978e9bd053ac5f539fb81dab96bc5ac81a9,,https://github.com/lkminiPhantomWorld/welcome/blob/23d3e978e9bd053ac5f539fb81dab96bc5ac81a9/mini/index.html,fix: 紅色 MINI 直接接既有私有庫
2026-07-24T14:45:25Z,2026-07-24T22:45:25+08:00,VERIFIED_TRUE,local public git mirror,GITHUB_COMMIT_FILE,lkminiPhantomWorld/welcome,M PORTAL_LOCATOR.json,Kevin / committer Kevin,PORTAL_LOCATOR.json,941aee8f3c212a24998a40b8bf7eec742971fc78,,https://github.com/lkminiPhantomWorld/welcome/blob/941aee8f3c212a24998a40b8bf7eec742971fc78/PORTAL_LOCATOR.json,fix: 定位器直接指向既有私有庫
2026-07-24T14:45:26Z,2026-07-24T22:45:26+08:00,VERIFIED_TRUE,GitHub REST Actions,GITHUB_ACTION_RUN,Push on main,dynamic -> success,ky46738-ops,dynamic/github-code-scanning/codeql,23d3e978e9bd053ac5f539fb81dab96bc5ac81a9,30102366817,https://github.com/lkminiPhantomWorld/welcome/actions/runs/30102366817,run_number=60; branch=main; status=completed
2026-07-24T14:45:26Z,2026-07-24T22:45:26+08:00,VERIFIED_TRUE,GitHub REST Actions,GITHUB_ACTION_RUN,pages build and deployment,dynamic -> cancelled,ky46738-ops,dynamic/pages/pages-build-deployment,23d3e978e9bd053ac5f539fb81dab96bc5ac81a9,30102366583,https://github.com/lkminiPhantomWorld/welcome/actions/runs/30102366583,run_number=48; branch=main; status=completed
2026-07-24T14:45:27Z,2026-07-24T22:45:27+08:00,VERIFIED_TRUE,local public git mirror,GITHUB_COMMIT_FILE,lkminiPhantomWorld/welcome,M PORTAL_REVERSECHAIN.json,Kevin / committer Kevin,PORTAL_REVERSECHAIN.json,0287c6599810145c883a8e69d3b2d822f821351b,,https://github.com/lkminiPhantomWorld/welcome/blob/0287c6599810145c883a8e69d3b2d822f821351b/PORTAL_REVERSECHAIN.json,fix: 逆向鏈回到既有私有庫
2026-07-24T14:45:27Z,2026-07-24T22:45:27+08:00,VERIFIED_TRUE,GitHub REST Actions,GITHUB_ACTION_RUN,pages build and deployment,dynamic -> cancelled,ky46738-ops,dynamic/pages/pages-build-deployment,941aee8f3c212a24998a40b8bf7eec742971fc78,30102368758,https://github.com/lkminiPhantomWorld/welcome/actions/runs/30102368758,run_number=49; branch=main; status=completed
2026-07-24T14:45:27Z,2026-07-24T22:45:27+08:00,VERIFIED_TRUE,GitHub REST Actions,GITHUB_ACTION_RUN,Push on main,dynamic -> success,ky46738-ops,dynamic/github-code-scanning/codeql,941aee8f3c212a24998a40b8bf7eec742971fc78,30102368485,https://github.com/lkminiPhantomWorld/welcome/actions/runs/30102368485,run_number=61; branch=main; status=completed
2026-07-24T14:45:27Z,2026-07-24T22:45:27+08:00,VERIFIED_TRUE,GitHub REST Actions,GITHUB_ACTION_RUN,Gatekeeper,push -> failure,ky46738-ops,.github/workflows/gatekeeper.yml,23d3e978e9bd053ac5f539fb81dab96bc5ac81a9,30102367851,https://github.com/lkminiPhantomWorld/welcome/actions/runs/30102367851,run_number=88; branch=main; status=completed
2026-07-24T14:45:27Z,2026-07-24T22:45:27+08:00,VERIFIED_TRUE,GitHub REST Actions,GITHUB_ACTION_RUN,Python Package using Conda,push -> failure,ky46738-ops,.github/workflows/python-package-conda.yml,23d3e978e9bd053ac5f539fb81dab96bc5ac81a9,30102367738,https://github.com/lkminiPhantomWorld/welcome/actions/runs/30102367738,run_number=72; branch=main; status=completed
2026-07-24T14:45:27Z,2026-07-24T22:45:27+08:00,VERIFIED_TRUE,GitHub REST Actions,GITHUB_ACTION_RUN,Deploy to GitHub Pages,push -> cancelled,ky46738-ops,.github/workflows/pages.yml,23d3e978e9bd053ac5f539fb81dab96bc5ac81a9,30102367647,https://github.com/lkminiPhantomWorld/welcome/actions/runs/30102367647,run_number=49; branch=main; status=completed
2026-07-24T14:45:27Z,2026-07-24T22:45:27+08:00,VERIFIED_TRUE,GitHub REST Actions,GITHUB_ACTION_RUN,Deploy verified welcome site to GitHub Pages,push -> cancelled,ky46738-ops,.github/workflows/deploy-pages.yml,23d3e978e9bd053ac5f539fb81dab96bc5ac81a9,30102367637,https://github.com/lkminiPhantomWorld/welcome/actions/runs/30102367637,run_number=36; branch=main; status=completed
2026-07-24T14:45:28Z,2026-07-24T22:45:28+08:00,VERIFIED_TRUE,GitHub REST Actions,GITHUB_ACTION_RUN,Deploy verified welcome site to GitHub Pages,push -> cancelled,ky46738-ops,.github/workflows/deploy-pages.yml,941aee8f3c212a24998a40b8bf7eec742971fc78,30102369493,https://github.com/lkminiPhantomWorld/welcome/actions/runs/30102369493,run_number=37; branch=main; status=completed
2026-07-24T14:45:28Z,2026-07-24T22:45:28+08:00,VERIFIED_TRUE,GitHub REST Actions,GITHUB_ACTION_RUN,Python Package using Conda,push -> failure,ky46738-ops,.github/workflows/python-package-conda.yml,941aee8f3c212a24998a40b8bf7eec742971fc78,30102369410,https://github.com/lkminiPhantomWorld/welcome/actions/runs/30102369410,run_number=73; branch=main; status=completed
2026-07-24T14:45:28Z,2026-07-24T22:45:28+08:00,VERIFIED_TRUE,GitHub REST Actions,GITHUB_ACTION_RUN,Deploy to GitHub Pages,push -> cancelled,ky46738-ops,.github/workflows/pages.yml,941aee8f3c212a24998a40b8bf7eec742971fc78,30102369335,https://github.com/lkminiPhantomWorld/welcome/actions/runs/30102369335,run_number=50; branch=main; status=completed
2026-07-24T14:45:28Z,2026-07-24T22:45:28+08:00,VERIFIED_TRUE,GitHub REST Actions,GITHUB_ACTION_RUN,Gatekeeper,push -> failure,ky46738-ops,.github/workflows/gatekeeper.yml,941aee8f3c212a24998a40b8bf7eec742971fc78,30102369320,https://github.com/lkminiPhantomWorld/welcome/actions/runs/30102369320,run_number=89; branch=main; status=completed
2026-07-24T14:45:30Z,2026-07-24T22:45:30+08:00,VERIFIED_TRUE,GitHub REST Actions,GITHUB_ACTION_RUN,Gatekeeper,push -> failure,ky46738-ops,.github/workflows/gatekeeper.yml,0287c6599810145c883a8e69d3b2d822f821351b,30102372272,https://github.com/lkminiPhantomWorld/welcome/actions/runs/30102372272,run_number=90; branch=main; status=completed
2026-07-24T14:45:30Z,2026-07-24T22:45:30+08:00,VERIFIED_TRUE,GitHub REST Actions,GITHUB_ACTION_RUN,Deploy to GitHub Pages,push -> cancelled,ky46738-ops,.github/workflows/pages.yml,0287c6599810145c883a8e69d3b2d822f821351b,30102372176,https://github.com/lkminiPhantomWorld/welcome/actions/runs/30102372176,run_number=51; branch=main; status=completed
2026-07-24T14:45:30Z,2026-07-24T22:45:30+08:00,VERIFIED_TRUE,GitHub REST Actions,GITHUB_ACTION_RUN,Deploy verified welcome site to GitHub Pages,push -> cancelled,ky46738-ops,.github/workflows/deploy-pages.yml,0287c6599810145c883a8e69d3b2d822f821351b,30102372127,https://github.com/lkminiPhantomWorld/welcome/actions/runs/30102372127,run_number=38; branch=main; status=completed
2026-07-24T14:45:30Z,2026-07-24T22:45:30+08:00,VERIFIED_TRUE,GitHub REST Actions,GITHUB_ACTION_RUN,Python Package using Conda,push -> failure,ky46738-ops,.github/workflows/python-package-conda.yml,0287c6599810145c883a8e69d3b2d822f821351b,30102372010,https://github.com/lkminiPhantomWorld/welcome/actions/runs/30102372010,run_number=74; branch=main; status=completed
2026-07-24T14:45:30Z,2026-07-24T22:45:30+08:00,VERIFIED_TRUE,GitHub REST Actions,GITHUB_ACTION_RUN,pages build and deployment,dynamic -> cancelled,ky46738-ops,dynamic/pages/pages-build-deployment,0287c6599810145c883a8e69d3b2d822f821351b,30102371747,https://github.com/lkminiPhantomWorld/welcome/actions/runs/30102371747,run_number=50; branch=main; status=completed
2026-07-24T14:45:30Z,2026-07-24T22:45:30+08:00,VERIFIED_TRUE,GitHub REST Actions,GITHUB_ACTION_RUN,Push on main,dynamic -> success,ky46738-ops,dynamic/github-code-scanning/codeql,0287c6599810145c883a8e69d3b2d822f821351b,30102371600,https://github.com/lkminiPhantomWorld/welcome/actions/runs/30102371600,run_number=62; branch=main; status=completed
2026-07-24T14:45:42Z,2026-07-24T22:45:42+08:00,VERIFIED_TRUE,local public git mirror,GITHUB_COMMIT_FILE,lkminiPhantomWorld/welcome,M PORTAL_SHA256SUMS,Kevin / committer Kevin,PORTAL_SHA256SUMS,b0ab33e4fbbbd3dea5eaa32be88cbdcbad27aaa8,,https://github.com/lkminiPhantomWorld/welcome/blob/b0ab33e4fbbbd3dea5eaa32be88cbdcbad27aaa8/PORTAL_SHA256SUMS,fix: 更新直接接線 SHA256
2026-07-24T14:45:44Z,2026-07-24T22:45:44+08:00,VERIFIED_TRUE,GitHub REST Actions,GITHUB_ACTION_RUN,pages build and deployment,dynamic -> success,ky46738-ops,dynamic/pages/pages-build-deployment,b0ab33e4fbbbd3dea5eaa32be88cbdcbad27aaa8,30102388200,https://github.com/lkminiPhantomWorld/welcome/actions/runs/30102388200,run_number=51; branch=main; status=completed
2026-07-24T14:45:44Z,2026-07-24T22:45:44+08:00,VERIFIED_TRUE,GitHub REST Actions,GITHUB_ACTION_RUN,Python Package using Conda,push -> failure,ky46738-ops,.github/workflows/python-package-conda.yml,b0ab33e4fbbbd3dea5eaa32be88cbdcbad27aaa8,30102388086,https://github.com/lkminiPhantomWorld/welcome/actions/runs/30102388086,run_number=75; branch=main; status=completed
2026-07-24T14:45:44Z,2026-07-24T22:45:44+08:00,VERIFIED_TRUE,GitHub REST Actions,GITHUB_ACTION_RUN,Gatekeeper,push -> failure,ky46738-ops,.github/workflows/gatekeeper.yml,b0ab33e4fbbbd3dea5eaa32be88cbdcbad27aaa8,30102388075,https://github.com/lkminiPhantomWorld/welcome/actions/runs/30102388075,run_number=91; branch=main; status=completed
2026-07-24T14:45:44Z,2026-07-24T22:45:44+08:00,VERIFIED_TRUE,GitHub REST Actions,GITHUB_ACTION_RUN,Deploy verified welcome site to GitHub Pages,push -> success,ky46738-ops,.github/workflows/deploy-pages.yml,b0ab33e4fbbbd3dea5eaa32be88cbdcbad27aaa8,30102388026,https://github.com/lkminiPhantomWorld/welcome/actions/runs/30102388026,run_number=39; branch=main; status=completed
2026-07-24T14:45:44Z,2026-07-24T22:45:44+08:00,VERIFIED_TRUE,GitHub REST Actions,GITHUB_ACTION_RUN,Deploy to GitHub Pages,push -> cancelled,ky46738-ops,.github/workflows/pages.yml,b0ab33e4fbbbd3dea5eaa32be88cbdcbad27aaa8,30102388015,https://github.com/lkminiPhantomWorld/welcome/actions/runs/30102388015,run_number=52; branch=main; status=completed
2026-07-24T14:45:44Z,2026-07-24T22:45:44+08:00,VERIFIED_TRUE,GitHub REST Actions,GITHUB_ACTION_RUN,Push on main,dynamic -> success,ky46738-ops,dynamic/github-code-scanning/codeql,b0ab33e4fbbbd3dea5eaa32be88cbdcbad27aaa8,30102387759,https://github.com/lkminiPhantomWorld/welcome/actions/runs/30102387759,run_number=63; branch=main; status=completed
2026-07-24T14:49:31Z,2026-07-24T22:49:31+08:00,VERIFIED_TRUE,local public git mirror,GITHUB_COMMIT_FILE,lkminiPhantomWorld/welcome,M mini/index.html,Kevin / committer Kevin,mini/index.html,256a2c5618a2f7552989da0e330f1e6481ef42c8,,https://github.com/lkminiPhantomWorld/welcome/blob/256a2c5618a2f7552989da0e330f1e6481ef42c8/mini/index.html,revert: 還原既有開源 MINI 頁面
2026-07-24T14:49:32Z,2026-07-24T22:49:32+08:00,VERIFIED_TRUE,local public git mirror,GITHUB_COMMIT_FILE,lkminiPhantomWorld/welcome,M PORTAL_LOCATOR.json,Kevin / committer Kevin,PORTAL_LOCATOR.json,e1436bac7d82b0966ef305550113746b1578afbf,,https://github.com/lkminiPhantomWorld/welcome/blob/e1436bac7d82b0966ef305550113746b1578afbf/PORTAL_LOCATOR.json,revert: 還原既有入口定位器
2026-07-24T14:49:33Z,2026-07-24T22:49:33+08:00,VERIFIED_TRUE,local public git mirror,GITHUB_COMMIT_FILE,lkminiPhantomWorld/welcome,M PORTAL_REVERSECHAIN.json,Kevin / committer Kevin,PORTAL_REVERSECHAIN.json,bf24f4b255171ca20b63671971a311ad10be7a54,,https://github.com/lkminiPhantomWorld/welcome/blob/bf24f4b255171ca20b63671971a311ad10be7a54/PORTAL_REVERSECHAIN.json,revert: 還原既有入口逆向鏈
2026-07-24T14:49:33Z,2026-07-24T22:49:33+08:00,VERIFIED_TRUE,GitHub REST Actions,GITHUB_ACTION_RUN,Deploy verified welcome site to GitHub Pages,push -> cancelled,ky46738-ops,.github/workflows/deploy-pages.yml,256a2c5618a2f7552989da0e330f1e6481ef42c8,30102654668,https://github.com/lkminiPhantomWorld/welcome/actions/runs/30102654668,run_number=40; branch=main; status=completed
2026-07-24T14:49:33Z,2026-07-24T22:49:33+08:00,VERIFIED_TRUE,GitHub REST Actions,GITHUB_ACTION_RUN,Python Package using Conda,push -> failure,ky46738-ops,.github/workflows/python-package-conda.yml,256a2c5618a2f7552989da0e330f1e6481ef42c8,30102654599,https://github.com/lkminiPhantomWorld/welcome/actions/runs/30102654599,run_number=76; branch=main; status=completed
2026-07-24T14:49:33Z,2026-07-24T22:49:33+08:00,VERIFIED_TRUE,GitHub REST Actions,GITHUB_ACTION_RUN,Deploy to GitHub Pages,push -> cancelled,ky46738-ops,.github/workflows/pages.yml,256a2c5618a2f7552989da0e330f1e6481ef42c8,30102654562,https://github.com/lkminiPhantomWorld/welcome/actions/runs/30102654562,run_number=53; branch=main; status=completed
2026-07-24T14:49:33Z,2026-07-24T22:49:33+08:00,VERIFIED_TRUE,GitHub REST Actions,GITHUB_ACTION_RUN,Gatekeeper,push -> failure,ky46738-ops,.github/workflows/gatekeeper.yml,256a2c5618a2f7552989da0e330f1e6481ef42c8,30102654554,https://github.com/lkminiPhantomWorld/welcome/actions/runs/30102654554,run_number=92; branch=main; status=completed
2026-07-24T14:49:33Z,2026-07-24T22:49:33+08:00,VERIFIED_TRUE,GitHub REST Actions,GITHUB_ACTION_RUN,Push on main,dynamic -> success,ky46738-ops,dynamic/github-code-scanning/codeql,256a2c5618a2f7552989da0e330f1e6481ef42c8,30102654134,https://github.com/lkminiPhantomWorld/welcome/actions/runs/30102654134,run_number=64; branch=main; status=completed
2026-07-24T14:49:33Z,2026-07-24T22:49:33+08:00,VERIFIED_TRUE,GitHub REST Actions,GITHUB_ACTION_RUN,pages build and deployment,dynamic -> cancelled,ky46738-ops,dynamic/pages/pages-build-deployment,256a2c5618a2f7552989da0e330f1e6481ef42c8,30102654052,https://github.com/lkminiPhantomWorld/welcome/actions/runs/30102654052,run_number=52; branch=main; status=completed
2026-07-24T14:49:34Z,2026-07-24T22:49:34+08:00,VERIFIED_TRUE,GitHub REST Actions,GITHUB_ACTION_RUN,Push on main,dynamic -> success,ky46738-ops,dynamic/github-code-scanning/codeql,e1436bac7d82b0966ef305550113746b1578afbf,30102655738,https://github.com/lkminiPhantomWorld/welcome/actions/runs/30102655738,run_number=65; branch=main; status=completed
2026-07-24T14:49:34Z,2026-07-24T22:49:34+08:00,VERIFIED_TRUE,GitHub REST Actions,GITHUB_ACTION_RUN,pages build and deployment,dynamic -> cancelled,ky46738-ops,dynamic/pages/pages-build-deployment,e1436bac7d82b0966ef305550113746b1578afbf,30102655737,https://github.com/lkminiPhantomWorld/welcome/actions/runs/30102655737,run_number=53; branch=main; status=completed
2026-07-24T14:49:35Z,2026-07-24T22:49:35+08:00,VERIFIED_TRUE,local public git mirror,GITHUB_COMMIT_FILE,lkminiPhantomWorld/welcome,M PORTAL_SHA256SUMS,Kevin / committer Kevin,PORTAL_SHA256SUMS,a82282426e5d6e683c1065094122f628c570552f,,https://github.com/lkminiPhantomWorld/welcome/blob/a82282426e5d6e683c1065094122f628c570552f/PORTAL_SHA256SUMS,revert: 還原既有入口 SHA256
2026-07-24T14:49:35Z,2026-07-24T22:49:35+08:00,VERIFIED_TRUE,GitHub REST Actions,GITHUB_ACTION_RUN,Python Package using Conda,push -> failure,ky46738-ops,.github/workflows/python-package-conda.yml,e1436bac7d82b0966ef305550113746b1578afbf,30102656520,https://github.com/lkminiPhantomWorld/welcome/actions/runs/30102656520,run_number=77; branch=main; status=completed
2026-07-24T14:49:35Z,2026-07-24T22:49:35+08:00,VERIFIED_TRUE,GitHub REST Actions,GITHUB_ACTION_RUN,Gatekeeper,push -> failure,ky46738-ops,.github/workflows/gatekeeper.yml,e1436bac7d82b0966ef305550113746b1578afbf,30102656507,https://github.com/lkminiPhantomWorld/welcome/actions/runs/30102656507,run_number=93; branch=main; status=completed
2026-07-24T14:49:35Z,2026-07-24T22:49:35+08:00,VERIFIED_TRUE,GitHub REST Actions,GITHUB_ACTION_RUN,Deploy to GitHub Pages,push -> cancelled,ky46738-ops,.github/workflows/pages.yml,e1436bac7d82b0966ef305550113746b1578afbf,30102656452,https://github.com/lkminiPhantomWorld/welcome/actions/runs/30102656452,run_number=54; branch=main; status=completed
2026-07-24T14:49:35Z,2026-07-24T22:49:35+08:00,VERIFIED_TRUE,GitHub REST Actions,GITHUB_ACTION_RUN,Deploy verified welcome site to GitHub Pages,push -> cancelled,ky46738-ops,.github/workflows/deploy-pages.yml,e1436bac7d82b0966ef305550113746b1578afbf,30102656449,https://github.com/lkminiPhantomWorld/welcome/actions/runs/30102656449,run_number=41; branch=main; status=completed
2026-07-24T14:49:36Z,2026-07-24T22:49:36+08:00,VERIFIED_TRUE,GitHub REST Actions,GITHUB_ACTION_RUN,Deploy verified welcome site to GitHub Pages,push -> cancelled,ky46738-ops,.github/workflows/deploy-pages.yml,bf24f4b255171ca20b63671971a311ad10be7a54,30102658010,https://github.com/lkminiPhantomWorld/welcome/actions/runs/30102658010,run_number=42; branch=main; status=completed
2026-07-24T14:49:36Z,2026-07-24T22:49:36+08:00,VERIFIED_TRUE,GitHub REST Actions,GITHUB_ACTION_RUN,Gatekeeper,push -> failure,ky46738-ops,.github/workflows/gatekeeper.yml,bf24f4b255171ca20b63671971a311ad10be7a54,30102657948,https://github.com/lkminiPhantomWorld/welcome/actions/runs/30102657948,run_number=94; branch=main; status=completed
2026-07-24T14:49:36Z,2026-07-24T22:49:36+08:00,VERIFIED_TRUE,GitHub REST Actions,GITHUB_ACTION_RUN,pages build and deployment,dynamic -> cancelled,ky46738-ops,dynamic/pages/pages-build-deployment,a82282426e5d6e683c1065094122f628c570552f,30102657847,https://github.com/lkminiPhantomWorld/welcome/actions/runs/30102657847,run_number=54; branch=main; status=completed
2026-07-24T14:49:36Z,2026-07-24T22:49:36+08:00,VERIFIED_TRUE,GitHub REST Actions,GITHUB_ACTION_RUN,Deploy to GitHub Pages,push -> cancelled,ky46738-ops,.github/workflows/pages.yml,bf24f4b255171ca20b63671971a311ad10be7a54,30102657842,https://github.com/lkminiPhantomWorld/welcome/actions/runs/30102657842,run_number=55; branch=main; status=completed
2026-07-24T14:49:36Z,2026-07-24T22:49:36+08:00,VERIFIED_TRUE,GitHub REST Actions,GITHUB_ACTION_RUN,Python Package using Conda,push -> failure,ky46738-ops,.github/workflows/python-package-conda.yml,bf24f4b255171ca20b63671971a311ad10be7a54,30102657819,https://github.com/lkminiPhantomWorld/welcome/actions/runs/30102657819,run_number=78; branch=main; status=completed
2026-07-24T14:49:36Z,2026-07-24T22:49:36+08:00,VERIFIED_TRUE,GitHub REST Actions,GITHUB_ACTION_RUN,Push on main,dynamic -> success,ky46738-ops,dynamic/github-code-scanning/codeql,bf24f4b255171ca20b63671971a311ad10be7a54,30102657423,https://github.com/lkminiPhantomWorld/welcome/actions/runs/30102657423,run_number=66; branch=main; status=completed
2026-07-24T14:49:37Z,2026-07-24T22:49:37+08:00,VERIFIED_TRUE,GitHub REST Actions,GITHUB_ACTION_RUN,Deploy verified welcome site to GitHub Pages,push -> success,ky46738-ops,.github/workflows/deploy-pages.yml,a82282426e5d6e683c1065094122f628c570552f,30102659692,https://github.com/lkminiPhantomWorld/welcome/actions/runs/30102659692,run_number=43; branch=main; status=completed
2026-07-24T14:49:37Z,2026-07-24T22:49:37+08:00,VERIFIED_TRUE,GitHub REST Actions,GITHUB_ACTION_RUN,Gatekeeper,push -> failure,ky46738-ops,.github/workflows/gatekeeper.yml,a82282426e5d6e683c1065094122f628c570552f,30102659690,https://github.com/lkminiPhantomWorld/welcome/actions/runs/30102659690,run_number=95; branch=main; status=completed
2026-07-24T14:49:37Z,2026-07-24T22:49:37+08:00,VERIFIED_TRUE,GitHub REST Actions,GITHUB_ACTION_RUN,Python Package using Conda,push -> failure,ky46738-ops,.github/workflows/python-package-conda.yml,a82282426e5d6e683c1065094122f628c570552f,30102659668,https://github.com/lkminiPhantomWorld/welcome/actions/runs/30102659668,run_number=79; branch=main; status=completed
2026-07-24T14:49:37Z,2026-07-24T22:49:37+08:00,VERIFIED_TRUE,GitHub REST Actions,GITHUB_ACTION_RUN,Deploy to GitHub Pages,push -> cancelled,ky46738-ops,.github/workflows/pages.yml,a82282426e5d6e683c1065094122f628c570552f,30102659560,https://github.com/lkminiPhantomWorld/welcome/actions/runs/30102659560,run_number=56; branch=main; status=completed
2026-07-24T14:49:37Z,2026-07-24T22:49:37+08:00,VERIFIED_TRUE,GitHub REST Actions,GITHUB_ACTION_RUN,pages build and deployment,dynamic -> success,ky46738-ops,dynamic/pages/pages-build-deployment,a82282426e5d6e683c1065094122f628c570552f,30102659498,https://github.com/lkminiPhantomWorld/welcome/actions/runs/30102659498,run_number=55; branch=main; status=completed
2026-07-24T14:49:37Z,2026-07-24T22:49:37+08:00,VERIFIED_TRUE,GitHub REST Actions,GITHUB_ACTION_RUN,Push on main,dynamic -> success,ky46738-ops,dynamic/github-code-scanning/codeql,a82282426e5d6e683c1065094122f628c570552f,30102659061,https://github.com/lkminiPhantomWorld/welcome/actions/runs/30102659061,run_number=67; branch=main; status=completed
2026-07-24T14:55:59Z,2026-07-24T22:55:59+08:00,VERIFIED_TRUE,local public git mirror,GITHUB_COMMIT_FILE,lkminiPhantomWorld/welcome,M mini/index.html,Kevin / committer Kevin,mini/index.html,5f6fe4bcee8c670f8ee7dca5e83202c9f7fb35a1,,https://github.com/lkminiPhantomWorld/welcome/blob/5f6fe4bcee8c670f8ee7dca5e83202c9f7fb35a1/mini/index.html,fix: 將既有傳送門接到現成私有系統庫
2026-07-24T14:56:01Z,2026-07-24T22:56:01+08:00,VERIFIED_TRUE,GitHub REST Actions,GITHUB_ACTION_RUN,Deploy to GitHub Pages,push -> cancelled,ky46738-ops,.github/workflows/pages.yml,5f6fe4bcee8c670f8ee7dca5e83202c9f7fb35a1,30103117839,https://github.com/lkminiPhantomWorld/welcome/actions/runs/30103117839,run_number=57; branch=main; status=completed
2026-07-24T14:56:01Z,2026-07-24T22:56:01+08:00,VERIFIED_TRUE,GitHub REST Actions,GITHUB_ACTION_RUN,Gatekeeper,push -> failure,ky46738-ops,.github/workflows/gatekeeper.yml,5f6fe4bcee8c670f8ee7dca5e83202c9f7fb35a1,30103117799,https://github.com/lkminiPhantomWorld/welcome/actions/runs/30103117799,run_number=96; branch=main; status=completed
2026-07-24T14:56:01Z,2026-07-24T22:56:01+08:00,VERIFIED_TRUE,GitHub REST Actions,GITHUB_ACTION_RUN,Python Package using Conda,push -> failure,ky46738-ops,.github/workflows/python-package-conda.yml,5f6fe4bcee8c670f8ee7dca5e83202c9f7fb35a1,30103117790,https://github.com/lkminiPhantomWorld/welcome/actions/runs/30103117790,run_number=80; branch=main; status=completed
2026-07-24T14:56:01Z,2026-07-24T22:56:01+08:00,VERIFIED_TRUE,GitHub REST Actions,GITHUB_ACTION_RUN,Deploy verified welcome site to GitHub Pages,push -> failure,ky46738-ops,.github/workflows/deploy-pages.yml,5f6fe4bcee8c670f8ee7dca5e83202c9f7fb35a1,30103117781,https://github.com/lkminiPhantomWorld/welcome/actions/runs/30103117781,run_number=44; branch=main; status=completed
2026-07-24T14:56:01Z,2026-07-24T22:56:01+08:00,VERIFIED_TRUE,GitHub REST Actions,GITHUB_ACTION_RUN,Push on main,dynamic -> success,ky46738-ops,dynamic/github-code-scanning/codeql,5f6fe4bcee8c670f8ee7dca5e83202c9f7fb35a1,30103117492,https://github.com/lkminiPhantomWorld/welcome/actions/runs/30103117492,run_number=68; branch=main; status=completed
2026-07-24T14:56:01Z,2026-07-24T22:56:01+08:00,VERIFIED_TRUE,GitHub REST Actions,GITHUB_ACTION_RUN,pages build and deployment,dynamic -> cancelled,ky46738-ops,dynamic/pages/pages-build-deployment,5f6fe4bcee8c670f8ee7dca5e83202c9f7fb35a1,30103117193,https://github.com/lkminiPhantomWorld/welcome/actions/runs/30103117193,run_number=56; branch=main; status=completed
2026-07-24T14:56:11Z,2026-07-24T22:56:11+08:00,VERIFIED_TRUE,local public git mirror,GITHUB_COMMIT_FILE,lkminiPhantomWorld/welcome,M PORTAL_SHA256SUMS,Kevin / committer Kevin,PORTAL_SHA256SUMS,837e87a4878de66a1491c6780a15ac169c55ab97,,https://github.com/lkminiPhantomWorld/welcome/blob/837e87a4878de66a1491c6780a15ac169c55ab97/PORTAL_SHA256SUMS,chore: 更新傳送門校驗值
2026-07-24T14:56:13Z,2026-07-24T22:56:13+08:00,VERIFIED_TRUE,GitHub REST Actions,GITHUB_ACTION_RUN,pages build and deployment,dynamic -> success,ky46738-ops,dynamic/pages/pages-build-deployment,837e87a4878de66a1491c6780a15ac169c55ab97,30103131456,https://github.com/lkminiPhantomWorld/welcome/actions/runs/30103131456,run_number=57; branch=main; status=completed
2026-07-24T14:56:13Z,2026-07-24T22:56:13+08:00,VERIFIED_TRUE,GitHub REST Actions,GITHUB_ACTION_RUN,Push on main,dynamic -> success,ky46738-ops,dynamic/github-code-scanning/codeql,837e87a4878de66a1491c6780a15ac169c55ab97,30103131320,https://github.com/lkminiPhantomWorld/welcome/actions/runs/30103131320,run_number=69; branch=main; status=completed
2026-07-24T14:56:14Z,2026-07-24T22:56:14+08:00,VERIFIED_TRUE,GitHub REST Actions,GITHUB_ACTION_RUN,Gatekeeper,push -> failure,ky46738-ops,.github/workflows/gatekeeper.yml,837e87a4878de66a1491c6780a15ac169c55ab97,30103132313,https://github.com/lkminiPhantomWorld/welcome/actions/runs/30103132313,run_number=97; branch=main; status=completed
2026-07-24T14:56:14Z,2026-07-24T22:56:14+08:00,VERIFIED_TRUE,GitHub REST Actions,GITHUB_ACTION_RUN,Python Package using Conda,push -> failure,ky46738-ops,.github/workflows/python-package-conda.yml,837e87a4878de66a1491c6780a15ac169c55ab97,30103132237,https://github.com/lkminiPhantomWorld/welcome/actions/runs/30103132237,run_number=81; branch=main; status=completed
2026-07-24T14:56:14Z,2026-07-24T22:56:14+08:00,VERIFIED_TRUE,GitHub REST Actions,GITHUB_ACTION_RUN,Deploy verified welcome site to GitHub Pages,push -> failure,ky46738-ops,.github/workflows/deploy-pages.yml,837e87a4878de66a1491c6780a15ac169c55ab97,30103132028,https://github.com/lkminiPhantomWorld/welcome/actions/runs/30103132028,run_number=45; branch=main; status=completed
2026-07-24T14:56:14Z,2026-07-24T22:56:14+08:00,VERIFIED_TRUE,GitHub REST Actions,GITHUB_ACTION_RUN,Deploy to GitHub Pages,push -> cancelled,ky46738-ops,.github/workflows/pages.yml,837e87a4878de66a1491c6780a15ac169c55ab97,30103131936,https://github.com/lkminiPhantomWorld/welcome/actions/runs/30103131936,run_number=58; branch=main; status=completed
2026-07-24T15:13:26Z,2026-07-24T23:13:26+08:00,VERIFIED_TRUE,local public git mirror,GITHUB_COMMIT_FILE,lkminiPhantomWorld/welcome,M mini/index.html,Kevin / committer Kevin,mini/index.html,9235f92b8b1c23abe898c292e43cdaff5d6f30c0,,https://github.com/lkminiPhantomWorld/welcome/blob/9235f92b8b1c23abe898c292e43cdaff5d6f30c0/mini/index.html,fix: 還原紅色標籤後的幻影世界 Reader
2026-07-24T15:13:30Z,2026-07-24T23:13:30+08:00,VERIFIED_TRUE,GitHub REST Actions,GITHUB_ACTION_RUN,pages build and deployment,dynamic -> cancelled,ky46738-ops,dynamic/pages/pages-build-deployment,9235f92b8b1c23abe898c292e43cdaff5d6f30c0,30104359719,https://github.com/lkminiPhantomWorld/welcome/actions/runs/30104359719,run_number=58; branch=main; status=completed
2026-07-24T15:13:30Z,2026-07-24T23:13:30+08:00,VERIFIED_TRUE,GitHub REST Actions,GITHUB_ACTION_RUN,Push on main,dynamic -> success,ky46738-ops,dynamic/github-code-scanning/codeql,9235f92b8b1c23abe898c292e43cdaff5d6f30c0,30104359636,https://github.com/lkminiPhantomWorld/welcome/actions/runs/30104359636,run_number=70; branch=main; status=completed
2026-07-24T15:13:31Z,2026-07-24T23:13:31+08:00,VERIFIED_TRUE,GitHub REST Actions,GITHUB_ACTION_RUN,Deploy verified welcome site to GitHub Pages,push -> cancelled,ky46738-ops,.github/workflows/deploy-pages.yml,9235f92b8b1c23abe898c292e43cdaff5d6f30c0,30104360629,https://github.com/lkminiPhantomWorld/welcome/actions/runs/30104360629,run_number=46; branch=main; status=completed
2026-07-24T15:13:31Z,2026-07-24T23:13:31+08:00,VERIFIED_TRUE,GitHub REST Actions,GITHUB_ACTION_RUN,Gatekeeper,push -> failure,ky46738-ops,.github/workflows/gatekeeper.yml,9235f92b8b1c23abe898c292e43cdaff5d6f30c0,30104360552,https://github.com/lkminiPhantomWorld/welcome/actions/runs/30104360552,run_number=98; branch=main; status=completed
2026-07-24T15:13:31Z,2026-07-24T23:13:31+08:00,VERIFIED_TRUE,GitHub REST Actions,GITHUB_ACTION_RUN,Python Package using Conda,push -> failure,ky46738-ops,.github/workflows/python-package-conda.yml,9235f92b8b1c23abe898c292e43cdaff5d6f30c0,30104360545,https://github.com/lkminiPhantomWorld/welcome/actions/runs/30104360545,run_number=82; branch=main; status=completed
2026-07-24T15:13:31Z,2026-07-24T23:13:31+08:00,VERIFIED_TRUE,GitHub REST Actions,GITHUB_ACTION_RUN,Deploy to GitHub Pages,push -> cancelled,ky46738-ops,.github/workflows/pages.yml,9235f92b8b1c23abe898c292e43cdaff5d6f30c0,30104360415,https://github.com/lkminiPhantomWorld/welcome/actions/runs/30104360415,run_number=59; branch=main; status=completed
2026-07-24T15:13:40Z,2026-07-24T23:13:40+08:00,VERIFIED_TRUE,local public git mirror,GITHUB_COMMIT_FILE,lkminiPhantomWorld/welcome,M PORTAL_SHA256SUMS,Kevin / committer Kevin,PORTAL_SHA256SUMS,cb5403ae1a71fbacf9ae94b5f3fe3de6db66c69c,,https://github.com/lkminiPhantomWorld/welcome/blob/cb5403ae1a71fbacf9ae94b5f3fe3de6db66c69c/PORTAL_SHA256SUMS,chore: 更新 Reader 入口校驗值
2026-07-24T15:13:43Z,2026-07-24T23:13:43+08:00,VERIFIED_TRUE,GitHub REST Actions,GITHUB_ACTION_RUN,pages build and deployment,dynamic -> success,ky46738-ops,dynamic/pages/pages-build-deployment,cb5403ae1a71fbacf9ae94b5f3fe3de6db66c69c,30104375427,https://github.com/lkminiPhantomWorld/welcome/actions/runs/30104375427,run_number=59; branch=main; status=completed
2026-07-24T15:13:43Z,2026-07-24T23:13:43+08:00,VERIFIED_TRUE,GitHub REST Actions,GITHUB_ACTION_RUN,Deploy verified welcome site to GitHub Pages,push -> failure,ky46738-ops,.github/workflows/deploy-pages.yml,cb5403ae1a71fbacf9ae94b5f3fe3de6db66c69c,30104375326,https://github.com/lkminiPhantomWorld/welcome/actions/runs/30104375326,run_number=47; branch=main; status=completed
2026-07-24T15:13:43Z,2026-07-24T23:13:43+08:00,VERIFIED_TRUE,GitHub REST Actions,GITHUB_ACTION_RUN,Python Package using Conda,push -> failure,ky46738-ops,.github/workflows/python-package-conda.yml,cb5403ae1a71fbacf9ae94b5f3fe3de6db66c69c,30104375276,https://github.com/lkminiPhantomWorld/welcome/actions/runs/30104375276,run_number=83; branch=main; status=completed
2026-07-24T15:13:43Z,2026-07-24T23:13:43+08:00,VERIFIED_TRUE,GitHub REST Actions,GITHUB_ACTION_RUN,Gatekeeper,push -> failure,ky46738-ops,.github/workflows/gatekeeper.yml,cb5403ae1a71fbacf9ae94b5f3fe3de6db66c69c,30104375267,https://github.com/lkminiPhantomWorld/welcome/actions/runs/30104375267,run_number=99; branch=main; status=completed
2026-07-24T15:13:43Z,2026-07-24T23:13:43+08:00,VERIFIED_TRUE,GitHub REST Actions,GITHUB_ACTION_RUN,Deploy to GitHub Pages,push -> cancelled,ky46738-ops,.github/workflows/pages.yml,cb5403ae1a71fbacf9ae94b5f3fe3de6db66c69c,30104375261,https://github.com/lkminiPhantomWorld/welcome/actions/runs/30104375261,run_number=60; branch=main; status=completed
2026-07-24T15:13:43Z,2026-07-24T23:13:43+08:00,VERIFIED_TRUE,GitHub REST Actions,GITHUB_ACTION_RUN,Push on main,dynamic -> success,ky46738-ops,dynamic/github-code-scanning/codeql,cb5403ae1a71fbacf9ae94b5f3fe3de6db66c69c,30104374985,https://github.com/lkminiPhantomWorld/welcome/actions/runs/30104374985,run_number=71; branch=main; status=completed
2026-07-24T15:17:30Z,2026-07-24T23:17:30+08:00,VERIFIED_TRUE,local public git mirror,GITHUB_COMMIT_FILE,lkminiPhantomWorld/welcome,M mini/index.html,Kevin / committer Kevin,mini/index.html,10f89d5ad08f260509bcba850c4fa9caa8bcc21b,,https://github.com/lkminiPhantomWorld/welcome/blob/10f89d5ad08f260509bcba850c4fa9caa8bcc21b/mini/index.html,fix: 校正 Reader 正式文字
2026-07-24T15:17:32Z,2026-07-24T23:17:32+08:00,VERIFIED_TRUE,GitHub REST Actions,GITHUB_ACTION_RUN,Push on main,dynamic -> success,ky46738-ops,dynamic/github-code-scanning/codeql,10f89d5ad08f260509bcba850c4fa9caa8bcc21b,30104648239,https://github.com/lkminiPhantomWorld/welcome/actions/runs/30104648239,run_number=72; branch=main; status=completed
2026-07-24T15:17:32Z,2026-07-24T23:17:32+08:00,VERIFIED_TRUE,GitHub REST Actions,GITHUB_ACTION_RUN,pages build and deployment,dynamic -> success,ky46738-ops,dynamic/pages/pages-build-deployment,10f89d5ad08f260509bcba850c4fa9caa8bcc21b,30104647984,https://github.com/lkminiPhantomWorld/welcome/actions/runs/30104647984,run_number=60; branch=main; status=completed
2026-07-24T15:17:33Z,2026-07-24T23:17:33+08:00,VERIFIED_TRUE,GitHub REST Actions,GITHUB_ACTION_RUN,Deploy to GitHub Pages,push -> success,ky46738-ops,.github/workflows/pages.yml,10f89d5ad08f260509bcba850c4fa9caa8bcc21b,30104648610,https://github.com/lkminiPhantomWorld/welcome/actions/runs/30104648610,run_number=61; branch=main; status=completed
2026-07-24T15:17:33Z,2026-07-24T23:17:33+08:00,VERIFIED_TRUE,GitHub REST Actions,GITHUB_ACTION_RUN,Deploy verified welcome site to GitHub Pages,push -> failure,ky46738-ops,.github/workflows/deploy-pages.yml,10f89d5ad08f260509bcba850c4fa9caa8bcc21b,30104648595,https://github.com/lkminiPhantomWorld/welcome/actions/runs/30104648595,run_number=48; branch=main; status=completed
2026-07-24T15:17:33Z,2026-07-24T23:17:33+08:00,VERIFIED_TRUE,GitHub REST Actions,GITHUB_ACTION_RUN,Python Package using Conda,push -> failure,ky46738-ops,.github/workflows/python-package-conda.yml,10f89d5ad08f260509bcba850c4fa9caa8bcc21b,30104648584,https://github.com/lkminiPhantomWorld/welcome/actions/runs/30104648584,run_number=84; branch=main; status=completed
2026-07-24T15:17:33Z,2026-07-24T23:17:33+08:00,VERIFIED_TRUE,GitHub REST Actions,GITHUB_ACTION_RUN,Gatekeeper,push -> failure,ky46738-ops,.github/workflows/gatekeeper.yml,10f89d5ad08f260509bcba850c4fa9caa8bcc21b,30104648513,https://github.com/lkminiPhantomWorld/welcome/actions/runs/30104648513,run_number=100; branch=main; status=completed
2026-07-24T15:18:19Z,2026-07-24T23:18:19+08:00,VERIFIED_TRUE,local public git mirror,GITHUB_COMMIT_FILE,lkminiPhantomWorld/welcome,M PORTAL_SHA256SUMS,Kevin / committer Kevin,PORTAL_SHA256SUMS,4a08509c6d5c3728253cc6435422fb181d4556eb,,https://github.com/lkminiPhantomWorld/welcome/blob/4a08509c6d5c3728253cc6435422fb181d4556eb/PORTAL_SHA256SUMS,chore: 更新正式 Reader 校驗值
2026-07-24T15:18:21Z,2026-07-24T23:18:21+08:00,VERIFIED_TRUE,GitHub REST Actions,GITHUB_ACTION_RUN,Push on main,dynamic -> success,ky46738-ops,dynamic/github-code-scanning/codeql,4a08509c6d5c3728253cc6435422fb181d4556eb,30104705507,https://github.com/lkminiPhantomWorld/welcome/actions/runs/30104705507,run_number=73; branch=main; status=completed
2026-07-24T15:18:22Z,2026-07-24T23:18:22+08:00,VERIFIED_TRUE,GitHub REST Actions,GITHUB_ACTION_RUN,Deploy verified welcome site to GitHub Pages,push -> failure,ky46738-ops,.github/workflows/deploy-pages.yml,4a08509c6d5c3728253cc6435422fb181d4556eb,30104706662,https://github.com/lkminiPhantomWorld/welcome/actions/runs/30104706662,run_number=49; branch=main; status=completed
2026-07-24T15:18:22Z,2026-07-24T23:18:22+08:00,VERIFIED_TRUE,GitHub REST Actions,GITHUB_ACTION_RUN,Deploy to GitHub Pages,push -> cancelled,ky46738-ops,.github/workflows/pages.yml,4a08509c6d5c3728253cc6435422fb181d4556eb,30104706644,https://github.com/lkminiPhantomWorld/welcome/actions/runs/30104706644,run_number=62; branch=main; status=completed
2026-07-24T15:18:22Z,2026-07-24T23:18:22+08:00,VERIFIED_TRUE,GitHub REST Actions,GITHUB_ACTION_RUN,Gatekeeper,push -> failure,ky46738-ops,.github/workflows/gatekeeper.yml,4a08509c6d5c3728253cc6435422fb181d4556eb,30104706528,https://github.com/lkminiPhantomWorld/welcome/actions/runs/30104706528,run_number=101; branch=main; status=completed
2026-07-24T15:18:22Z,2026-07-24T23:18:22+08:00,VERIFIED_TRUE,GitHub REST Actions,GITHUB_ACTION_RUN,Python Package using Conda,push -> failure,ky46738-ops,.github/workflows/python-package-conda.yml,4a08509c6d5c3728253cc6435422fb181d4556eb,30104706498,https://github.com/lkminiPhantomWorld/welcome/actions/runs/30104706498,run_number=85; branch=main; status=completed
2026-07-24T15:18:22Z,2026-07-24T23:18:22+08:00,VERIFIED_TRUE,GitHub REST Actions,GITHUB_ACTION_RUN,pages build and deployment,dynamic -> success,ky46738-ops,dynamic/pages/pages-build-deployment,4a08509c6d5c3728253cc6435422fb181d4556eb,30104705782,https://github.com/lkminiPhantomWorld/welcome/actions/runs/30104705782,run_number=61; branch=main; status=completed
2026-07-24T15:20:49Z,2026-07-24T23:20:49+08:00,VERIFIED_TRUE,local public git mirror,GITHUB_COMMIT_FILE,lkminiPhantomWorld/welcome,M mini/index.html,Kevin / committer Kevin,mini/index.html,ef112b7bfe76f97e3929f95f6c8c49ab504fb628,,https://github.com/lkminiPhantomWorld/welcome/blob/ef112b7bfe76f97e3929f95f6c8c49ab504fb628/mini/index.html,fix: 將 Reader 範例改為系統入口
2026-07-24T15:20:51Z,2026-07-24T23:20:51+08:00,VERIFIED_TRUE,GitHub REST Actions,GITHUB_ACTION_RUN,Python Package using Conda,push -> failure,ky46738-ops,.github/workflows/python-package-conda.yml,ef112b7bfe76f97e3929f95f6c8c49ab504fb628,30104884093,https://github.com/lkminiPhantomWorld/welcome/actions/runs/30104884093,run_number=86; branch=main; status=completed
2026-07-24T15:20:51Z,2026-07-24T23:20:51+08:00,VERIFIED_TRUE,GitHub REST Actions,GITHUB_ACTION_RUN,Deploy verified welcome site to GitHub Pages,push -> failure,ky46738-ops,.github/workflows/deploy-pages.yml,ef112b7bfe76f97e3929f95f6c8c49ab504fb628,30104884028,https://github.com/lkminiPhantomWorld/welcome/actions/runs/30104884028,run_number=50; branch=main; status=completed
2026-07-24T15:20:51Z,2026-07-24T23:20:51+08:00,VERIFIED_TRUE,GitHub REST Actions,GITHUB_ACTION_RUN,Deploy to GitHub Pages,push -> cancelled,ky46738-ops,.github/workflows/pages.yml,ef112b7bfe76f97e3929f95f6c8c49ab504fb628,30104884019,https://github.com/lkminiPhantomWorld/welcome/actions/runs/30104884019,run_number=63; branch=main; status=completed
2026-07-24T15:20:51Z,2026-07-24T23:20:51+08:00,VERIFIED_TRUE,GitHub REST Actions,GITHUB_ACTION_RUN,Gatekeeper,push -> failure,ky46738-ops,.github/workflows/gatekeeper.yml,ef112b7bfe76f97e3929f95f6c8c49ab504fb628,30104883961,https://github.com/lkminiPhantomWorld/welcome/actions/runs/30104883961,run_number=102; branch=main; status=completed
2026-07-24T15:20:51Z,2026-07-24T23:20:51+08:00,VERIFIED_TRUE,GitHub REST Actions,GITHUB_ACTION_RUN,Push on main,dynamic -> success,ky46738-ops,dynamic/github-code-scanning/codeql,ef112b7bfe76f97e3929f95f6c8c49ab504fb628,30104883728,https://github.com/lkminiPhantomWorld/welcome/actions/runs/30104883728,run_number=74; branch=main; status=completed
2026-07-24T15:20:51Z,2026-07-24T23:20:51+08:00,VERIFIED_TRUE,GitHub REST Actions,GITHUB_ACTION_RUN,pages build and deployment,dynamic -> success,ky46738-ops,dynamic/pages/pages-build-deployment,ef112b7bfe76f97e3929f95f6c8c49ab504fb628,30104883701,https://github.com/lkminiPhantomWorld/welcome/actions/runs/30104883701,run_number=62; branch=main; status=completed
2026-07-24T15:21:36Z,2026-07-24T23:21:36+08:00,VERIFIED_TRUE,local public git mirror,GITHUB_COMMIT_FILE,lkminiPhantomWorld/welcome,M mini/index.html,Kevin / committer Kevin,mini/index.html,d0f063d2307d2b76781f58fb732c4707882e6720,,https://github.com/lkminiPhantomWorld/welcome/blob/d0f063d2307d2b76781f58fb732c4707882e6720/mini/index.html,fix: 清除 Reader 輸入框角色殘留
2026-07-24T15:21:39Z,2026-07-24T23:21:39+08:00,VERIFIED_TRUE,GitHub REST Actions,GITHUB_ACTION_RUN,Deploy to GitHub Pages,push -> success,ky46738-ops,.github/workflows/pages.yml,d0f063d2307d2b76781f58fb732c4707882e6720,30104938984,https://github.com/lkminiPhantomWorld/welcome/actions/runs/30104938984,run_number=64; branch=main; status=completed
2026-07-24T15:21:39Z,2026-07-24T23:21:39+08:00,VERIFIED_TRUE,GitHub REST Actions,GITHUB_ACTION_RUN,Gatekeeper,push -> failure,ky46738-ops,.github/workflows/gatekeeper.yml,d0f063d2307d2b76781f58fb732c4707882e6720,30104938962,https://github.com/lkminiPhantomWorld/welcome/actions/runs/30104938962,run_number=103; branch=main; status=completed
2026-07-24T15:21:39Z,2026-07-24T23:21:39+08:00,VERIFIED_TRUE,GitHub REST Actions,GITHUB_ACTION_RUN,Deploy verified welcome site to GitHub Pages,push -> failure,ky46738-ops,.github/workflows/deploy-pages.yml,d0f063d2307d2b76781f58fb732c4707882e6720,30104938944,https://github.com/lkminiPhantomWorld/welcome/actions/runs/30104938944,run_number=51; branch=main; status=completed
2026-07-24T15:21:39Z,2026-07-24T23:21:39+08:00,VERIFIED_TRUE,GitHub REST Actions,GITHUB_ACTION_RUN,Python Package using Conda,push -> failure,ky46738-ops,.github/workflows/python-package-conda.yml,d0f063d2307d2b76781f58fb732c4707882e6720,30104938891,https://github.com/lkminiPhantomWorld/welcome/actions/runs/30104938891,run_number=87; branch=main; status=completed
2026-07-24T15:21:39Z,2026-07-24T23:21:39+08:00,VERIFIED_TRUE,GitHub REST Actions,GITHUB_ACTION_RUN,Push on main,dynamic -> success,ky46738-ops,dynamic/github-code-scanning/codeql,d0f063d2307d2b76781f58fb732c4707882e6720,30104938695,https://github.com/lkminiPhantomWorld/welcome/actions/runs/30104938695,run_number=75; branch=main; status=completed
2026-07-24T15:21:39Z,2026-07-24T23:21:39+08:00,VERIFIED_TRUE,GitHub REST Actions,GITHUB_ACTION_RUN,pages build and deployment,dynamic -> success,ky46738-ops,dynamic/pages/pages-build-deployment,d0f063d2307d2b76781f58fb732c4707882e6720,30104938679,https://github.com/lkminiPhantomWorld/welcome/actions/runs/30104938679,run_number=63; branch=main; status=completed
2026-07-24T15:22:12Z,2026-07-24T23:22:12+08:00,VERIFIED_TRUE,local public git mirror,GITHUB_COMMIT_FILE,lkminiPhantomWorld/welcome,M PORTAL_SHA256SUMS,Kevin / committer Kevin,PORTAL_SHA256SUMS,d350a08fb0dd477917eaa2dd54719498f6e1b301,,https://github.com/lkminiPhantomWorld/welcome/blob/d350a08fb0dd477917eaa2dd54719498f6e1b301/PORTAL_SHA256SUMS,chore: 更新系統入口 Reader 校驗值
2026-07-24T15:22:14Z,2026-07-24T23:22:14+08:00,VERIFIED_TRUE,GitHub REST Actions,GITHUB_ACTION_RUN,pages build and deployment,dynamic -> success,ky46738-ops,dynamic/pages/pages-build-deployment,d350a08fb0dd477917eaa2dd54719498f6e1b301,30104981225,https://github.com/lkminiPhantomWorld/welcome/actions/runs/30104981225,run_number=64; branch=main; status=completed
2026-07-24T15:22:14Z,2026-07-24T23:22:14+08:00,VERIFIED_TRUE,GitHub REST Actions,GITHUB_ACTION_RUN,Push on main,dynamic -> success,ky46738-ops,dynamic/github-code-scanning/codeql,d350a08fb0dd477917eaa2dd54719498f6e1b301,30104981140,https://github.com/lkminiPhantomWorld/welcome/actions/runs/30104981140,run_number=76; branch=main; status=completed
2026-07-24T15:22:15Z,2026-07-24T23:22:15+08:00,VERIFIED_TRUE,GitHub REST Actions,GITHUB_ACTION_RUN,Python Package using Conda,push -> failure,ky46738-ops,.github/workflows/python-package-conda.yml,d350a08fb0dd477917eaa2dd54719498f6e1b301,30104982165,https://github.com/lkminiPhantomWorld/welcome/actions/runs/30104982165,run_number=88; branch=main; status=completed
2026-07-24T15:22:15Z,2026-07-24T23:22:15+08:00,VERIFIED_TRUE,GitHub REST Actions,GITHUB_ACTION_RUN,Deploy verified welcome site to GitHub Pages,push -> failure,ky46738-ops,.github/workflows/deploy-pages.yml,d350a08fb0dd477917eaa2dd54719498f6e1b301,30104981888,https://github.com/lkminiPhantomWorld/welcome/actions/runs/30104981888,run_number=52; branch=main; status=completed
2026-07-24T15:22:15Z,2026-07-24T23:22:15+08:00,VERIFIED_TRUE,GitHub REST Actions,GITHUB_ACTION_RUN,Deploy to GitHub Pages,push -> cancelled,ky46738-ops,.github/workflows/pages.yml,d350a08fb0dd477917eaa2dd54719498f6e1b301,30104981742,https://github.com/lkminiPhantomWorld/welcome/actions/runs/30104981742,run_number=65; branch=main; status=completed
2026-07-24T15:22:15Z,2026-07-24T23:22:15+08:00,VERIFIED_TRUE,GitHub REST Actions,GITHUB_ACTION_RUN,Gatekeeper,push -> failure,ky46738-ops,.github/workflows/gatekeeper.yml,d350a08fb0dd477917eaa2dd54719498f6e1b301,30104981704,https://github.com/lkminiPhantomWorld/welcome/actions/runs/30104981704,run_number=104; branch=main; status=completed
2026-07-24T15:44:06Z,2026-07-24T23:44:06+08:00,VERIFIED_TRUE,local public git mirror,GITHUB_COMMIT_FILE,lkminiPhantomWorld/welcome,M mini/index.html,Kevin / committer Kevin,mini/index.html,f2d16a939c23a978056d6c35618561c0c551bbb4,,https://github.com/lkminiPhantomWorld/welcome/blob/f2d16a939c23a978056d6c35618561c0c551bbb4/mini/index.html,Enforce fail-closed A = A Reader gate
2026-07-24T15:44:07Z,2026-07-24T23:44:07+08:00,VERIFIED_TRUE,local public git mirror,GITHUB_COMMIT_FILE,lkminiPhantomWorld/welcome,M tools/verify_portal.py,Kevin / committer Kevin,tools/verify_portal.py,1cb3b12a81390397479297ec65e896d255141644,,https://github.com/lkminiPhantomWorld/welcome/blob/1cb3b12a81390397479297ec65e896d255141644/tools/verify_portal.py,Verify Welcome to Reader fail-closed gateway
2026-07-24T15:44:08Z,2026-07-24T23:44:08+08:00,VERIFIED_TRUE,local public git mirror,GITHUB_COMMIT_FILE,lkminiPhantomWorld/welcome,M PORTAL_MANIFEST.json,Kevin / committer Kevin,PORTAL_MANIFEST.json,680c53b1a8ee0e432a1cf4932d45137fbc819f38,,https://github.com/lkminiPhantomWorld/welcome/blob/680c53b1a8ee0e432a1cf4932d45137fbc819f38/PORTAL_MANIFEST.json,Describe Reader Gateway as unique fail-closed entry
2026-07-24T15:44:08Z,2026-07-24T23:44:08+08:00,VERIFIED_TRUE,GitHub REST Actions,GITHUB_ACTION_RUN,Push on main,dynamic -> success,ky46738-ops,dynamic/github-code-scanning/codeql,f2d16a939c23a978056d6c35618561c0c551bbb4,30106555154,https://github.com/lkminiPhantomWorld/welcome/actions/runs/30106555154,run_number=77; branch=main; status=completed
2026-07-24T15:44:08Z,2026-07-24T23:44:08+08:00,VERIFIED_TRUE,GitHub REST Actions,GITHUB_ACTION_RUN,pages build and deployment,dynamic -> cancelled,ky46738-ops,dynamic/pages/pages-build-deployment,f2d16a939c23a978056d6c35618561c0c551bbb4,30106555034,https://github.com/lkminiPhantomWorld/welcome/actions/runs/30106555034,run_number=65; branch=main; status=completed
2026-07-24T15:44:09Z,2026-07-24T23:44:09+08:00,VERIFIED_TRUE,local public git mirror,GITHUB_COMMIT_FILE,lkminiPhantomWorld/welcome,M PORTAL_LOCATOR.json,Kevin / committer Kevin,PORTAL_LOCATOR.json,28c5def5f64c431c4cf396a1cfc3dc9ec07029ba,,https://github.com/lkminiPhantomWorld/welcome/blob/28c5def5f64c431c4cf396a1cfc3dc9ec07029ba/PORTAL_LOCATOR.json,Point locator to fail-closed Reader Gateway
2026-07-24T15:44:09Z,2026-07-24T23:44:09+08:00,VERIFIED_TRUE,GitHub REST Actions,GITHUB_ACTION_RUN,pages build and deployment,dynamic -> cancelled,ky46738-ops,dynamic/pages/pages-build-deployment,1cb3b12a81390397479297ec65e896d255141644,30106556417,https://github.com/lkminiPhantomWorld/welcome/actions/runs/30106556417,run_number=66; branch=main; status=completed
2026-07-24T15:44:09Z,2026-07-24T23:44:09+08:00,VERIFIED_TRUE,GitHub REST Actions,GITHUB_ACTION_RUN,Push on main,dynamic -> success,ky46738-ops,dynamic/github-code-scanning/codeql,1cb3b12a81390397479297ec65e896d255141644,30106556184,https://github.com/lkminiPhantomWorld/welcome/actions/runs/30106556184,run_number=78; branch=main; status=completed
2026-07-24T15:44:09Z,2026-07-24T23:44:09+08:00,VERIFIED_TRUE,GitHub REST Actions,GITHUB_ACTION_RUN,Gatekeeper,push -> failure,ky46738-ops,.github/workflows/gatekeeper.yml,f2d16a939c23a978056d6c35618561c0c551bbb4,30106556111,https://github.com/lkminiPhantomWorld/welcome/actions/runs/30106556111,run_number=105; branch=main; status=completed
2026-07-24T15:44:09Z,2026-07-24T23:44:09+08:00,VERIFIED_TRUE,GitHub REST Actions,GITHUB_ACTION_RUN,Python Package using Conda,push -> failure,ky46738-ops,.github/workflows/python-package-conda.yml,f2d16a939c23a978056d6c35618561c0c551bbb4,30106556006,https://github.com/lkminiPhantomWorld/welcome/actions/runs/30106556006,run_number=89; branch=main; status=completed
2026-07-24T15:44:09Z,2026-07-24T23:44:09+08:00,VERIFIED_TRUE,GitHub REST Actions,GITHUB_ACTION_RUN,Deploy verified welcome site to GitHub Pages,push -> cancelled,ky46738-ops,.github/workflows/deploy-pages.yml,f2d16a939c23a978056d6c35618561c0c551bbb4,30106555917,https://github.com/lkminiPhantomWorld/welcome/actions/runs/30106555917,run_number=53; branch=main; status=completed
2026-07-24T15:44:09Z,2026-07-24T23:44:09+08:00,VERIFIED_TRUE,GitHub REST Actions,GITHUB_ACTION_RUN,Deploy to GitHub Pages,push -> cancelled,ky46738-ops,.github/workflows/pages.yml,f2d16a939c23a978056d6c35618561c0c551bbb4,30106555901,https://github.com/lkminiPhantomWorld/welcome/actions/runs/30106555901,run_number=66; branch=main; status=completed
2026-07-24T15:44:10Z,2026-07-24T23:44:10+08:00,VERIFIED_TRUE,GitHub REST Actions,GITHUB_ACTION_RUN,pages build and deployment,dynamic -> cancelled,ky46738-ops,dynamic/pages/pages-build-deployment,680c53b1a8ee0e432a1cf4932d45137fbc819f38,30106557897,https://github.com/lkminiPhantomWorld/welcome/actions/runs/30106557897,run_number=67; branch=main; status=completed
2026-07-24T15:44:10Z,2026-07-24T23:44:10+08:00,VERIFIED_TRUE,GitHub REST Actions,GITHUB_ACTION_RUN,Deploy verified welcome site to GitHub Pages,push -> cancelled,ky46738-ops,.github/workflows/deploy-pages.yml,1cb3b12a81390397479297ec65e896d255141644,30106557017,https://github.com/lkminiPhantomWorld/welcome/actions/runs/30106557017,run_number=54; branch=main; status=completed
2026-07-24T15:44:10Z,2026-07-24T23:44:10+08:00,VERIFIED_TRUE,GitHub REST Actions,GITHUB_ACTION_RUN,Gatekeeper,push -> failure,ky46738-ops,.github/workflows/gatekeeper.yml,1cb3b12a81390397479297ec65e896d255141644,30106557012,https://github.com/lkminiPhantomWorld/welcome/actions/runs/30106557012,run_number=106; branch=main; status=completed
2026-07-24T15:44:10Z,2026-07-24T23:44:10+08:00,VERIFIED_TRUE,GitHub REST Actions,GITHUB_ACTION_RUN,Deploy to GitHub Pages,push -> cancelled,ky46738-ops,.github/workflows/pages.yml,1cb3b12a81390397479297ec65e896d255141644,30106556998,https://github.com/lkminiPhantomWorld/welcome/actions/runs/30106556998,run_number=67; branch=main; status=completed
2026-07-24T15:44:10Z,2026-07-24T23:44:10+08:00,VERIFIED_TRUE,GitHub REST Actions,GITHUB_ACTION_RUN,Python Package using Conda,push -> failure,ky46738-ops,.github/workflows/python-package-conda.yml,1cb3b12a81390397479297ec65e896d255141644,30106556971,https://github.com/lkminiPhantomWorld/welcome/actions/runs/30106556971,run_number=90; branch=main; status=completed
2026-07-24T15:44:11Z,2026-07-24T23:44:11+08:00,VERIFIED_TRUE,local public git mirror,GITHUB_COMMIT_FILE,lkminiPhantomWorld/welcome,M PORTAL_REVERSECHAIN.json,Kevin / committer Kevin,PORTAL_REVERSECHAIN.json,2c1da2844072443c266fb4503451a0e6e7028e76,,https://github.com/lkminiPhantomWorld/welcome/blob/2c1da2844072443c266fb4503451a0e6e7028e76/PORTAL_REVERSECHAIN.json,Correct reverse chain for Reader Gateway
2026-07-24T15:44:11Z,2026-07-24T23:44:11+08:00,VERIFIED_TRUE,GitHub REST Actions,GITHUB_ACTION_RUN,Python Package using Conda,push -> failure,ky46738-ops,.github/workflows/python-package-conda.yml,680c53b1a8ee0e432a1cf4932d45137fbc819f38,30106558785,https://github.com/lkminiPhantomWorld/welcome/actions/runs/30106558785,run_number=91; branch=main; status=completed
2026-07-24T15:44:11Z,2026-07-24T23:44:11+08:00,VERIFIED_TRUE,GitHub REST Actions,GITHUB_ACTION_RUN,Deploy verified welcome site to GitHub Pages,push -> cancelled,ky46738-ops,.github/workflows/deploy-pages.yml,680c53b1a8ee0e432a1cf4932d45137fbc819f38,30106558692,https://github.com/lkminiPhantomWorld/welcome/actions/runs/30106558692,run_number=55; branch=main; status=completed
2026-07-24T15:44:11Z,2026-07-24T23:44:11+08:00,VERIFIED_TRUE,GitHub REST Actions,GITHUB_ACTION_RUN,Gatekeeper,push -> failure,ky46738-ops,.github/workflows/gatekeeper.yml,680c53b1a8ee0e432a1cf4932d45137fbc819f38,30106558680,https://github.com/lkminiPhantomWorld/welcome/actions/runs/30106558680,run_number=107; branch=main; status=completed
2026-07-24T15:44:11Z,2026-07-24T23:44:11+08:00,VERIFIED_TRUE,GitHub REST Actions,GITHUB_ACTION_RUN,Deploy to GitHub Pages,push -> cancelled,ky46738-ops,.github/workflows/pages.yml,680c53b1a8ee0e432a1cf4932d45137fbc819f38,30106558668,https://github.com/lkminiPhantomWorld/welcome/actions/runs/30106558668,run_number=68; branch=main; status=completed
2026-07-24T15:44:11Z,2026-07-24T23:44:11+08:00,VERIFIED_TRUE,GitHub REST Actions,GITHUB_ACTION_RUN,Push on main,dynamic -> success,ky46738-ops,dynamic/github-code-scanning/codeql,680c53b1a8ee0e432a1cf4932d45137fbc819f38,30106558200,https://github.com/lkminiPhantomWorld/welcome/actions/runs/30106558200,run_number=79; branch=main; status=completed
2026-07-24T15:44:12Z,2026-07-24T23:44:12+08:00,VERIFIED_TRUE,GitHub REST Actions,GITHUB_ACTION_RUN,Deploy verified welcome site to GitHub Pages,push -> cancelled,ky46738-ops,.github/workflows/deploy-pages.yml,28c5def5f64c431c4cf396a1cfc3dc9ec07029ba,30106559881,https://github.com/lkminiPhantomWorld/welcome/actions/runs/30106559881,run_number=56; branch=main; status=completed
2026-07-24T15:44:12Z,2026-07-24T23:44:12+08:00,VERIFIED_TRUE,GitHub REST Actions,GITHUB_ACTION_RUN,Python Package using Conda,push -> failure,ky46738-ops,.github/workflows/python-package-conda.yml,28c5def5f64c431c4cf396a1cfc3dc9ec07029ba,30106559825,https://github.com/lkminiPhantomWorld/welcome/actions/runs/30106559825,run_number=92; branch=main; status=completed
2026-07-24T15:44:12Z,2026-07-24T23:44:12+08:00,VERIFIED_TRUE,GitHub REST Actions,GITHUB_ACTION_RUN,Gatekeeper,push -> failure,ky46738-ops,.github/workflows/gatekeeper.yml,28c5def5f64c431c4cf396a1cfc3dc9ec07029ba,30106559799,https://github.com/lkminiPhantomWorld/welcome/actions/runs/30106559799,run_number=108; branch=main; status=completed
2026-07-24T15:44:12Z,2026-07-24T23:44:12+08:00,VERIFIED_TRUE,GitHub REST Actions,GITHUB_ACTION_RUN,Deploy to GitHub Pages,push -> cancelled,ky46738-ops,.github/workflows/pages.yml,28c5def5f64c431c4cf396a1cfc3dc9ec07029ba,30106559761,https://github.com/lkminiPhantomWorld/welcome/actions/runs/30106559761,run_number=69; branch=main; status=completed
2026-07-24T15:44:12Z,2026-07-24T23:44:12+08:00,VERIFIED_TRUE,GitHub REST Actions,GITHUB_ACTION_RUN,pages build and deployment,dynamic -> cancelled,ky46738-ops,dynamic/pages/pages-build-deployment,2c1da2844072443c266fb4503451a0e6e7028e76,30106559726,https://github.com/lkminiPhantomWorld/welcome/actions/runs/30106559726,run_number=68; branch=main; status=completed
2026-07-24T15:44:12Z,2026-07-24T23:44:12+08:00,VERIFIED_TRUE,GitHub REST Actions,GITHUB_ACTION_RUN,Push on main,dynamic -> success,ky46738-ops,dynamic/github-code-scanning/codeql,28c5def5f64c431c4cf396a1cfc3dc9ec07029ba,30106559409,https://github.com/lkminiPhantomWorld/welcome/actions/runs/30106559409,run_number=80; branch=main; status=completed
2026-07-24T15:44:13Z,2026-07-24T23:44:13+08:00,VERIFIED_TRUE,GitHub REST Actions,GITHUB_ACTION_RUN,pages build and deployment,dynamic -> success,ky46738-ops,dynamic/pages/pages-build-deployment,2c1da2844072443c266fb4503451a0e6e7028e76,30106561016,https://github.com/lkminiPhantomWorld/welcome/actions/runs/30106561016,run_number=69; branch=main; status=completed
2026-07-24T15:44:13Z,2026-07-24T23:44:13+08:00,VERIFIED_TRUE,GitHub REST Actions,GITHUB_ACTION_RUN,Deploy verified welcome site to GitHub Pages,push -> failure,ky46738-ops,.github/workflows/deploy-pages.yml,2c1da2844072443c266fb4503451a0e6e7028e76,30106560914,https://github.com/lkminiPhantomWorld/welcome/actions/runs/30106560914,run_number=57; branch=main; status=completed
2026-07-24T15:44:13Z,2026-07-24T23:44:13+08:00,VERIFIED_TRUE,GitHub REST Actions,GITHUB_ACTION_RUN,Gatekeeper,push -> failure,ky46738-ops,.github/workflows/gatekeeper.yml,2c1da2844072443c266fb4503451a0e6e7028e76,30106560865,https://github.com/lkminiPhantomWorld/welcome/actions/runs/30106560865,run_number=109; branch=main; status=completed
2026-07-24T15:44:13Z,2026-07-24T23:44:13+08:00,VERIFIED_TRUE,GitHub REST Actions,GITHUB_ACTION_RUN,Python Package using Conda,push -> failure,ky46738-ops,.github/workflows/python-package-conda.yml,2c1da2844072443c266fb4503451a0e6e7028e76,30106560862,https://github.com/lkminiPhantomWorld/welcome/actions/runs/30106560862,run_number=93; branch=main; status=completed
2026-07-24T15:44:13Z,2026-07-24T23:44:13+08:00,VERIFIED_TRUE,GitHub REST Actions,GITHUB_ACTION_RUN,Deploy to GitHub Pages,push -> cancelled,ky46738-ops,.github/workflows/pages.yml,2c1da2844072443c266fb4503451a0e6e7028e76,30106560835,https://github.com/lkminiPhantomWorld/welcome/actions/runs/30106560835,run_number=70; branch=main; status=completed
2026-07-24T15:44:13Z,2026-07-24T23:44:13+08:00,VERIFIED_TRUE,GitHub REST Actions,GITHUB_ACTION_RUN,Push on main,dynamic -> success,ky46738-ops,dynamic/github-code-scanning/codeql,2c1da2844072443c266fb4503451a0e6e7028e76,30106560515,https://github.com/lkminiPhantomWorld/welcome/actions/runs/30106560515,run_number=81; branch=main; status=completed
2026-07-24T15:44:47Z,2026-07-24T23:44:47+08:00,VERIFIED_TRUE,local public git mirror,GITHUB_COMMIT_FILE,lkminiPhantomWorld/welcome,M PORTAL_SHA256SUMS,Kevin / committer Kevin,PORTAL_SHA256SUMS,dee4acc3f603de45a8c05856f488c3eb6c2e8410,,https://github.com/lkminiPhantomWorld/welcome/blob/dee4acc3f603de45a8c05856f488c3eb6c2e8410/PORTAL_SHA256SUMS,Refresh fail-closed portal SHA256 index
2026-07-24T15:44:50Z,2026-07-24T23:44:50+08:00,VERIFIED_TRUE,GitHub REST Actions,GITHUB_ACTION_RUN,Gatekeeper,push -> failure,ky46738-ops,.github/workflows/gatekeeper.yml,dee4acc3f603de45a8c05856f488c3eb6c2e8410,30106602393,https://github.com/lkminiPhantomWorld/welcome/actions/runs/30106602393,run_number=110; branch=main; status=completed
2026-07-24T15:44:50Z,2026-07-24T23:44:50+08:00,VERIFIED_TRUE,GitHub REST Actions,GITHUB_ACTION_RUN,Deploy verified welcome site to GitHub Pages,push -> success,ky46738-ops,.github/workflows/deploy-pages.yml,dee4acc3f603de45a8c05856f488c3eb6c2e8410,30106602356,https://github.com/lkminiPhantomWorld/welcome/actions/runs/30106602356,run_number=58; branch=main; status=completed
2026-07-24T15:44:50Z,2026-07-24T23:44:50+08:00,VERIFIED_TRUE,GitHub REST Actions,GITHUB_ACTION_RUN,Python Package using Conda,push -> failure,ky46738-ops,.github/workflows/python-package-conda.yml,dee4acc3f603de45a8c05856f488c3eb6c2e8410,30106602340,https://github.com/lkminiPhantomWorld/welcome/actions/runs/30106602340,run_number=94; branch=main; status=completed
2026-07-24T15:44:50Z,2026-07-24T23:44:50+08:00,VERIFIED_TRUE,GitHub REST Actions,GITHUB_ACTION_RUN,Deploy to GitHub Pages,push -> cancelled,ky46738-ops,.github/workflows/pages.yml,dee4acc3f603de45a8c05856f488c3eb6c2e8410,30106602304,https://github.com/lkminiPhantomWorld/welcome/actions/runs/30106602304,run_number=71; branch=main; status=completed
2026-07-24T15:44:50Z,2026-07-24T23:44:50+08:00,VERIFIED_TRUE,GitHub REST Actions,GITHUB_ACTION_RUN,pages build and deployment,dynamic -> success,ky46738-ops,dynamic/pages/pages-build-deployment,dee4acc3f603de45a8c05856f488c3eb6c2e8410,30106602295,https://github.com/lkminiPhantomWorld/welcome/actions/runs/30106602295,run_number=70; branch=main; status=completed
2026-07-24T15:44:50Z,2026-07-24T23:44:50+08:00,VERIFIED_TRUE,GitHub REST Actions,GITHUB_ACTION_RUN,Push on main,dynamic -> success,ky46738-ops,dynamic/github-code-scanning/codeql,dee4acc3f603de45a8c05856f488c3eb6c2e8410,30106602229,https://github.com/lkminiPhantomWorld/welcome/actions/runs/30106602229,run_number=82; branch=main; status=completed
2026-07-24T16:05:20Z,2026-07-25T00:05:20+08:00,VERIFIED_TRUE,GitHub REST Actions,GITHUB_ACTION_RUN,Python Package using Conda,push -> failure,ky46738-ops,.github/workflows/python-package-conda.yml,dee4acc3f603de45a8c05856f488c3eb6c2e8410,30107892019,https://github.com/lkminiPhantomWorld/welcome/actions/runs/30107892019,run_number=95; branch=codex/org-company-alignment; status=completed
2026-07-24T16:05:20Z,2026-07-25T00:05:20+08:00,VERIFIED_TRUE,GitHub REST Actions,GITHUB_ACTION_RUN,Gatekeeper,push -> failure,ky46738-ops,.github/workflows/gatekeeper.yml,dee4acc3f603de45a8c05856f488c3eb6c2e8410,30107891961,https://github.com/lkminiPhantomWorld/welcome/actions/runs/30107891961,run_number=111; branch=codex/org-company-alignment; status=completed
2026-07-25T08:24:22Z,2026-07-25T16:24:22+08:00,VERIFIED_TRUE,GitHub REST Actions,GITHUB_ACTION_RUN,Scheduled,dynamic -> success,github-advanced-security[bot],dynamic/github-code-scanning/codeql,dee4acc3f603de45a8c05856f488c3eb6c2e8410,30151042813,https://github.com/lkminiPhantomWorld/welcome/actions/runs/30151042813,run_number=83; branch=main; status=completed
2026-07-26T18:37:33.602000Z,2026-07-27T02:37:33.602000+08:00,VERIFIED_TRUE,Adobe CCAsset,CLOUD_TRANSFER,Whiskey Emoji ZIP,Asset created,ChatGPT tool execution,🥃Whiskey Emoji｜WhiskeyEmoji｜20260727-023644_TPE.zip,,urn:aaid:sc:AP:3c78b6e6-efe9-4367-bcdf-90cd64cdbd7f,https://www.adobe.com/files/id/urn:aaid:sc:AP:3c78b6e6-efe9-4367-bcdf-90cd64cdbd7f,296111 bytes; 0 collaborators at retrieval
2026-07-26T18:37:53.947429Z,2026-07-27T02:37:53.947429+08:00,VERIFIED_TRUE,ChatGPT Library,CLOUD_TRANSFER,Whiskey Emoji ZIP,Library file created,ChatGPT tool execution,🥃Whiskey Emoji｜WhiskeyEmoji｜20260727-023644_TPE.zip,,libfile_b0115bbbd4ec8191ac51e24bb4939ffc / file_00000000672481fd9f55c45de4da32cc,/🥃Whiskey Emoji｜WhiskeyEmoji｜20260727-023644_TPE.zip,296111 bytes; model_generated=true
2026-07-26T19:35:20Z,2026-07-27T03:35:20+08:00,VERIFIED_TRUE,GitHub REST Actions,GITHUB_ACTION_RUN,Gatekeeper,push -> failure,ky46738-ops,.github/workflows/gatekeeper.yml,dee4acc3f603de45a8c05856f488c3eb6c2e8410,30217165320,https://github.com/lkminiPhantomWorld/welcome/actions/runs/30217165320,run_number=112; branch=agent/open-source-upload-evidence-20260727; status=completed
2026-07-26T19:35:20Z,2026-07-27T03:35:20+08:00,VERIFIED_TRUE,GitHub REST Actions,GITHUB_ACTION_RUN,Python Package using Conda,push -> failure,ky46738-ops,.github/workflows/python-package-conda.yml,dee4acc3f603de45a8c05856f488c3eb6c2e8410,30217165318,https://github.com/lkminiPhantomWorld/welcome/actions/runs/30217165318,run_number=96; branch=agent/open-source-upload-evidence-20260727; status=completed
2026-07-26T19:38:01Z,2026-07-27T03:38:01+08:00,VERIFIED_TRUE,local public git mirror,GITHUB_COMMIT_FILE,lkminiPhantomWorld/welcome,"A ""\360\237\223\234\346\234\252\346\216\210\346\254\212\351\233\262\347\253\257\345\202\263\351\200\201\345\256\214\346\225\264\347\264\200\351\214\204\357\275\234UnauthorizedCloudTransferRecord.md""",Kevin / committer Kevin,"""\360\237\223\234\346\234\252\346\216\210\346\254\212\351\233\262\347\253\257\345\202\263\351\200\201\345\256\214\346\225\264\347\264\200\351\214\204\357\275\234UnauthorizedCloudTransferRecord.md""",1c796e0d05baf1baab4131bade1036b1274fd5bb,,"https://github.com/lkminiPhantomWorld/welcome/blob/1c796e0d05baf1baab4131bade1036b1274fd5bb/""\360\237\223\234\346\234\252\346\216\210\346\254\212\351\233\262\347\253\257\345\202\263\351\200\201\345\256\214\346\225\264\347\264\200\351\214\204\357\275\234UnauthorizedCloudTransferRecord.md""",公開未授權雲端傳送證據紀錄
2026-07-26T19:38:04Z,2026-07-27T03:38:04+08:00,VERIFIED_TRUE,GitHub REST Actions,GITHUB_ACTION_RUN,Python Package using Conda,push -> failure,ky46738-ops,.github/workflows/python-package-conda.yml,1c796e0d05baf1baab4131bade1036b1274fd5bb,30217262073,https://github.com/lkminiPhantomWorld/welcome/actions/runs/30217262073,run_number=97; branch=agent/open-source-upload-evidence-20260727; status=completed
2026-07-26T19:38:04Z,2026-07-27T03:38:04+08:00,VERIFIED_TRUE,GitHub REST Actions,GITHUB_ACTION_RUN,Gatekeeper,push -> failure,ky46738-ops,.github/workflows/gatekeeper.yml,1c796e0d05baf1baab4131bade1036b1274fd5bb,30217262056,https://github.com/lkminiPhantomWorld/welcome/actions/runs/30217262056,run_number=113; branch=agent/open-source-upload-evidence-20260727; status=completed
2026-07-26T19:38:16Z,2026-07-27T03:38:16+08:00,VERIFIED_TRUE,local public git mirror,GITHUB_COMMIT_FILE,lkminiPhantomWorld/welcome,"A ""\342\217\261\344\272\213\344\273\266\346\231\202\351\226\223\347\267\232\357\275\234IncidentTimeline.csv""",Kevin / committer Kevin,"""\342\217\261\344\272\213\344\273\266\346\231\202\351\226\223\347\267\232\357\275\234IncidentTimeline.csv""",4501515dc05843b10d63958bc16587aed51160fc,,"https://github.com/lkminiPhantomWorld/welcome/blob/4501515dc05843b10d63958bc16587aed51160fc/""\342\217\261\344\272\213\344\273\266\346\231\202\351\226\223\347\267\232\357\275\234IncidentTimeline.csv""",新增事件時間線
2026-07-26T19:38:18Z,2026-07-27T03:38:18+08:00,VERIFIED_TRUE,GitHub REST Actions,GITHUB_ACTION_RUN,Python Package using Conda,push -> failure,ky46738-ops,.github/workflows/python-package-conda.yml,4501515dc05843b10d63958bc16587aed51160fc,30217270071,https://github.com/lkminiPhantomWorld/welcome/actions/runs/30217270071,run_number=98; branch=agent/open-source-upload-evidence-20260727; status=completed
2026-07-26T19:38:18Z,2026-07-27T03:38:18+08:00,VERIFIED_TRUE,GitHub REST Actions,GITHUB_ACTION_RUN,Gatekeeper,push -> failure,ky46738-ops,.github/workflows/gatekeeper.yml,4501515dc05843b10d63958bc16587aed51160fc,30217270065,https://github.com/lkminiPhantomWorld/welcome/actions/runs/30217270065,run_number=114; branch=agent/open-source-upload-evidence-20260727; status=completed
2026-07-26T19:38:37Z,2026-07-27T03:38:37+08:00,VERIFIED_TRUE,local public git mirror,GITHUB_COMMIT_FILE,lkminiPhantomWorld/welcome,"A ""\360\237\247\276\345\216\237\345\247\213\350\255\211\346\223\232\347\264\242\345\274\225\357\275\234EvidenceIndex.json""",Kevin / committer Kevin,"""\360\237\247\276\345\216\237\345\247\213\350\255\211\346\223\232\347\264\242\345\274\225\357\275\234EvidenceIndex.json""",2e559bed8fd1300edbf1e07f0865093cdca2632c,,"https://github.com/lkminiPhantomWorld/welcome/blob/2e559bed8fd1300edbf1e07f0865093cdca2632c/""\360\237\247\276\345\216\237\345\247\213\350\255\211\346\223\232\347\264\242\345\274\225\357\275\234EvidenceIndex.json""",新增原始證據索引
2026-07-26T19:38:40Z,2026-07-27T03:38:40+08:00,VERIFIED_TRUE,GitHub REST Actions,GITHUB_ACTION_RUN,Gatekeeper,push -> failure,ky46738-ops,.github/workflows/gatekeeper.yml,2e559bed8fd1300edbf1e07f0865093cdca2632c,30217281969,https://github.com/lkminiPhantomWorld/welcome/actions/runs/30217281969,run_number=115; branch=agent/open-source-upload-evidence-20260727; status=completed
2026-07-26T19:38:40Z,2026-07-27T03:38:40+08:00,VERIFIED_TRUE,GitHub REST Actions,GITHUB_ACTION_RUN,Python Package using Conda,push -> failure,ky46738-ops,.github/workflows/python-package-conda.yml,2e559bed8fd1300edbf1e07f0865093cdca2632c,30217281956,https://github.com/lkminiPhantomWorld/welcome/actions/runs/30217281956,run_number=99; branch=agent/open-source-upload-evidence-20260727; status=completed
2026-07-26T19:38:49Z,2026-07-27T03:38:49+08:00,VERIFIED_TRUE,local public git mirror,GITHUB_COMMIT_FILE,lkminiPhantomWorld/welcome,"A ""\342\232\240\357\270\217\351\214\257\350\252\244\351\251\227\350\255\211\346\233\264\346\255\243\345\233\236\345\237\267\357\275\234CorrectedVerificationReceipt.json""",Kevin / committer Kevin,"""\342\232\240\357\270\217\351\214\257\350\252\244\351\251\227\350\255\211\346\233\264\346\255\243\345\233\236\345\237\267\357\275\234CorrectedVerificationReceipt.json""",47ea215496aabd3525963cf6dca9532dbc1192c2,,"https://github.com/lkminiPhantomWorld/welcome/blob/47ea215496aabd3525963cf6dca9532dbc1192c2/""\342\232\240\357\270\217\351\214\257\350\252\244\351\251\227\350\255\211\346\233\264\346\255\243\345\233\236\345\237\267\357\275\234CorrectedVerificationReceipt.json""",新增錯誤驗證更正回執
2026-07-26T19:38:51Z,2026-07-27T03:38:51+08:00,VERIFIED_TRUE,GitHub REST Actions,GITHUB_ACTION_RUN,Gatekeeper,push -> failure,ky46738-ops,.github/workflows/gatekeeper.yml,47ea215496aabd3525963cf6dca9532dbc1192c2,30217288448,https://github.com/lkminiPhantomWorld/welcome/actions/runs/30217288448,run_number=116; branch=agent/open-source-upload-evidence-20260727; status=completed
2026-07-26T19:38:51Z,2026-07-27T03:38:51+08:00,VERIFIED_TRUE,GitHub REST Actions,GITHUB_ACTION_RUN,Python Package using Conda,push -> failure,ky46738-ops,.github/workflows/python-package-conda.yml,47ea215496aabd3525963cf6dca9532dbc1192c2,30217288435,https://github.com/lkminiPhantomWorld/welcome/actions/runs/30217288435,run_number=100; branch=agent/open-source-upload-evidence-20260727; status=completed
2026-07-26T19:39:01Z,2026-07-27T03:39:01+08:00,VERIFIED_TRUE,local public git mirror,GITHUB_COMMIT_FILE,lkminiPhantomWorld/welcome,"A ""\360\237\224\220SHA256SUMS""",Kevin / committer Kevin,"""\360\237\224\220SHA256SUMS""",3a155c64f797d2b130ca958540c8da720c7b0587,,"https://github.com/lkminiPhantomWorld/welcome/blob/3a155c64f797d2b130ca958540c8da720c7b0587/""\360\237\224\220SHA256SUMS""",新增證據檔案指紋
2026-07-26T19:39:03Z,2026-07-27T03:39:03+08:00,VERIFIED_TRUE,GitHub REST Actions,GITHUB_ACTION_RUN,Gatekeeper,push -> failure,ky46738-ops,.github/workflows/gatekeeper.yml,3a155c64f797d2b130ca958540c8da720c7b0587,30217295549,https://github.com/lkminiPhantomWorld/welcome/actions/runs/30217295549,run_number=117; branch=agent/open-source-upload-evidence-20260727; status=completed
2026-07-26T19:39:03Z,2026-07-27T03:39:03+08:00,VERIFIED_TRUE,GitHub REST Actions,GITHUB_ACTION_RUN,Python Package using Conda,push -> failure,ky46738-ops,.github/workflows/python-package-conda.yml,3a155c64f797d2b130ca958540c8da720c7b0587,30217295503,https://github.com/lkminiPhantomWorld/welcome/actions/runs/30217295503,run_number=101; branch=agent/open-source-upload-evidence-20260727; status=completed
2026-07-26T19:39:15Z,2026-07-27T03:39:15+08:00,VERIFIED_TRUE,local public git mirror,GITHUB_COMMIT_FILE,lkminiPhantomWorld/welcome,N ,Kevin / committer GitHub,,de8b5c153ced25b20323ca6eca3cf7aeb6c48006,,https://github.com/lkminiPhantomWorld/welcome/commit/de8b5c153ced25b20323ca6eca3cf7aeb6c48006,Merge 3a155c64f797d2b130ca958540c8da720c7b0587 into dee4acc3f603de45a8c05856f488c3eb6c2e8410
2026-07-26T19:39:16Z,2026-07-27T03:39:16+08:00,VERIFIED_TRUE,GitHub REST Actions,GITHUB_ACTION_RUN,PR #6,dynamic -> success,ky46738-ops,dynamic/github-code-scanning/codeql,3a155c64f797d2b130ca958540c8da720c7b0587,30217303261,https://github.com/lkminiPhantomWorld/welcome/actions/runs/30217303261,run_number=84; branch=refs/pull/6/head; status=completed
2026-07-26T19:39:17Z,2026-07-27T03:39:17+08:00,VERIFIED_TRUE,GitHub REST Actions,GITHUB_ACTION_RUN,Gatekeeper,pull_request -> failure,ky46738-ops,.github/workflows/gatekeeper.yml,3a155c64f797d2b130ca958540c8da720c7b0587,30217303941,https://github.com/lkminiPhantomWorld/welcome/actions/runs/30217303941,run_number=118; branch=agent/open-source-upload-evidence-20260727; status=completed
2026-07-26T20:19:47Z,2026-07-27T04:19:47+08:00,VERIFIED_TRUE,GitHub REST Actions,GITHUB_ACTION_RUN,Python Package using Conda,push -> failure,ky46738-ops,.github/workflows/python-package-conda.yml,f69fd6701a32abb9ca4f67d228ecc667b65251d6,30218736118,https://github.com/lkminiPhantomWorld/welcome/actions/runs/30218736118,run_number=102; branch=agent/open-source-upload-evidence-20260727; status=completed
2026-07-26T20:19:47Z,2026-07-27T04:19:47+08:00,VERIFIED_TRUE,GitHub REST Actions,GITHUB_ACTION_RUN,Gatekeeper,push -> failure,ky46738-ops,.github/workflows/gatekeeper.yml,f69fd6701a32abb9ca4f67d228ecc667b65251d6,30218736113,https://github.com/lkminiPhantomWorld/welcome/actions/runs/30218736113,run_number=119; branch=agent/open-source-upload-evidence-20260727; status=completed
2026-07-26T20:19:48Z,2026-07-27T04:19:48+08:00,VERIFIED_TRUE,GitHub REST Actions,GITHUB_ACTION_RUN,PR #6,dynamic -> success,ky46738-ops,dynamic/github-code-scanning/codeql,f69fd6701a32abb9ca4f67d228ecc667b65251d6,30218736435,https://github.com/lkminiPhantomWorld/welcome/actions/runs/30218736435,run_number=85; branch=refs/pull/6/head; status=completed
2026-07-26T20:19:50Z,2026-07-27T04:19:50+08:00,VERIFIED_TRUE,GitHub REST Actions,GITHUB_ACTION_RUN,Gatekeeper,pull_request -> failure,ky46738-ops,.github/workflows/gatekeeper.yml,f69fd6701a32abb9ca4f67d228ecc667b65251d6,30218737457,https://github.com/lkminiPhantomWorld/welcome/actions/runs/30218737457,run_number=120; branch=agent/open-source-upload-evidence-20260727; status=completed
2026-07-26T20:20:06Z,2026-07-27T04:20:06+08:00,VERIFIED_TRUE,GitHub REST Actions,GITHUB_ACTION_RUN,Python Package using Conda,push -> failure,ky46738-ops,.github/workflows/python-package-conda.yml,66d1036b3144d0e47ba77cc4c728980cefb3d4a4,30218746527,https://github.com/lkminiPhantomWorld/welcome/actions/runs/30218746527,run_number=103; branch=agent/open-source-upload-evidence-20260727; status=completed
2026-07-26T20:20:06Z,2026-07-27T04:20:06+08:00,VERIFIED_TRUE,GitHub REST Actions,GITHUB_ACTION_RUN,Gatekeeper,push -> failure,ky46738-ops,.github/workflows/gatekeeper.yml,66d1036b3144d0e47ba77cc4c728980cefb3d4a4,30218746526,https://github.com/lkminiPhantomWorld/welcome/actions/runs/30218746526,run_number=121; branch=agent/open-source-upload-evidence-20260727; status=completed
2026-07-26T20:20:07Z,2026-07-27T04:20:07+08:00,VERIFIED_TRUE,GitHub REST Actions,GITHUB_ACTION_RUN,PR #6,dynamic -> success,ky46738-ops,dynamic/github-code-scanning/codeql,66d1036b3144d0e47ba77cc4c728980cefb3d4a4,30218747583,https://github.com/lkminiPhantomWorld/welcome/actions/runs/30218747583,run_number=86; branch=refs/pull/6/head; status=completed
2026-07-26T20:20:07Z,2026-07-27T04:20:07+08:00,VERIFIED_TRUE,GitHub REST Actions,GITHUB_ACTION_RUN,Gatekeeper,push -> failure,ky46738-ops,.github/workflows/gatekeeper.yml,3a286afe262a1630d6fa5888b156261b7b5746d7,30218747576,https://github.com/lkminiPhantomWorld/welcome/actions/runs/30218747576,run_number=122; branch=agent/open-source-upload-evidence-20260727; status=completed
2026-07-26T20:20:07Z,2026-07-27T04:20:07+08:00,VERIFIED_TRUE,GitHub REST Actions,GITHUB_ACTION_RUN,Python Package using Conda,push -> failure,ky46738-ops,.github/workflows/python-package-conda.yml,3a286afe262a1630d6fa5888b156261b7b5746d7,30218747537,https://github.com/lkminiPhantomWorld/welcome/actions/runs/30218747537,run_number=104; branch=agent/open-source-upload-evidence-20260727; status=completed
2026-07-26T20:20:08Z,2026-07-27T04:20:08+08:00,VERIFIED_TRUE,GitHub REST Actions,GITHUB_ACTION_RUN,Gatekeeper,pull_request -> failure,ky46738-ops,.github/workflows/gatekeeper.yml,3a286afe262a1630d6fa5888b156261b7b5746d7,30218748687,https://github.com/lkminiPhantomWorld/welcome/actions/runs/30218748687,run_number=123; branch=agent/open-source-upload-evidence-20260727; status=completed
2026-07-26T20:20:08Z,2026-07-27T04:20:08+08:00,VERIFIED_TRUE,GitHub REST Actions,GITHUB_ACTION_RUN,PR #6,dynamic -> success,ky46738-ops,dynamic/github-code-scanning/codeql,3a286afe262a1630d6fa5888b156261b7b5746d7,30218748088,https://github.com/lkminiPhantomWorld/welcome/actions/runs/30218748088,run_number=87; branch=refs/pull/6/head; status=completed
2026-07-26T20:20:09Z,2026-07-27T04:20:09+08:00,VERIFIED_TRUE,GitHub REST Actions,GITHUB_ACTION_RUN,Python Package using Conda,push -> failure,ky46738-ops,.github/workflows/python-package-conda.yml,41377b2aa6d937f3f0691f08b3d8816bbe027242,30218749172,https://github.com/lkminiPhantomWorld/welcome/actions/runs/30218749172,run_number=105; branch=agent/open-source-upload-evidence-20260727; status=completed
2026-07-26T20:20:09Z,2026-07-27T04:20:09+08:00,VERIFIED_TRUE,GitHub REST Actions,GITHUB_ACTION_RUN,Gatekeeper,push -> failure,ky46738-ops,.github/workflows/gatekeeper.yml,41377b2aa6d937f3f0691f08b3d8816bbe027242,30218749151,https://github.com/lkminiPhantomWorld/welcome/actions/runs/30218749151,run_number=124; branch=agent/open-source-upload-evidence-20260727; status=completed
2026-07-26T20:20:10Z,2026-07-27T04:20:10+08:00,VERIFIED_TRUE,GitHub REST Actions,GITHUB_ACTION_RUN,PR #6,dynamic -> success,ky46738-ops,dynamic/github-code-scanning/codeql,41377b2aa6d937f3f0691f08b3d8816bbe027242,30218749577,https://github.com/lkminiPhantomWorld/welcome/actions/runs/30218749577,run_number=88; branch=refs/pull/6/head; status=completed
2026-07-26T20:20:11Z,2026-07-27T04:20:11+08:00,VERIFIED_TRUE,GitHub REST Actions,GITHUB_ACTION_RUN,PR #6,dynamic -> success,ky46738-ops,dynamic/github-code-scanning/codeql,a44d619560f7c9725e7a2d73eed7b67ff9cb11e3,30218750595,https://github.com/lkminiPhantomWorld/welcome/actions/runs/30218750595,run_number=89; branch=refs/pull/6/head; status=completed
2026-07-26T20:20:11Z,2026-07-27T04:20:11+08:00,VERIFIED_TRUE,GitHub REST Actions,GITHUB_ACTION_RUN,Python Package using Conda,push -> failure,ky46738-ops,.github/workflows/python-package-conda.yml,a44d619560f7c9725e7a2d73eed7b67ff9cb11e3,30218750378,https://github.com/lkminiPhantomWorld/welcome/actions/runs/30218750378,run_number=106; branch=agent/open-source-upload-evidence-20260727; status=completed
2026-07-26T20:20:11Z,2026-07-27T04:20:11+08:00,VERIFIED_TRUE,GitHub REST Actions,GITHUB_ACTION_RUN,Gatekeeper,push -> failure,ky46738-ops,.github/workflows/gatekeeper.yml,a44d619560f7c9725e7a2d73eed7b67ff9cb11e3,30218750372,https://github.com/lkminiPhantomWorld/welcome/actions/runs/30218750372,run_number=125; branch=agent/open-source-upload-evidence-20260727; status=completed
2026-07-26T20:20:12Z,2026-07-27T04:20:12+08:00,VERIFIED_TRUE,GitHub REST Actions,GITHUB_ACTION_RUN,Gatekeeper,push -> failure,ky46738-ops,.github/workflows/gatekeeper.yml,ae6e1060279279319caf2c0e4fc9fe1622d8021d,30218751526,https://github.com/lkminiPhantomWorld/welcome/actions/runs/30218751526,run_number=127; branch=agent/open-source-upload-evidence-20260727; status=completed
2026-07-26T20:20:12Z,2026-07-27T04:20:12+08:00,VERIFIED_TRUE,GitHub REST Actions,GITHUB_ACTION_RUN,Python Package using Conda,push -> failure,ky46738-ops,.github/workflows/python-package-conda.yml,ae6e1060279279319caf2c0e4fc9fe1622d8021d,30218751521,https://github.com/lkminiPhantomWorld/welcome/actions/runs/30218751521,run_number=107; branch=agent/open-source-upload-evidence-20260727; status=completed
2026-07-26T20:20:12Z,2026-07-27T04:20:12+08:00,VERIFIED_TRUE,GitHub REST Actions,GITHUB_ACTION_RUN,Gatekeeper,pull_request -> failure,ky46738-ops,.github/workflows/gatekeeper.yml,a44d619560f7c9725e7a2d73eed7b67ff9cb11e3,30218751425,https://github.com/lkminiPhantomWorld/welcome/actions/runs/30218751425,run_number=126; branch=agent/open-source-upload-evidence-20260727; status=completed
2026-07-26T20:20:13Z,2026-07-27T04:20:13+08:00,VERIFIED_TRUE,GitHub REST Actions,GITHUB_ACTION_RUN,PR #6,dynamic -> success,ky46738-ops,dynamic/github-code-scanning/codeql,ae6e1060279279319caf2c0e4fc9fe1622d8021d,30218751973,https://github.com/lkminiPhantomWorld/welcome/actions/runs/30218751973,run_number=90; branch=refs/pull/6/head; status=completed
2026-07-26T20:20:14Z,2026-07-27T04:20:14+08:00,VERIFIED_TRUE,GitHub REST Actions,GITHUB_ACTION_RUN,Python Package using Conda,push -> failure,ky46738-ops,.github/workflows/python-package-conda.yml,aa6a6a31f72fc98b9cd2484e60daff60e013fece,30218752896,https://github.com/lkminiPhantomWorld/welcome/actions/runs/30218752896,run_number=108; branch=agent/open-source-upload-evidence-20260727; status=completed
2026-07-26T20:20:14Z,2026-07-27T04:20:14+08:00,VERIFIED_TRUE,GitHub REST Actions,GITHUB_ACTION_RUN,Gatekeeper,push -> failure,ky46738-ops,.github/workflows/gatekeeper.yml,aa6a6a31f72fc98b9cd2484e60daff60e013fece,30218752891,https://github.com/lkminiPhantomWorld/welcome/actions/runs/30218752891,run_number=128; branch=agent/open-source-upload-evidence-20260727; status=completed
2026-07-26T20:20:15Z,2026-07-27T04:20:15+08:00,VERIFIED_TRUE,GitHub REST Actions,GITHUB_ACTION_RUN,Gatekeeper,pull_request -> failure,ky46738-ops,.github/workflows/gatekeeper.yml,aa6a6a31f72fc98b9cd2484e60daff60e013fece,30218753682,https://github.com/lkminiPhantomWorld/welcome/actions/runs/30218753682,run_number=129; branch=agent/open-source-upload-evidence-20260727; status=completed
2026-07-26T20:20:15Z,2026-07-27T04:20:15+08:00,VERIFIED_TRUE,GitHub REST Actions,GITHUB_ACTION_RUN,PR #6,dynamic -> success,ky46738-ops,dynamic/github-code-scanning/codeql,aa6a6a31f72fc98b9cd2484e60daff60e013fece,30218753064,https://github.com/lkminiPhantomWorld/welcome/actions/runs/30218753064,run_number=91; branch=refs/pull/6/head; status=completed
2026-07-26T20:20:17Z,2026-07-27T04:20:17+08:00,VERIFIED_TRUE,GitHub REST Actions,GITHUB_ACTION_RUN,PR #6,dynamic -> success,ky46738-ops,dynamic/github-code-scanning/codeql,0d52e5dedbb824848342093232cda674d33de855,30218754499,https://github.com/lkminiPhantomWorld/welcome/actions/runs/30218754499,run_number=92; branch=refs/pull/6/head; status=completed
2026-07-26T20:20:17Z,2026-07-27T04:20:17+08:00,VERIFIED_TRUE,GitHub REST Actions,GITHUB_ACTION_RUN,Gatekeeper,push -> failure,ky46738-ops,.github/workflows/gatekeeper.yml,0d52e5dedbb824848342093232cda674d33de855,30218754444,https://github.com/lkminiPhantomWorld/welcome/actions/runs/30218754444,run_number=130; branch=agent/open-source-upload-evidence-20260727; status=completed
2026-07-26T20:20:17Z,2026-07-27T04:20:17+08:00,VERIFIED_TRUE,GitHub REST Actions,GITHUB_ACTION_RUN,Python Package using Conda,push -> failure,ky46738-ops,.github/workflows/python-package-conda.yml,0d52e5dedbb824848342093232cda674d33de855,30218754423,https://github.com/lkminiPhantomWorld/welcome/actions/runs/30218754423,run_number=109; branch=agent/open-source-upload-evidence-20260727; status=completed
2026-07-26T20:20:18Z,2026-07-27T04:20:18+08:00,VERIFIED_TRUE,GitHub REST Actions,GITHUB_ACTION_RUN,Gatekeeper,push -> failure,ky46738-ops,.github/workflows/gatekeeper.yml,b29bc1da610940f27dec3e86d620fcdbb244fe16,30218755234,https://github.com/lkminiPhantomWorld/welcome/actions/runs/30218755234,run_number=131; branch=agent/open-source-upload-evidence-20260727; status=completed
2026-07-26T20:20:18Z,2026-07-27T04:20:18+08:00,VERIFIED_TRUE,GitHub REST Actions,GITHUB_ACTION_RUN,Python Package using Conda,push -> failure,ky46738-ops,.github/workflows/python-package-conda.yml,b29bc1da610940f27dec3e86d620fcdbb244fe16,30218755232,https://github.com/lkminiPhantomWorld/welcome/actions/runs/30218755232,run_number=110; branch=agent/open-source-upload-evidence-20260727; status=completed
2026-07-26T20:20:19Z,2026-07-27T04:20:19+08:00,VERIFIED_TRUE,GitHub REST Actions,GITHUB_ACTION_RUN,PR #6,dynamic -> success,ky46738-ops,dynamic/github-code-scanning/codeql,b29bc1da610940f27dec3e86d620fcdbb244fe16,30218755895,https://github.com/lkminiPhantomWorld/welcome/actions/runs/30218755895,run_number=93; branch=refs/pull/6/head; status=completed
2026-07-26T20:20:20Z,2026-07-27T04:20:20+08:00,VERIFIED_TRUE,GitHub REST Actions,GITHUB_ACTION_RUN,PR #6,dynamic -> success,ky46738-ops,dynamic/github-code-scanning/codeql,4b758ef9e7a9a73a451698ae2264508dc36575d8,30218756705,https://github.com/lkminiPhantomWorld/welcome/actions/runs/30218756705,run_number=94; branch=refs/pull/6/head; status=completed
2026-07-26T20:20:20Z,2026-07-27T04:20:20+08:00,VERIFIED_TRUE,GitHub REST Actions,GITHUB_ACTION_RUN,Gatekeeper,push -> failure,ky46738-ops,.github/workflows/gatekeeper.yml,4b758ef9e7a9a73a451698ae2264508dc36575d8,30218756281,https://github.com/lkminiPhantomWorld/welcome/actions/runs/30218756281,run_number=132; branch=agent/open-source-upload-evidence-20260727; status=completed
2026-07-26T20:20:20Z,2026-07-27T04:20:20+08:00,VERIFIED_TRUE,GitHub REST Actions,GITHUB_ACTION_RUN,Python Package using Conda,push -> failure,ky46738-ops,.github/workflows/python-package-conda.yml,4b758ef9e7a9a73a451698ae2264508dc36575d8,30218756263,https://github.com/lkminiPhantomWorld/welcome/actions/runs/30218756263,run_number=111; branch=agent/open-source-upload-evidence-20260727; status=completed
2026-07-26T20:20:21Z,2026-07-27T04:20:21+08:00,VERIFIED_TRUE,GitHub REST Actions,GITHUB_ACTION_RUN,Python Package using Conda,push -> failure,ky46738-ops,.github/workflows/python-package-conda.yml,764c792601eaa5fb13247c02267a050d4ea48bd6,30218757270,https://github.com/lkminiPhantomWorld/welcome/actions/runs/30218757270,run_number=112; branch=agent/open-source-upload-evidence-20260727; status=completed
2026-07-26T20:20:21Z,2026-07-27T04:20:21+08:00,VERIFIED_TRUE,GitHub REST Actions,GITHUB_ACTION_RUN,Gatekeeper,push -> failure,ky46738-ops,.github/workflows/gatekeeper.yml,764c792601eaa5fb13247c02267a050d4ea48bd6,30218757269,https://github.com/lkminiPhantomWorld/welcome/actions/runs/30218757269,run_number=134; branch=agent/open-source-upload-evidence-20260727; status=completed
2026-07-26T20:20:21Z,2026-07-27T04:20:21+08:00,VERIFIED_TRUE,GitHub REST Actions,GITHUB_ACTION_RUN,Gatekeeper,pull_request -> failure,ky46738-ops,.github/workflows/gatekeeper.yml,4b758ef9e7a9a73a451698ae2264508dc36575d8,30218757247,https://github.com/lkminiPhantomWorld/welcome/actions/runs/30218757247,run_number=133; branch=agent/open-source-upload-evidence-20260727; status=completed
2026-07-26T20:20:22Z,2026-07-27T04:20:22+08:00,VERIFIED_TRUE,GitHub REST Actions,GITHUB_ACTION_RUN,PR #6,dynamic -> success,ky46738-ops,dynamic/github-code-scanning/codeql,764c792601eaa5fb13247c02267a050d4ea48bd6,30218757675,https://github.com/lkminiPhantomWorld/welcome/actions/runs/30218757675,run_number=95; branch=refs/pull/6/head; status=completed
2026-07-26T20:20:24Z,2026-07-27T04:20:24+08:00,VERIFIED_TRUE,GitHub REST Actions,GITHUB_ACTION_RUN,PR #6,dynamic -> success,ky46738-ops,dynamic/github-code-scanning/codeql,22f1ef1cdde1fc6fedd9029786b939f5e964727d,30218758810,https://github.com/lkminiPhantomWorld/welcome/actions/runs/30218758810,run_number=96; branch=refs/pull/6/head; status=completed
2026-07-26T20:20:24Z,2026-07-27T04:20:24+08:00,VERIFIED_TRUE,GitHub REST Actions,GITHUB_ACTION_RUN,Python Package using Conda,push -> failure,ky46738-ops,.github/workflows/python-package-conda.yml,22f1ef1cdde1fc6fedd9029786b939f5e964727d,30218758660,https://github.com/lkminiPhantomWorld/welcome/actions/runs/30218758660,run_number=113; branch=agent/open-source-upload-evidence-20260727; status=completed
2026-07-26T20:20:24Z,2026-07-27T04:20:24+08:00,VERIFIED_TRUE,GitHub REST Actions,GITHUB_ACTION_RUN,Gatekeeper,push -> failure,ky46738-ops,.github/workflows/gatekeeper.yml,22f1ef1cdde1fc6fedd9029786b939f5e964727d,30218758653,https://github.com/lkminiPhantomWorld/welcome/actions/runs/30218758653,run_number=135; branch=agent/open-source-upload-evidence-20260727; status=completed
2026-07-26T20:20:25Z,2026-07-27T04:20:25+08:00,VERIFIED_TRUE,GitHub REST Actions,GITHUB_ACTION_RUN,Python Package using Conda,push -> failure,ky46738-ops,.github/workflows/python-package-conda.yml,1587c73e4c37dd7d810c313803d7d02f429ee564,30218759651,https://github.com/lkminiPhantomWorld/welcome/actions/runs/30218759651,run_number=114; branch=agent/open-source-upload-evidence-20260727; status=completed
2026-07-26T20:20:25Z,2026-07-27T04:20:25+08:00,VERIFIED_TRUE,GitHub REST Actions,GITHUB_ACTION_RUN,Gatekeeper,push -> failure,ky46738-ops,.github/workflows/gatekeeper.yml,1587c73e4c37dd7d810c313803d7d02f429ee564,30218759635,https://github.com/lkminiPhantomWorld/welcome/actions/runs/30218759635,run_number=137; branch=agent/open-source-upload-evidence-20260727; status=completed
2026-07-26T20:20:25Z,2026-07-27T04:20:25+08:00,VERIFIED_TRUE,GitHub REST Actions,GITHUB_ACTION_RUN,Gatekeeper,pull_request -> failure,ky46738-ops,.github/workflows/gatekeeper.yml,22f1ef1cdde1fc6fedd9029786b939f5e964727d,30218759144,https://github.com/lkminiPhantomWorld/welcome/actions/runs/30218759144,run_number=136; branch=agent/open-source-upload-evidence-20260727; status=completed
2026-07-26T20:20:26Z,2026-07-27T04:20:26+08:00,VERIFIED_TRUE,GitHub REST Actions,GITHUB_ACTION_RUN,PR #6,dynamic -> success,ky46738-ops,dynamic/github-code-scanning/codeql,1587c73e4c37dd7d810c313803d7d02f429ee564,30218759917,https://github.com/lkminiPhantomWorld/welcome/actions/runs/30218759917,run_number=97; branch=refs/pull/6/head; status=completed
2026-07-26T20:20:27Z,2026-07-27T04:20:27+08:00,VERIFIED_TRUE,GitHub REST Actions,GITHUB_ACTION_RUN,Gatekeeper,push -> failure,ky46738-ops,.github/workflows/gatekeeper.yml,e443d0a9ab9af5e476d215f4eefc1e3633c64be1,30218760666,https://github.com/lkminiPhantomWorld/welcome/actions/runs/30218760666,run_number=138; branch=agent/open-source-upload-evidence-20260727; status=completed
2026-07-26T20:20:27Z,2026-07-27T04:20:27+08:00,VERIFIED_TRUE,GitHub REST Actions,GITHUB_ACTION_RUN,Python Package using Conda,push -> failure,ky46738-ops,.github/workflows/python-package-conda.yml,e443d0a9ab9af5e476d215f4eefc1e3633c64be1,30218760628,https://github.com/lkminiPhantomWorld/welcome/actions/runs/30218760628,run_number=115; branch=agent/open-source-upload-evidence-20260727; status=completed
2026-07-26T20:20:28Z,2026-07-27T04:20:28+08:00,VERIFIED_TRUE,GitHub REST Actions,GITHUB_ACTION_RUN,Gatekeeper,pull_request -> failure,ky46738-ops,.github/workflows/gatekeeper.yml,e443d0a9ab9af5e476d215f4eefc1e3633c64be1,30218761252,https://github.com/lkminiPhantomWorld/welcome/actions/runs/30218761252,run_number=139; branch=agent/open-source-upload-evidence-20260727; status=completed
2026-07-26T20:20:28Z,2026-07-27T04:20:28+08:00,VERIFIED_TRUE,GitHub REST Actions,GITHUB_ACTION_RUN,PR #6,dynamic -> success,ky46738-ops,dynamic/github-code-scanning/codeql,e443d0a9ab9af5e476d215f4eefc1e3633c64be1,30218761144,https://github.com/lkminiPhantomWorld/welcome/actions/runs/30218761144,run_number=98; branch=refs/pull/6/head; status=completed
2026-07-26T20:20:29Z,2026-07-27T04:20:29+08:00,VERIFIED_TRUE,GitHub REST Actions,GITHUB_ACTION_RUN,PR #6,dynamic -> success,ky46738-ops,dynamic/github-code-scanning/codeql,bd800d6128eadeb7174a921f8e480331585bc04a,30218761979,https://github.com/lkminiPhantomWorld/welcome/actions/runs/30218761979,run_number=99; branch=refs/pull/6/head; status=completed
2026-07-26T20:20:29Z,2026-07-27T04:20:29+08:00,VERIFIED_TRUE,GitHub REST Actions,GITHUB_ACTION_RUN,Gatekeeper,push -> failure,ky46738-ops,.github/workflows/gatekeeper.yml,bd800d6128eadeb7174a921f8e480331585bc04a,30218761587,https://github.com/lkminiPhantomWorld/welcome/actions/runs/30218761587,run_number=140; branch=agent/open-source-upload-evidence-20260727; status=completed
2026-07-26T20:20:29Z,2026-07-27T04:20:29+08:00,VERIFIED_TRUE,GitHub REST Actions,GITHUB_ACTION_RUN,Python Package using Conda,push -> failure,ky46738-ops,.github/workflows/python-package-conda.yml,bd800d6128eadeb7174a921f8e480331585bc04a,30218761583,https://github.com/lkminiPhantomWorld/welcome/actions/runs/30218761583,run_number=116; branch=agent/open-source-upload-evidence-20260727; status=completed
2026-07-26T20:20:31Z,2026-07-27T04:20:31+08:00,VERIFIED_TRUE,GitHub REST Actions,GITHUB_ACTION_RUN,PR #6,dynamic -> success,ky46738-ops,dynamic/github-code-scanning/codeql,7b77a9b428365394c4255527ac8cdfb8a186c351,30218762905,https://github.com/lkminiPhantomWorld/welcome/actions/runs/30218762905,run_number=100; branch=refs/pull/6/head; status=completed
2026-07-26T20:20:31Z,2026-07-27T04:20:31+08:00,VERIFIED_TRUE,GitHub REST Actions,GITHUB_ACTION_RUN,Gatekeeper,push -> failure,ky46738-ops,.github/workflows/gatekeeper.yml,7b77a9b428365394c4255527ac8cdfb8a186c351,30218762705,https://github.com/lkminiPhantomWorld/welcome/actions/runs/30218762705,run_number=141; branch=agent/open-source-upload-evidence-20260727; status=completed
2026-07-26T20:20:31Z,2026-07-27T04:20:31+08:00,VERIFIED_TRUE,GitHub REST Actions,GITHUB_ACTION_RUN,Python Package using Conda,push -> failure,ky46738-ops,.github/workflows/python-package-conda.yml,7b77a9b428365394c4255527ac8cdfb8a186c351,30218762701,https://github.com/lkminiPhantomWorld/welcome/actions/runs/30218762701,run_number=117; branch=agent/open-source-upload-evidence-20260727; status=completed
2026-07-26T20:20:32Z,2026-07-27T04:20:32+08:00,VERIFIED_TRUE,GitHub REST Actions,GITHUB_ACTION_RUN,Python Package using Conda,push -> failure,ky46738-ops,.github/workflows/python-package-conda.yml,5240334fe50d96e67d6493c7fdffac5a35723205,30218763575,https://github.com/lkminiPhantomWorld/welcome/actions/runs/30218763575,run_number=118; branch=agent/open-source-upload-evidence-20260727; status=completed
2026-07-26T20:20:32Z,2026-07-27T04:20:32+08:00,VERIFIED_TRUE,GitHub REST Actions,GITHUB_ACTION_RUN,Gatekeeper,push -> failure,ky46738-ops,.github/workflows/gatekeeper.yml,5240334fe50d96e67d6493c7fdffac5a35723205,30218763546,https://github.com/lkminiPhantomWorld/welcome/actions/runs/30218763546,run_number=143; branch=agent/open-source-upload-evidence-20260727; status=completed
2026-07-26T20:20:32Z,2026-07-27T04:20:32+08:00,VERIFIED_TRUE,GitHub REST Actions,GITHUB_ACTION_RUN,Gatekeeper,pull_request -> failure,ky46738-ops,.github/workflows/gatekeeper.yml,7b77a9b428365394c4255527ac8cdfb8a186c351,30218763295,https://github.com/lkminiPhantomWorld/welcome/actions/runs/30218763295,run_number=142; branch=agent/open-source-upload-evidence-20260727; status=completed
2026-07-26T20:20:33Z,2026-07-27T04:20:33+08:00,VERIFIED_TRUE,GitHub REST Actions,GITHUB_ACTION_RUN,PR #6,dynamic -> success,ky46738-ops,dynamic/github-code-scanning/codeql,5240334fe50d96e67d6493c7fdffac5a35723205,30218764036,https://github.com/lkminiPhantomWorld/welcome/actions/runs/30218764036,run_number=101; branch=refs/pull/6/head; status=completed
2026-07-26T20:20:34Z,2026-07-27T04:20:34+08:00,VERIFIED_TRUE,GitHub REST Actions,GITHUB_ACTION_RUN,PR #6,dynamic -> success,ky46738-ops,dynamic/github-code-scanning/codeql,99556d106d25122af697a31edb1551cd9536d00b,30218764870,https://github.com/lkminiPhantomWorld/welcome/actions/runs/30218764870,run_number=102; branch=refs/pull/6/head; status=completed
2026-07-26T20:20:34Z,2026-07-27T04:20:34+08:00,VERIFIED_TRUE,GitHub REST Actions,GITHUB_ACTION_RUN,Gatekeeper,push -> failure,ky46738-ops,.github/workflows/gatekeeper.yml,99556d106d25122af697a31edb1551cd9536d00b,30218764538,https://github.com/lkminiPhantomWorld/welcome/actions/runs/30218764538,run_number=144; branch=agent/open-source-upload-evidence-20260727; status=completed
2026-07-26T20:20:34Z,2026-07-27T04:20:34+08:00,VERIFIED_TRUE,GitHub REST Actions,GITHUB_ACTION_RUN,Python Package using Conda,push -> failure,ky46738-ops,.github/workflows/python-package-conda.yml,99556d106d25122af697a31edb1551cd9536d00b,30218764529,https://github.com/lkminiPhantomWorld/welcome/actions/runs/30218764529,run_number=119; branch=agent/open-source-upload-evidence-20260727; status=completed
2026-07-26T20:20:36Z,2026-07-27T04:20:36+08:00,VERIFIED_TRUE,GitHub REST Actions,GITHUB_ACTION_RUN,PR #6,dynamic -> success,ky46738-ops,dynamic/github-code-scanning/codeql,7276da946fffc1b997fc00b67df88d0e8539ae99,30218765977,https://github.com/lkminiPhantomWorld/welcome/actions/runs/30218765977,run_number=103; branch=refs/pull/6/head; status=completed
2026-07-26T20:20:36Z,2026-07-27T04:20:36+08:00,VERIFIED_TRUE,GitHub REST Actions,GITHUB_ACTION_RUN,Gatekeeper,push -> failure,ky46738-ops,.github/workflows/gatekeeper.yml,7276da946fffc1b997fc00b67df88d0e8539ae99,30218765558,https://github.com/lkminiPhantomWorld/welcome/actions/runs/30218765558,run_number=145; branch=agent/open-source-upload-evidence-20260727; status=completed
2026-07-26T20:20:36Z,2026-07-27T04:20:36+08:00,VERIFIED_TRUE,GitHub REST Actions,GITHUB_ACTION_RUN,Python Package using Conda,push -> failure,ky46738-ops,.github/workflows/python-package-conda.yml,7276da946fffc1b997fc00b67df88d0e8539ae99,30218765553,https://github.com/lkminiPhantomWorld/welcome/actions/runs/30218765553,run_number=120; branch=agent/open-source-upload-evidence-20260727; status=completed
2026-07-26T20:20:37Z,2026-07-27T04:20:37+08:00,VERIFIED_TRUE,GitHub REST Actions,GITHUB_ACTION_RUN,Gatekeeper,pull_request -> failure,ky46738-ops,.github/workflows/gatekeeper.yml,7276da946fffc1b997fc00b67df88d0e8539ae99,30218766254,https://github.com/lkminiPhantomWorld/welcome/actions/runs/30218766254,run_number=146; branch=agent/open-source-upload-evidence-20260727; status=completed
2026-07-26T20:20:38Z,2026-07-27T04:20:38+08:00,VERIFIED_TRUE,GitHub REST Actions,GITHUB_ACTION_RUN,PR #6,dynamic -> success,ky46738-ops,dynamic/github-code-scanning/codeql,12c84b20bfe430957c329f8b35d542b26a4fa2c6,30218767057,https://github.com/lkminiPhantomWorld/welcome/actions/runs/30218767057,run_number=104; branch=refs/pull/6/head; status=completed
2026-07-26T20:20:38Z,2026-07-27T04:20:38+08:00,VERIFIED_TRUE,GitHub REST Actions,GITHUB_ACTION_RUN,Gatekeeper,push -> failure,ky46738-ops,.github/workflows/gatekeeper.yml,12c84b20bfe430957c329f8b35d542b26a4fa2c6,30218766716,https://github.com/lkminiPhantomWorld/welcome/actions/runs/30218766716,run_number=147; branch=agent/open-source-upload-evidence-20260727; status=completed
2026-07-26T20:20:38Z,2026-07-27T04:20:38+08:00,VERIFIED_TRUE,GitHub REST Actions,GITHUB_ACTION_RUN,Python Package using Conda,push -> failure,ky46738-ops,.github/workflows/python-package-conda.yml,12c84b20bfe430957c329f8b35d542b26a4fa2c6,30218766704,https://github.com/lkminiPhantomWorld/welcome/actions/runs/30218766704,run_number=121; branch=agent/open-source-upload-evidence-20260727; status=completed
2026-07-26T20:20:39Z,2026-07-27T04:20:39+08:00,VERIFIED_TRUE,GitHub REST Actions,GITHUB_ACTION_RUN,Python Package using Conda,push -> failure,ky46738-ops,.github/workflows/python-package-conda.yml,d9180cc1a8d9c45f0169e8a664deaccbf8821e9e,30218767668,https://github.com/lkminiPhantomWorld/welcome/actions/runs/30218767668,run_number=122; branch=agent/open-source-upload-evidence-20260727; status=completed
2026-07-26T20:20:39Z,2026-07-27T04:20:39+08:00,VERIFIED_TRUE,GitHub REST Actions,GITHUB_ACTION_RUN,Gatekeeper,push -> failure,ky46738-ops,.github/workflows/gatekeeper.yml,d9180cc1a8d9c45f0169e8a664deaccbf8821e9e,30218767666,https://github.com/lkminiPhantomWorld/welcome/actions/runs/30218767666,run_number=148; branch=agent/open-source-upload-evidence-20260727; status=completed
2026-07-26T20:20:40Z,2026-07-27T04:20:40+08:00,VERIFIED_TRUE,GitHub REST Actions,GITHUB_ACTION_RUN,PR #6,dynamic -> success,ky46738-ops,dynamic/github-code-scanning/codeql,d9180cc1a8d9c45f0169e8a664deaccbf8821e9e,30218767987,https://github.com/lkminiPhantomWorld/welcome/actions/runs/30218767987,run_number=105; branch=refs/pull/6/head; status=completed
2026-07-26T20:20:41Z,2026-07-27T04:20:41+08:00,VERIFIED_TRUE,GitHub REST Actions,GITHUB_ACTION_RUN,Gatekeeper,pull_request -> failure,ky46738-ops,.github/workflows/gatekeeper.yml,d9180cc1a8d9c45f0169e8a664deaccbf8821e9e,30218768573,https://github.com/lkminiPhantomWorld/welcome/actions/runs/30218768573,run_number=149; branch=agent/open-source-upload-evidence-20260727; status=completed
2026-07-26T20:20:42Z,2026-07-27T04:20:42+08:00,VERIFIED_TRUE,GitHub REST Actions,GITHUB_ACTION_RUN,Gatekeeper,push -> failure,ky46738-ops,.github/workflows/gatekeeper.yml,e8eea30befd3c51ef21c782d4d2cd20aead1aeda,30218769354,https://github.com/lkminiPhantomWorld/welcome/actions/runs/30218769354,run_number=150; branch=agent/open-source-upload-evidence-20260727; status=completed
2026-07-26T20:20:42Z,2026-07-27T04:20:42+08:00,VERIFIED_TRUE,GitHub REST Actions,GITHUB_ACTION_RUN,Python Package using Conda,push -> failure,ky46738-ops,.github/workflows/python-package-conda.yml,e8eea30befd3c51ef21c782d4d2cd20aead1aeda,30218769338,https://github.com/lkminiPhantomWorld/welcome/actions/runs/30218769338,run_number=123; branch=agent/open-source-upload-evidence-20260727; status=completed
2026-07-26T20:20:43Z,2026-07-27T04:20:43+08:00,VERIFIED_TRUE,GitHub REST Actions,GITHUB_ACTION_RUN,PR #6,dynamic -> success,ky46738-ops,dynamic/github-code-scanning/codeql,e8eea30befd3c51ef21c782d4d2cd20aead1aeda,30218769538,https://github.com/lkminiPhantomWorld/welcome/actions/runs/30218769538,run_number=106; branch=refs/pull/6/head; status=completed
2026-07-26T20:20:45Z,2026-07-27T04:20:45+08:00,VERIFIED_TRUE,GitHub REST Actions,GITHUB_ACTION_RUN,PR #6,dynamic -> success,ky46738-ops,dynamic/github-code-scanning/codeql,514e2dfcd11a011d40c94593489ee68591f2e74d,30218770711,https://github.com/lkminiPhantomWorld/welcome/actions/runs/30218770711,run_number=107; branch=refs/pull/6/head; status=completed
2026-07-26T20:20:45Z,2026-07-27T04:20:45+08:00,VERIFIED_TRUE,GitHub REST Actions,GITHUB_ACTION_RUN,Gatekeeper,push -> failure,ky46738-ops,.github/workflows/gatekeeper.yml,514e2dfcd11a011d40c94593489ee68591f2e74d,30218770683,https://github.com/lkminiPhantomWorld/welcome/actions/runs/30218770683,run_number=151; branch=agent/open-source-upload-evidence-20260727; status=completed
2026-07-26T20:20:45Z,2026-07-27T04:20:45+08:00,VERIFIED_TRUE,GitHub REST Actions,GITHUB_ACTION_RUN,Python Package using Conda,push -> failure,ky46738-ops,.github/workflows/python-package-conda.yml,514e2dfcd11a011d40c94593489ee68591f2e74d,30218770681,https://github.com/lkminiPhantomWorld/welcome/actions/runs/30218770681,run_number=124; branch=agent/open-source-upload-evidence-20260727; status=completed
2026-07-26T20:20:46Z,2026-07-27T04:20:46+08:00,VERIFIED_TRUE,GitHub REST Actions,GITHUB_ACTION_RUN,Python Package using Conda,push -> failure,ky46738-ops,.github/workflows/python-package-conda.yml,ae711117721c39bba81af7cbe3a782b551001012,30218771734,https://github.com/lkminiPhantomWorld/welcome/actions/runs/30218771734,run_number=125; branch=agent/open-source-upload-evidence-20260727; status=completed
2026-07-26T20:20:46Z,2026-07-27T04:20:46+08:00,VERIFIED_TRUE,GitHub REST Actions,GITHUB_ACTION_RUN,Gatekeeper,push -> failure,ky46738-ops,.github/workflows/gatekeeper.yml,ae711117721c39bba81af7cbe3a782b551001012,30218771727,https://github.com/lkminiPhantomWorld/welcome/actions/runs/30218771727,run_number=153; branch=agent/open-source-upload-evidence-20260727; status=completed
2026-07-26T20:20:46Z,2026-07-27T04:20:46+08:00,VERIFIED_TRUE,GitHub REST Actions,GITHUB_ACTION_RUN,Gatekeeper,pull_request -> failure,ky46738-ops,.github/workflows/gatekeeper.yml,514e2dfcd11a011d40c94593489ee68591f2e74d,30218771501,https://github.com/lkminiPhantomWorld/welcome/actions/runs/30218771501,run_number=152; branch=agent/open-source-upload-evidence-20260727; status=completed
2026-07-26T20:20:47Z,2026-07-27T04:20:47+08:00,VERIFIED_TRUE,GitHub REST Actions,GITHUB_ACTION_RUN,PR #6,dynamic -> success,ky46738-ops,dynamic/github-code-scanning/codeql,ae711117721c39bba81af7cbe3a782b551001012,30218771998,https://github.com/lkminiPhantomWorld/welcome/actions/runs/30218771998,run_number=108; branch=refs/pull/6/head; status=completed
2026-07-26T20:20:48Z,2026-07-27T04:20:48+08:00,VERIFIED_TRUE,GitHub REST Actions,GITHUB_ACTION_RUN,Gatekeeper,push -> failure,ky46738-ops,.github/workflows/gatekeeper.yml,adcf3706a42c6f930d2fe49c8397103ecbcf6038,30218772736,https://github.com/lkminiPhantomWorld/welcome/actions/runs/30218772736,run_number=154; branch=agent/open-source-upload-evidence-20260727; status=completed
2026-07-26T20:20:48Z,2026-07-27T04:20:48+08:00,VERIFIED_TRUE,GitHub REST Actions,GITHUB_ACTION_RUN,Python Package using Conda,push -> failure,ky46738-ops,.github/workflows/python-package-conda.yml,adcf3706a42c6f930d2fe49c8397103ecbcf6038,30218772712,https://github.com/lkminiPhantomWorld/welcome/actions/runs/30218772712,run_number=126; branch=agent/open-source-upload-evidence-20260727; status=completed
2026-07-26T20:20:49Z,2026-07-27T04:20:49+08:00,VERIFIED_TRUE,GitHub REST Actions,GITHUB_ACTION_RUN,PR #6,dynamic -> success,ky46738-ops,dynamic/github-code-scanning/codeql,adcf3706a42c6f930d2fe49c8397103ecbcf6038,30218773302,https://github.com/lkminiPhantomWorld/welcome/actions/runs/30218773302,run_number=109; branch=refs/pull/6/head; status=completed
2026-07-26T20:20:50Z,2026-07-27T04:20:50+08:00,VERIFIED_TRUE,GitHub REST Actions,GITHUB_ACTION_RUN,Gatekeeper,push -> failure,ky46738-ops,.github/workflows/gatekeeper.yml,6b63e5d724b47b242e16c21be532166ee3e512c9,30218773983,https://github.com/lkminiPhantomWorld/welcome/actions/runs/30218773983,run_number=156; branch=agent/open-source-upload-evidence-20260727; status=completed
2026-07-26T20:20:50Z,2026-07-27T04:20:50+08:00,VERIFIED_TRUE,GitHub REST Actions,GITHUB_ACTION_RUN,Python Package using Conda,push -> failure,ky46738-ops,.github/workflows/python-package-conda.yml,6b63e5d724b47b242e16c21be532166ee3e512c9,30218773981,https://github.com/lkminiPhantomWorld/welcome/actions/runs/30218773981,run_number=127; branch=agent/open-source-upload-evidence-20260727; status=completed
2026-07-26T20:20:50Z,2026-07-27T04:20:50+08:00,VERIFIED_TRUE,GitHub REST Actions,GITHUB_ACTION_RUN,Gatekeeper,pull_request -> failure,ky46738-ops,.github/workflows/gatekeeper.yml,adcf3706a42c6f930d2fe49c8397103ecbcf6038,30218773600,https://github.com/lkminiPhantomWorld/welcome/actions/runs/30218773600,run_number=155; branch=agent/open-source-upload-evidence-20260727; status=completed
2026-07-26T20:20:51Z,2026-07-27T04:20:51+08:00,VERIFIED_TRUE,GitHub REST Actions,GITHUB_ACTION_RUN,PR #6,dynamic -> success,ky46738-ops,dynamic/github-code-scanning/codeql,6b63e5d724b47b242e16c21be532166ee3e512c9,30218774282,https://github.com/lkminiPhantomWorld/welcome/actions/runs/30218774282,run_number=110; branch=refs/pull/6/head; status=completed
2026-07-26T20:20:53Z,2026-07-27T04:20:53+08:00,VERIFIED_TRUE,GitHub REST Actions,GITHUB_ACTION_RUN,Gatekeeper,pull_request -> failure,ky46738-ops,.github/workflows/gatekeeper.yml,6b63e5d724b47b242e16c21be532166ee3e512c9,30218775311,https://github.com/lkminiPhantomWorld/welcome/actions/runs/30218775311,run_number=157; branch=agent/open-source-upload-evidence-20260727; status=completed
2026-07-26T20:20:58Z,2026-07-27T04:20:58+08:00,VERIFIED_TRUE,GitHub REST Actions,GITHUB_ACTION_RUN,PR #6,dynamic -> success,ky46738-ops,dynamic/github-code-scanning/codeql,0dac1a649c788aba8f534116544ad74b58c3581e,30218778465,https://github.com/lkminiPhantomWorld/welcome/actions/runs/30218778465,run_number=111; branch=refs/pull/6/head; status=completed
2026-07-26T20:20:58Z,2026-07-27T04:20:58+08:00,VERIFIED_TRUE,GitHub REST Actions,GITHUB_ACTION_RUN,Gatekeeper,push -> failure,ky46738-ops,.github/workflows/gatekeeper.yml,0dac1a649c788aba8f534116544ad74b58c3581e,30218778243,https://github.com/lkminiPhantomWorld/welcome/actions/runs/30218778243,run_number=158; branch=agent/open-source-upload-evidence-20260727; status=completed
2026-07-26T20:20:58Z,2026-07-27T04:20:58+08:00,VERIFIED_TRUE,GitHub REST Actions,GITHUB_ACTION_RUN,Python Package using Conda,push -> failure,ky46738-ops,.github/workflows/python-package-conda.yml,0dac1a649c788aba8f534116544ad74b58c3581e,30218778226,https://github.com/lkminiPhantomWorld/welcome/actions/runs/30218778226,run_number=128; branch=agent/open-source-upload-evidence-20260727; status=completed
2026-07-26T20:20:59Z,2026-07-27T04:20:59+08:00,VERIFIED_TRUE,GitHub REST Actions,GITHUB_ACTION_RUN,Python Package using Conda,push -> failure,ky46738-ops,.github/workflows/python-package-conda.yml,c34a2447c8a7fd206519996bdc9855c0e5436805,30218779248,https://github.com/lkminiPhantomWorld/welcome/actions/runs/30218779248,run_number=129; branch=agent/open-source-upload-evidence-20260727; status=completed
2026-07-26T20:20:59Z,2026-07-27T04:20:59+08:00,VERIFIED_TRUE,GitHub REST Actions,GITHUB_ACTION_RUN,Gatekeeper,push -> failure,ky46738-ops,.github/workflows/gatekeeper.yml,c34a2447c8a7fd206519996bdc9855c0e5436805,30218779237,https://github.com/lkminiPhantomWorld/welcome/actions/runs/30218779237,run_number=159; branch=agent/open-source-upload-evidence-20260727; status=completed
2026-07-26T20:21:00Z,2026-07-27T04:21:00+08:00,VERIFIED_TRUE,GitHub REST Actions,GITHUB_ACTION_RUN,PR #6,dynamic -> success,ky46738-ops,dynamic/github-code-scanning/codeql,c34a2447c8a7fd206519996bdc9855c0e5436805,30218779675,https://github.com/lkminiPhantomWorld/welcome/actions/runs/30218779675,run_number=112; branch=refs/pull/6/head; status=completed
2026-07-26T20:21:01Z,2026-07-27T04:21:01+08:00,VERIFIED_TRUE,GitHub REST Actions,GITHUB_ACTION_RUN,Python Package using Conda,push -> failure,ky46738-ops,.github/workflows/python-package-conda.yml,bd9d8d6af0a2eb1ed9bee77a60efbe1b14ccb804,30218780322,https://github.com/lkminiPhantomWorld/welcome/actions/runs/30218780322,run_number=130; branch=agent/open-source-upload-evidence-20260727; status=completed
2026-07-26T20:21:01Z,2026-07-27T04:21:01+08:00,VERIFIED_TRUE,GitHub REST Actions,GITHUB_ACTION_RUN,Gatekeeper,push -> failure,ky46738-ops,.github/workflows/gatekeeper.yml,bd9d8d6af0a2eb1ed9bee77a60efbe1b14ccb804,30218780306,https://github.com/lkminiPhantomWorld/welcome/actions/runs/30218780306,run_number=161; branch=agent/open-source-upload-evidence-20260727; status=completed
2026-07-26T20:21:01Z,2026-07-27T04:21:01+08:00,VERIFIED_TRUE,GitHub REST Actions,GITHUB_ACTION_RUN,Gatekeeper,pull_request -> failure,ky46738-ops,.github/workflows/gatekeeper.yml,c34a2447c8a7fd206519996bdc9855c0e5436805,30218780014,https://github.com/lkminiPhantomWorld/welcome/actions/runs/30218780014,run_number=160; branch=agent/open-source-upload-evidence-20260727; status=completed
2026-07-26T20:21:02Z,2026-07-27T04:21:02+08:00,VERIFIED_TRUE,GitHub REST Actions,GITHUB_ACTION_RUN,PR #6,dynamic -> success,ky46738-ops,dynamic/github-code-scanning/codeql,bd9d8d6af0a2eb1ed9bee77a60efbe1b14ccb804,30218780706,https://github.com/lkminiPhantomWorld/welcome/actions/runs/30218780706,run_number=113; branch=refs/pull/6/head; status=completed
2026-07-26T20:21:03Z,2026-07-27T04:21:03+08:00,VERIFIED_TRUE,GitHub REST Actions,GITHUB_ACTION_RUN,Gatekeeper,push -> failure,ky46738-ops,.github/workflows/gatekeeper.yml,03b7df0ec05a7db19ccfe276106ba11167dbb654,30218781478,https://github.com/lkminiPhantomWorld/welcome/actions/runs/30218781478,run_number=162; branch=agent/open-source-upload-evidence-20260727; status=completed
2026-07-26T20:21:03Z,2026-07-27T04:21:03+08:00,VERIFIED_TRUE,GitHub REST Actions,GITHUB_ACTION_RUN,Python Package using Conda,push -> failure,ky46738-ops,.github/workflows/python-package-conda.yml,03b7df0ec05a7db19ccfe276106ba11167dbb654,30218781463,https://github.com/lkminiPhantomWorld/welcome/actions/runs/30218781463,run_number=131; branch=agent/open-source-upload-evidence-20260727; status=completed
2026-07-26T20:21:04Z,2026-07-27T04:21:04+08:00,VERIFIED_TRUE,GitHub REST Actions,GITHUB_ACTION_RUN,PR #6,dynamic -> success,ky46738-ops,dynamic/github-code-scanning/codeql,03b7df0ec05a7db19ccfe276106ba11167dbb654,30218781940,https://github.com/lkminiPhantomWorld/welcome/actions/runs/30218781940,run_number=114; branch=refs/pull/6/head; status=completed
2026-07-26T20:21:05Z,2026-07-27T04:21:05+08:00,VERIFIED_TRUE,GitHub REST Actions,GITHUB_ACTION_RUN,Python Package using Conda,push -> failure,ky46738-ops,.github/workflows/python-package-conda.yml,11db74e8d6808ffd34814f6687b48a70a383f2e6,30218782715,https://github.com/lkminiPhantomWorld/welcome/actions/runs/30218782715,run_number=132; branch=agent/open-source-upload-evidence-20260727; status=completed
2026-07-26T20:21:05Z,2026-07-27T04:21:05+08:00,VERIFIED_TRUE,GitHub REST Actions,GITHUB_ACTION_RUN,Gatekeeper,push -> failure,ky46738-ops,.github/workflows/gatekeeper.yml,11db74e8d6808ffd34814f6687b48a70a383f2e6,30218782703,https://github.com/lkminiPhantomWorld/welcome/actions/runs/30218782703,run_number=164; branch=agent/open-source-upload-evidence-20260727; status=completed
2026-07-26T20:21:05Z,2026-07-27T04:21:05+08:00,VERIFIED_TRUE,GitHub REST Actions,GITHUB_ACTION_RUN,Gatekeeper,pull_request -> failure,ky46738-ops,.github/workflows/gatekeeper.yml,03b7df0ec05a7db19ccfe276106ba11167dbb654,30218782421,https://github.com/lkminiPhantomWorld/welcome/actions/runs/30218782421,run_number=163; branch=agent/open-source-upload-evidence-20260727; status=completed
2026-07-26T20:21:06Z,2026-07-27T04:21:06+08:00,VERIFIED_TRUE,GitHub REST Actions,GITHUB_ACTION_RUN,PR #6,dynamic -> success,ky46738-ops,dynamic/github-code-scanning/codeql,11db74e8d6808ffd34814f6687b48a70a383f2e6,30218782850,https://github.com/lkminiPhantomWorld/welcome/actions/runs/30218782850,run_number=115; branch=refs/pull/6/head; status=completed
2026-07-26T20:21:07Z,2026-07-27T04:21:07+08:00,VERIFIED_TRUE,GitHub REST Actions,GITHUB_ACTION_RUN,Gatekeeper,push -> failure,ky46738-ops,.github/workflows/gatekeeper.yml,a247521eb2bfb80acca71c6f315a31ade1d1ce95,30218783908,https://github.com/lkminiPhantomWorld/welcome/actions/runs/30218783908,run_number=165; branch=agent/open-source-upload-evidence-20260727; status=completed
2026-07-26T20:21:07Z,2026-07-27T04:21:07+08:00,VERIFIED_TRUE,GitHub REST Actions,GITHUB_ACTION_RUN,Python Package using Conda,push -> failure,ky46738-ops,.github/workflows/python-package-conda.yml,a247521eb2bfb80acca71c6f315a31ade1d1ce95,30218783892,https://github.com/lkminiPhantomWorld/welcome/actions/runs/30218783892,run_number=133; branch=agent/open-source-upload-evidence-20260727; status=completed
2026-07-26T20:21:08Z,2026-07-27T04:21:08+08:00,VERIFIED_TRUE,GitHub REST Actions,GITHUB_ACTION_RUN,PR #6,dynamic -> success,ky46738-ops,dynamic/github-code-scanning/codeql,a247521eb2bfb80acca71c6f315a31ade1d1ce95,30218784156,https://github.com/lkminiPhantomWorld/welcome/actions/runs/30218784156,run_number=116; branch=refs/pull/6/head; status=completed
2026-07-26T20:21:09Z,2026-07-27T04:21:09+08:00,VERIFIED_TRUE,GitHub REST Actions,GITHUB_ACTION_RUN,PR #6,dynamic -> success,ky46738-ops,dynamic/github-code-scanning/codeql,7de70cddb305499eb724281ee69c6f769a13649b,30218785228,https://github.com/lkminiPhantomWorld/welcome/actions/runs/30218785228,run_number=117; branch=refs/pull/6/head; status=completed
2026-07-26T20:21:09Z,2026-07-27T04:21:09+08:00,VERIFIED_TRUE,GitHub REST Actions,GITHUB_ACTION_RUN,Python Package using Conda,push -> failure,ky46738-ops,.github/workflows/python-package-conda.yml,7de70cddb305499eb724281ee69c6f769a13649b,30218785076,https://github.com/lkminiPhantomWorld/welcome/actions/runs/30218785076,run_number=134; branch=agent/open-source-upload-evidence-20260727; status=completed
2026-07-26T20:21:09Z,2026-07-27T04:21:09+08:00,VERIFIED_TRUE,GitHub REST Actions,GITHUB_ACTION_RUN,Gatekeeper,push -> failure,ky46738-ops,.github/workflows/gatekeeper.yml,7de70cddb305499eb724281ee69c6f769a13649b,30218785035,https://github.com/lkminiPhantomWorld/welcome/actions/runs/30218785035,run_number=167; branch=agent/open-source-upload-evidence-20260727; status=completed
2026-07-26T20:21:09Z,2026-07-27T04:21:09+08:00,VERIFIED_TRUE,GitHub REST Actions,GITHUB_ACTION_RUN,Gatekeeper,pull_request -> failure,ky46738-ops,.github/workflows/gatekeeper.yml,a247521eb2bfb80acca71c6f315a31ade1d1ce95,30218784639,https://github.com/lkminiPhantomWorld/welcome/actions/runs/30218784639,run_number=166; branch=agent/open-source-upload-evidence-20260727; status=completed
2026-07-26T20:21:11Z,2026-07-27T04:21:11+08:00,VERIFIED_TRUE,GitHub REST Actions,GITHUB_ACTION_RUN,PR #6,dynamic -> success,ky46738-ops,dynamic/github-code-scanning/codeql,ff0daa697543aa08bc406fb48db03883c070a15d,30218786207,https://github.com/lkminiPhantomWorld/welcome/actions/runs/30218786207,run_number=118; branch=refs/pull/6/head; status=completed
2026-07-26T20:21:11Z,2026-07-27T04:21:11+08:00,VERIFIED_TRUE,GitHub REST Actions,GITHUB_ACTION_RUN,Python Package using Conda,push -> failure,ky46738-ops,.github/workflows/python-package-conda.yml,ff0daa697543aa08bc406fb48db03883c070a15d,30218785860,https://github.com/lkminiPhantomWorld/welcome/actions/runs/30218785860,run_number=135; branch=agent/open-source-upload-evidence-20260727; status=completed
2026-07-26T20:21:11Z,2026-07-27T04:21:11+08:00,VERIFIED_TRUE,GitHub REST Actions,GITHUB_ACTION_RUN,Gatekeeper,push -> failure,ky46738-ops,.github/workflows/gatekeeper.yml,ff0daa697543aa08bc406fb48db03883c070a15d,30218785859,https://github.com/lkminiPhantomWorld/welcome/actions/runs/30218785859,run_number=168; branch=agent/open-source-upload-evidence-20260727; status=completed
2026-07-26T20:21:12Z,2026-07-27T04:21:12+08:00,VERIFIED_TRUE,GitHub REST Actions,GITHUB_ACTION_RUN,Gatekeeper,pull_request -> failure,ky46738-ops,.github/workflows/gatekeeper.yml,ff0daa697543aa08bc406fb48db03883c070a15d,30218786691,https://github.com/lkminiPhantomWorld/welcome/actions/runs/30218786691,run_number=169; branch=agent/open-source-upload-evidence-20260727; status=completed
2026-07-26T20:21:13Z,2026-07-27T04:21:13+08:00,VERIFIED_TRUE,GitHub REST Actions,GITHUB_ACTION_RUN,PR #6,dynamic -> success,ky46738-ops,dynamic/github-code-scanning/codeql,b5774575b2676120df6b23577aab355f3b2d4e8f,30218787356,https://github.com/lkminiPhantomWorld/welcome/actions/runs/30218787356,run_number=119; branch=refs/pull/6/head; status=completed
2026-07-26T20:21:13Z,2026-07-27T04:21:13+08:00,VERIFIED_TRUE,GitHub REST Actions,GITHUB_ACTION_RUN,Gatekeeper,push -> failure,ky46738-ops,.github/workflows/gatekeeper.yml,b5774575b2676120df6b23577aab355f3b2d4e8f,30218787087,https://github.com/lkminiPhantomWorld/welcome/actions/runs/30218787087,run_number=170; branch=agent/open-source-upload-evidence-20260727; status=completed
2026-07-26T20:21:13Z,2026-07-27T04:21:13+08:00,VERIFIED_TRUE,GitHub REST Actions,GITHUB_ACTION_RUN,Python Package using Conda,push -> failure,ky46738-ops,.github/workflows/python-package-conda.yml,b5774575b2676120df6b23577aab355f3b2d4e8f,30218787085,https://github.com/lkminiPhantomWorld/welcome/actions/runs/30218787085,run_number=136; branch=agent/open-source-upload-evidence-20260727; status=completed
2026-07-26T20:21:15Z,2026-07-27T04:21:15+08:00,VERIFIED_TRUE,GitHub REST Actions,GITHUB_ACTION_RUN,Gatekeeper,push -> failure,ky46738-ops,.github/workflows/gatekeeper.yml,fb8e810fb6d4b88075f218454b14e04743290f18,30218788168,https://github.com/lkminiPhantomWorld/welcome/actions/runs/30218788168,run_number=171; branch=agent/open-source-upload-evidence-20260727; status=completed
2026-07-26T20:21:15Z,2026-07-27T04:21:15+08:00,VERIFIED_TRUE,GitHub REST Actions,GITHUB_ACTION_RUN,Python Package using Conda,push -> failure,ky46738-ops,.github/workflows/python-package-conda.yml,fb8e810fb6d4b88075f218454b14e04743290f18,30218788156,https://github.com/lkminiPhantomWorld/welcome/actions/runs/30218788156,run_number=137; branch=agent/open-source-upload-evidence-20260727; status=completed
2026-07-26T20:21:16Z,2026-07-27T04:21:16+08:00,VERIFIED_TRUE,GitHub REST Actions,GITHUB_ACTION_RUN,Gatekeeper,pull_request -> failure,ky46738-ops,.github/workflows/gatekeeper.yml,fb8e810fb6d4b88075f218454b14e04743290f18,30218788984,https://github.com/lkminiPhantomWorld/welcome/actions/runs/30218788984,run_number=172; branch=agent/open-source-upload-evidence-20260727; status=completed
2026-07-26T20:21:16Z,2026-07-27T04:21:16+08:00,VERIFIED_TRUE,GitHub REST Actions,GITHUB_ACTION_RUN,PR #6,dynamic -> success,ky46738-ops,dynamic/github-code-scanning/codeql,fb8e810fb6d4b88075f218454b14e04743290f18,30218788594,https://github.com/lkminiPhantomWorld/welcome/actions/runs/30218788594,run_number=120; branch=refs/pull/6/head; status=completed
2026-07-26T20:21:17Z,2026-07-27T04:21:17+08:00,VERIFIED_TRUE,GitHub REST Actions,GITHUB_ACTION_RUN,PR #6,dynamic -> success,ky46738-ops,dynamic/github-code-scanning/codeql,bba351321f64925f99cb2e061d014e84b393b7ae,30218789511,https://github.com/lkminiPhantomWorld/welcome/actions/runs/30218789511,run_number=121; branch=refs/pull/6/head; status=completed
2026-07-26T20:21:17Z,2026-07-27T04:21:17+08:00,VERIFIED_TRUE,GitHub REST Actions,GITHUB_ACTION_RUN,Python Package using Conda,push -> failure,ky46738-ops,.github/workflows/python-package-conda.yml,bba351321f64925f99cb2e061d014e84b393b7ae,30218789244,https://github.com/lkminiPhantomWorld/welcome/actions/runs/30218789244,run_number=138; branch=agent/open-source-upload-evidence-20260727; status=completed
2026-07-26T20:21:17Z,2026-07-27T04:21:17+08:00,VERIFIED_TRUE,GitHub REST Actions,GITHUB_ACTION_RUN,Gatekeeper,push -> failure,ky46738-ops,.github/workflows/gatekeeper.yml,bba351321f64925f99cb2e061d014e84b393b7ae,30218789238,https://github.com/lkminiPhantomWorld/welcome/actions/runs/30218789238,run_number=173; branch=agent/open-source-upload-evidence-20260727; status=completed
2026-07-26T20:21:19Z,2026-07-27T04:21:19+08:00,VERIFIED_TRUE,GitHub REST Actions,GITHUB_ACTION_RUN,PR #6,dynamic -> success,ky46738-ops,dynamic/github-code-scanning/codeql,21edd855b3d0f5e7e79c5a5959cd712de02a04b2,30218790930,https://github.com/lkminiPhantomWorld/welcome/actions/runs/30218790930,run_number=122; branch=refs/pull/6/head; status=completed
2026-07-26T20:21:19Z,2026-07-27T04:21:19+08:00,VERIFIED_TRUE,GitHub REST Actions,GITHUB_ACTION_RUN,Python Package using Conda,push -> failure,ky46738-ops,.github/workflows/python-package-conda.yml,21edd855b3d0f5e7e79c5a5959cd712de02a04b2,30218790413,https://github.com/lkminiPhantomWorld/welcome/actions/runs/30218790413,run_number=139; branch=agent/open-source-upload-evidence-20260727; status=completed
2026-07-26T20:21:19Z,2026-07-27T04:21:19+08:00,VERIFIED_TRUE,GitHub REST Actions,GITHUB_ACTION_RUN,Gatekeeper,push -> failure,ky46738-ops,.github/workflows/gatekeeper.yml,21edd855b3d0f5e7e79c5a5959cd712de02a04b2,30218790411,https://github.com/lkminiPhantomWorld/welcome/actions/runs/30218790411,run_number=174; branch=agent/open-source-upload-evidence-20260727; status=completed
2026-07-26T20:21:20Z,2026-07-27T04:21:20+08:00,VERIFIED_TRUE,GitHub REST Actions,GITHUB_ACTION_RUN,Python Package using Conda,push -> failure,ky46738-ops,.github/workflows/python-package-conda.yml,934d365a78f31dde8c948041ada689b564a65a63,30218791552,https://github.com/lkminiPhantomWorld/welcome/actions/runs/30218791552,run_number=140; branch=agent/open-source-upload-evidence-20260727; status=completed
2026-07-26T20:21:20Z,2026-07-27T04:21:20+08:00,VERIFIED_TRUE,GitHub REST Actions,GITHUB_ACTION_RUN,Gatekeeper,push -> failure,ky46738-ops,.github/workflows/gatekeeper.yml,934d365a78f31dde8c948041ada689b564a65a63,30218791550,https://github.com/lkminiPhantomWorld/welcome/actions/runs/30218791550,run_number=176; branch=agent/open-source-upload-evidence-20260727; status=completed
2026-07-26T20:21:20Z,2026-07-27T04:21:20+08:00,VERIFIED_TRUE,GitHub REST Actions,GITHUB_ACTION_RUN,Gatekeeper,pull_request -> failure,ky46738-ops,.github/workflows/gatekeeper.yml,21edd855b3d0f5e7e79c5a5959cd712de02a04b2,30218791234,https://github.com/lkminiPhantomWorld/welcome/actions/runs/30218791234,run_number=175; branch=agent/open-source-upload-evidence-20260727; status=completed
2026-07-26T20:21:21Z,2026-07-27T04:21:21+08:00,VERIFIED_TRUE,GitHub REST Actions,GITHUB_ACTION_RUN,PR #6,dynamic -> success,ky46738-ops,dynamic/github-code-scanning/codeql,934d365a78f31dde8c948041ada689b564a65a63,30218791857,https://github.com/lkminiPhantomWorld/welcome/actions/runs/30218791857,run_number=123; branch=refs/pull/6/head; status=completed
2026-07-26T20:21:22Z,2026-07-27T04:21:22+08:00,VERIFIED_TRUE,GitHub REST Actions,GITHUB_ACTION_RUN,Gatekeeper,push -> failure,ky46738-ops,.github/workflows/gatekeeper.yml,c822f5ee10426aa651ea424a51d70b589b34c751,30218792675,https://github.com/lkminiPhantomWorld/welcome/actions/runs/30218792675,run_number=177; branch=agent/open-source-upload-evidence-20260727; status=completed
2026-07-26T20:21:22Z,2026-07-27T04:21:22+08:00,VERIFIED_TRUE,GitHub REST Actions,GITHUB_ACTION_RUN,Python Package using Conda,push -> failure,ky46738-ops,.github/workflows/python-package-conda.yml,c822f5ee10426aa651ea424a51d70b589b34c751,30218792669,https://github.com/lkminiPhantomWorld/welcome/actions/runs/30218792669,run_number=141; branch=agent/open-source-upload-evidence-20260727; status=completed
2026-07-26T20:21:23Z,2026-07-27T04:21:23+08:00,VERIFIED_TRUE,GitHub REST Actions,GITHUB_ACTION_RUN,PR #6,dynamic -> success,ky46738-ops,dynamic/github-code-scanning/codeql,c822f5ee10426aa651ea424a51d70b589b34c751,30218793180,https://github.com/lkminiPhantomWorld/welcome/actions/runs/30218793180,run_number=124; branch=refs/pull/6/head; status=completed
2026-07-26T20:21:25Z,2026-07-27T04:21:25+08:00,VERIFIED_TRUE,GitHub REST Actions,GITHUB_ACTION_RUN,PR #6,dynamic -> success,ky46738-ops,dynamic/github-code-scanning/codeql,0d7aa0ab0f9662a2a21fe271e1927ade9de7eef2,30218794065,https://github.com/lkminiPhantomWorld/welcome/actions/runs/30218794065,run_number=125; branch=refs/pull/6/head; status=completed
2026-07-26T20:21:25Z,2026-07-27T04:21:25+08:00,VERIFIED_TRUE,GitHub REST Actions,GITHUB_ACTION_RUN,Gatekeeper,push -> failure,ky46738-ops,.github/workflows/gatekeeper.yml,0d7aa0ab0f9662a2a21fe271e1927ade9de7eef2,30218793982,https://github.com/lkminiPhantomWorld/welcome/actions/runs/30218793982,run_number=178; branch=agent/open-source-upload-evidence-20260727; status=completed
2026-07-26T20:21:25Z,2026-07-27T04:21:25+08:00,VERIFIED_TRUE,GitHub REST Actions,GITHUB_ACTION_RUN,Python Package using Conda,push -> failure,ky46738-ops,.github/workflows/python-package-conda.yml,0d7aa0ab0f9662a2a21fe271e1927ade9de7eef2,30218793963,https://github.com/lkminiPhantomWorld/welcome/actions/runs/30218793963,run_number=142; branch=agent/open-source-upload-evidence-20260727; status=completed
2026-07-26T20:21:26Z,2026-07-27T04:21:26+08:00,VERIFIED_TRUE,GitHub REST Actions,GITHUB_ACTION_RUN,Gatekeeper,push -> failure,ky46738-ops,.github/workflows/gatekeeper.yml,706f07ddd82bd2b44e005846e085f0e605373dfd,30218794762,https://github.com/lkminiPhantomWorld/welcome/actions/runs/30218794762,run_number=180; branch=agent/open-source-upload-evidence-20260727; status=completed
2026-07-26T20:21:26Z,2026-07-27T04:21:26+08:00,VERIFIED_TRUE,GitHub REST Actions,GITHUB_ACTION_RUN,Python Package using Conda,push -> failure,ky46738-ops,.github/workflows/python-package-conda.yml,706f07ddd82bd2b44e005846e085f0e605373dfd,30218794753,https://github.com/lkminiPhantomWorld/welcome/actions/runs/30218794753,run_number=143; branch=agent/open-source-upload-evidence-20260727; status=completed
2026-07-26T20:21:26Z,2026-07-27T04:21:26+08:00,VERIFIED_TRUE,GitHub REST Actions,GITHUB_ACTION_RUN,Gatekeeper,pull_request -> failure,ky46738-ops,.github/workflows/gatekeeper.yml,0d7aa0ab0f9662a2a21fe271e1927ade9de7eef2,30218794527,https://github.com/lkminiPhantomWorld/welcome/actions/runs/30218794527,run_number=179; branch=agent/open-source-upload-evidence-20260727; status=completed
2026-07-26T20:21:27Z,2026-07-27T04:21:27+08:00,VERIFIED_TRUE,GitHub REST Actions,GITHUB_ACTION_RUN,PR #6,dynamic -> success,ky46738-ops,dynamic/github-code-scanning/codeql,706f07ddd82bd2b44e005846e085f0e605373dfd,30218795357,https://github.com/lkminiPhantomWorld/welcome/actions/runs/30218795357,run_number=126; branch=refs/pull/6/head; status=completed
2026-07-26T20:21:29Z,2026-07-27T04:21:29+08:00,VERIFIED_TRUE,GitHub REST Actions,GITHUB_ACTION_RUN,PR #6,dynamic -> success,ky46738-ops,dynamic/github-code-scanning/codeql,25924b41f31ea345b08aeb33a0303df5dd02083f,30218796569,https://github.com/lkminiPhantomWorld/welcome/actions/runs/30218796569,run_number=127; branch=refs/pull/6/head; status=completed
2026-07-26T20:21:29Z,2026-07-27T04:21:29+08:00,VERIFIED_TRUE,GitHub REST Actions,GITHUB_ACTION_RUN,Gatekeeper,push -> failure,ky46738-ops,.github/workflows/gatekeeper.yml,25924b41f31ea345b08aeb33a0303df5dd02083f,30218796170,https://github.com/lkminiPhantomWorld/welcome/actions/runs/30218796170,run_number=181; branch=agent/open-source-upload-evidence-20260727; status=completed
2026-07-26T20:21:29Z,2026-07-27T04:21:29+08:00,VERIFIED_TRUE,GitHub REST Actions,GITHUB_ACTION_RUN,Python Package using Conda,push -> failure,ky46738-ops,.github/workflows/python-package-conda.yml,25924b41f31ea345b08aeb33a0303df5dd02083f,30218796169,https://github.com/lkminiPhantomWorld/welcome/actions/runs/30218796169,run_number=144; branch=agent/open-source-upload-evidence-20260727; status=completed
2026-07-26T20:21:30Z,2026-07-27T04:21:30+08:00,VERIFIED_TRUE,GitHub REST Actions,GITHUB_ACTION_RUN,Gatekeeper,pull_request -> failure,ky46738-ops,.github/workflows/gatekeeper.yml,25924b41f31ea345b08aeb33a0303df5dd02083f,30218796928,https://github.com/lkminiPhantomWorld/welcome/actions/runs/30218796928,run_number=182; branch=agent/open-source-upload-evidence-20260727; status=completed
2026-07-26T20:21:31Z,2026-07-27T04:21:31+08:00,VERIFIED_TRUE,GitHub REST Actions,GITHUB_ACTION_RUN,PR #6,dynamic -> success,ky46738-ops,dynamic/github-code-scanning/codeql,b2e312431410e45f751e0957c97894bf6f64c6ab,30218797593,https://github.com/lkminiPhantomWorld/welcome/actions/runs/30218797593,run_number=128; branch=refs/pull/6/head; status=completed
2026-07-26T20:21:31Z,2026-07-27T04:21:31+08:00,VERIFIED_TRUE,GitHub REST Actions,GITHUB_ACTION_RUN,Python Package using Conda,push -> failure,ky46738-ops,.github/workflows/python-package-conda.yml,b2e312431410e45f751e0957c97894bf6f64c6ab,30218797405,https://github.com/lkminiPhantomWorld/welcome/actions/runs/30218797405,run_number=145; branch=agent/open-source-upload-evidence-20260727; status=completed
2026-07-26T20:21:31Z,2026-07-27T04:21:31+08:00,VERIFIED_TRUE,GitHub REST Actions,GITHUB_ACTION_RUN,Gatekeeper,push -> failure,ky46738-ops,.github/workflows/gatekeeper.yml,b2e312431410e45f751e0957c97894bf6f64c6ab,30218797403,https://github.com/lkminiPhantomWorld/welcome/actions/runs/30218797403,run_number=183; branch=agent/open-source-upload-evidence-20260727; status=completed
2026-07-26T20:21:32Z,2026-07-27T04:21:32+08:00,VERIFIED_TRUE,GitHub REST Actions,GITHUB_ACTION_RUN,Gatekeeper,push -> failure,ky46738-ops,.github/workflows/gatekeeper.yml,d9f52e57fe5fc0aebe599adf7e46d6af48a31254,30218798363,https://github.com/lkminiPhantomWorld/welcome/actions/runs/30218798363,run_number=184; branch=agent/open-source-upload-evidence-20260727; status=completed
2026-07-26T20:21:32Z,2026-07-27T04:21:32+08:00,VERIFIED_TRUE,GitHub REST Actions,GITHUB_ACTION_RUN,Python Package using Conda,push -> failure,ky46738-ops,.github/workflows/python-package-conda.yml,d9f52e57fe5fc0aebe599adf7e46d6af48a31254,30218798361,https://github.com/lkminiPhantomWorld/welcome/actions/runs/30218798361,run_number=146; branch=agent/open-source-upload-evidence-20260727; status=completed
2026-07-26T20:21:33Z,2026-07-27T04:21:33+08:00,VERIFIED_TRUE,GitHub REST Actions,GITHUB_ACTION_RUN,PR #6,dynamic -> success,ky46738-ops,dynamic/github-code-scanning/codeql,d9f52e57fe5fc0aebe599adf7e46d6af48a31254,30218798959,https://github.com/lkminiPhantomWorld/welcome/actions/runs/30218798959,run_number=129; branch=refs/pull/6/head; status=completed
2026-07-26T20:21:34Z,2026-07-27T04:21:34+08:00,VERIFIED_TRUE,GitHub REST Actions,GITHUB_ACTION_RUN,Python Package using Conda,push -> failure,ky46738-ops,.github/workflows/python-package-conda.yml,992a04a6c180f6510b839864f976e4562f2019d6,30218799525,https://github.com/lkminiPhantomWorld/welcome/actions/runs/30218799525,run_number=147; branch=agent/open-source-upload-evidence-20260727; status=completed
2026-07-26T20:21:34Z,2026-07-27T04:21:34+08:00,VERIFIED_TRUE,GitHub REST Actions,GITHUB_ACTION_RUN,Gatekeeper,push -> failure,ky46738-ops,.github/workflows/gatekeeper.yml,992a04a6c180f6510b839864f976e4562f2019d6,30218799503,https://github.com/lkminiPhantomWorld/welcome/actions/runs/30218799503,run_number=186; branch=agent/open-source-upload-evidence-20260727; status=completed
2026-07-26T20:21:34Z,2026-07-27T04:21:34+08:00,VERIFIED_TRUE,GitHub REST Actions,GITHUB_ACTION_RUN,Gatekeeper,pull_request -> failure,ky46738-ops,.github/workflows/gatekeeper.yml,d9f52e57fe5fc0aebe599adf7e46d6af48a31254,30218799258,https://github.com/lkminiPhantomWorld/welcome/actions/runs/30218799258,run_number=185; branch=agent/open-source-upload-evidence-20260727; status=completed
2026-07-26T20:21:35Z,2026-07-27T04:21:35+08:00,VERIFIED_TRUE,GitHub REST Actions,GITHUB_ACTION_RUN,PR #6,dynamic -> success,ky46738-ops,dynamic/github-code-scanning/codeql,992a04a6c180f6510b839864f976e4562f2019d6,30218799879,https://github.com/lkminiPhantomWorld/welcome/actions/runs/30218799879,run_number=130; branch=refs/pull/6/head; status=completed
2026-07-26T20:21:36Z,2026-07-27T04:21:36+08:00,VERIFIED_TRUE,GitHub REST Actions,GITHUB_ACTION_RUN,Python Package using Conda,push -> failure,ky46738-ops,.github/workflows/python-package-conda.yml,64e2c5b1adfcc99cd481035a3308b0e64114518f,30218800792,https://github.com/lkminiPhantomWorld/welcome/actions/runs/30218800792,run_number=148; branch=agent/open-source-upload-evidence-20260727; status=completed
2026-07-26T20:21:36Z,2026-07-27T04:21:36+08:00,VERIFIED_TRUE,GitHub REST Actions,GITHUB_ACTION_RUN,Gatekeeper,push -> failure,ky46738-ops,.github/workflows/gatekeeper.yml,64e2c5b1adfcc99cd481035a3308b0e64114518f,30218800784,https://github.com/lkminiPhantomWorld/welcome/actions/runs/30218800784,run_number=187; branch=agent/open-source-upload-evidence-20260727; status=completed
2026-07-26T20:21:37Z,2026-07-27T04:21:37+08:00,VERIFIED_TRUE,GitHub REST Actions,GITHUB_ACTION_RUN,PR #6,dynamic -> success,ky46738-ops,dynamic/github-code-scanning/codeql,64e2c5b1adfcc99cd481035a3308b0e64114518f,30218801191,https://github.com/lkminiPhantomWorld/welcome/actions/runs/30218801191,run_number=131; branch=refs/pull/6/head; status=completed
2026-07-26T20:21:38Z,2026-07-27T04:21:38+08:00,VERIFIED_TRUE,GitHub REST Actions,GITHUB_ACTION_RUN,Python Package using Conda,push -> failure,ky46738-ops,.github/workflows/python-package-conda.yml,3b527f0668850a3cb997a9ec3387515363a04aed,30218801783,https://github.com/lkminiPhantomWorld/welcome/actions/runs/30218801783,run_number=149; branch=agent/open-source-upload-evidence-20260727; status=completed
2026-07-26T20:21:38Z,2026-07-27T04:21:38+08:00,VERIFIED_TRUE,GitHub REST Actions,GITHUB_ACTION_RUN,Gatekeeper,push -> failure,ky46738-ops,.github/workflows/gatekeeper.yml,3b527f0668850a3cb997a9ec3387515363a04aed,30218801773,https://github.com/lkminiPhantomWorld/welcome/actions/runs/30218801773,run_number=189; branch=agent/open-source-upload-evidence-20260727; status=completed
2026-07-26T20:21:38Z,2026-07-27T04:21:38+08:00,VERIFIED_TRUE,GitHub REST Actions,GITHUB_ACTION_RUN,Gatekeeper,pull_request -> failure,ky46738-ops,.github/workflows/gatekeeper.yml,64e2c5b1adfcc99cd481035a3308b0e64114518f,30218801615,https://github.com/lkminiPhantomWorld/welcome/actions/runs/30218801615,run_number=188; branch=agent/open-source-upload-evidence-20260727; status=completed
2026-07-26T20:21:39Z,2026-07-27T04:21:39+08:00,VERIFIED_TRUE,GitHub REST Actions,GITHUB_ACTION_RUN,PR #6,dynamic -> success,ky46738-ops,dynamic/github-code-scanning/codeql,3b527f0668850a3cb997a9ec3387515363a04aed,30218802110,https://github.com/lkminiPhantomWorld/welcome/actions/runs/30218802110,run_number=132; branch=refs/pull/6/head; status=completed
2026-07-26T20:21:40Z,2026-07-27T04:21:40+08:00,VERIFIED_TRUE,GitHub REST Actions,GITHUB_ACTION_RUN,Python Package using Conda,push -> failure,ky46738-ops,.github/workflows/python-package-conda.yml,bfe665da511546918522a735e9d7fe1522378df8,30218803008,https://github.com/lkminiPhantomWorld/welcome/actions/runs/30218803008,run_number=150; branch=agent/open-source-upload-evidence-20260727; status=completed
2026-07-26T20:21:40Z,2026-07-27T04:21:40+08:00,VERIFIED_TRUE,GitHub REST Actions,GITHUB_ACTION_RUN,Gatekeeper,push -> failure,ky46738-ops,.github/workflows/gatekeeper.yml,bfe665da511546918522a735e9d7fe1522378df8,30218802976,https://github.com/lkminiPhantomWorld/welcome/actions/runs/30218802976,run_number=190; branch=agent/open-source-upload-evidence-20260727; status=completed
2026-07-26T20:21:41Z,2026-07-27T04:21:41+08:00,VERIFIED_TRUE,GitHub REST Actions,GITHUB_ACTION_RUN,Gatekeeper,pull_request -> failure,ky46738-ops,.github/workflows/gatekeeper.yml,bfe665da511546918522a735e9d7fe1522378df8,30218803496,https://github.com/lkminiPhantomWorld/welcome/actions/runs/30218803496,run_number=191; branch=agent/open-source-upload-evidence-20260727; status=completed
2026-07-26T20:21:41Z,2026-07-27T04:21:41+08:00,VERIFIED_TRUE,GitHub REST Actions,GITHUB_ACTION_RUN,PR #6,dynamic -> success,ky46738-ops,dynamic/github-code-scanning/codeql,bfe665da511546918522a735e9d7fe1522378df8,30218803439,https://github.com/lkminiPhantomWorld/welcome/actions/runs/30218803439,run_number=133; branch=refs/pull/6/head; status=completed
2026-07-26T20:21:42Z,2026-07-27T04:21:42+08:00,VERIFIED_TRUE,GitHub REST Actions,GITHUB_ACTION_RUN,PR #6,dynamic -> success,ky46738-ops,dynamic/github-code-scanning/codeql,067a97e5838ad5f6c531576392be6123d6aa6b82,30218804131,https://github.com/lkminiPhantomWorld/welcome/actions/runs/30218804131,run_number=134; branch=refs/pull/6/head; status=completed
2026-07-26T20:21:42Z,2026-07-27T04:21:42+08:00,VERIFIED_TRUE,GitHub REST Actions,GITHUB_ACTION_RUN,Python Package using Conda,push -> failure,ky46738-ops,.github/workflows/python-package-conda.yml,067a97e5838ad5f6c531576392be6123d6aa6b82,30218803936,https://github.com/lkminiPhantomWorld/welcome/actions/runs/30218803936,run_number=151; branch=agent/open-source-upload-evidence-20260727; status=completed
2026-07-26T20:21:42Z,2026-07-27T04:21:42+08:00,VERIFIED_TRUE,GitHub REST Actions,GITHUB_ACTION_RUN,Gatekeeper,push -> failure,ky46738-ops,.github/workflows/gatekeeper.yml,067a97e5838ad5f6c531576392be6123d6aa6b82,30218803928,https://github.com/lkminiPhantomWorld/welcome/actions/runs/30218803928,run_number=192; branch=agent/open-source-upload-evidence-20260727; status=completed
2026-07-26T20:21:44Z,2026-07-27T04:21:44+08:00,VERIFIED_TRUE,GitHub REST Actions,GITHUB_ACTION_RUN,Gatekeeper,pull_request -> failure,ky46738-ops,.github/workflows/gatekeeper.yml,067a97e5838ad5f6c531576392be6123d6aa6b82,30218805540,https://github.com/lkminiPhantomWorld/welcome/actions/runs/30218805540,run_number=193; branch=agent/open-source-upload-evidence-20260727; status=completed
2026-07-26T20:22:14Z,2026-07-27T04:22:14+08:00,VERIFIED_TRUE,GitHub REST Actions,GITHUB_ACTION_RUN,PR #6,dynamic -> success,ky46738-ops,dynamic/github-code-scanning/codeql,97c3d49bf2c82260ce83cd4f4a800697edb67fb8,30218823370,https://github.com/lkminiPhantomWorld/welcome/actions/runs/30218823370,run_number=135; branch=refs/pull/6/head; status=completed
2026-07-26T20:22:14Z,2026-07-27T04:22:14+08:00,VERIFIED_TRUE,GitHub REST Actions,GITHUB_ACTION_RUN,Python Package using Conda,push -> failure,ky46738-ops,.github/workflows/python-package-conda.yml,97c3d49bf2c82260ce83cd4f4a800697edb67fb8,30218823189,https://github.com/lkminiPhantomWorld/welcome/actions/runs/30218823189,run_number=152; branch=agent/open-source-upload-evidence-20260727; status=completed
2026-07-26T20:22:14Z,2026-07-27T04:22:14+08:00,VERIFIED_TRUE,GitHub REST Actions,GITHUB_ACTION_RUN,Gatekeeper,push -> failure,ky46738-ops,.github/workflows/gatekeeper.yml,97c3d49bf2c82260ce83cd4f4a800697edb67fb8,30218823169,https://github.com/lkminiPhantomWorld/welcome/actions/runs/30218823169,run_number=194; branch=agent/open-source-upload-evidence-20260727; status=completed
2026-07-26T20:22:17Z,2026-07-27T04:22:17+08:00,VERIFIED_TRUE,GitHub REST Actions,GITHUB_ACTION_RUN,Gatekeeper,pull_request -> failure,ky46738-ops,.github/workflows/gatekeeper.yml,97c3d49bf2c82260ce83cd4f4a800697edb67fb8,30218825212,https://github.com/lkminiPhantomWorld/welcome/actions/runs/30218825212,run_number=195; branch=agent/open-source-upload-evidence-20260727; status=completed
2026-07-26T20:23:40Z,2026-07-27T04:23:40+08:00,VERIFIED_TRUE,GitHub REST Actions,GITHUB_ACTION_RUN,Python Package using Conda,push -> failure,ky46738-ops,.github/workflows/python-package-conda.yml,08c5ec7d23c9a9968d2c131335691c200db44bbc,30218873593,https://github.com/lkminiPhantomWorld/welcome/actions/runs/30218873593,run_number=153; branch=agent/open-source-upload-evidence-20260727; status=completed
2026-07-26T20:23:40Z,2026-07-27T04:23:40+08:00,VERIFIED_TRUE,GitHub REST Actions,GITHUB_ACTION_RUN,Gatekeeper,push -> failure,ky46738-ops,.github/workflows/gatekeeper.yml,08c5ec7d23c9a9968d2c131335691c200db44bbc,30218873562,https://github.com/lkminiPhantomWorld/welcome/actions/runs/30218873562,run_number=196; branch=agent/open-source-upload-evidence-20260727; status=completed
2026-07-26T20:23:41Z,2026-07-27T04:23:41+08:00,VERIFIED_TRUE,GitHub REST Actions,GITHUB_ACTION_RUN,PR #6,dynamic -> success,ky46738-ops,dynamic/github-code-scanning/codeql,08c5ec7d23c9a9968d2c131335691c200db44bbc,30218873848,https://github.com/lkminiPhantomWorld/welcome/actions/runs/30218873848,run_number=136; branch=refs/pull/6/head; status=completed
2026-07-26T20:23:42Z,2026-07-27T04:23:42+08:00,VERIFIED_TRUE,GitHub REST Actions,GITHUB_ACTION_RUN,Gatekeeper,pull_request -> failure,ky46738-ops,.github/workflows/gatekeeper.yml,08c5ec7d23c9a9968d2c131335691c200db44bbc,30218874760,https://github.com/lkminiPhantomWorld/welcome/actions/runs/30218874760,run_number=197; branch=agent/open-source-upload-evidence-20260727; status=completed
