"event_type","evidence_status","time_utc","source","workflow","run_id","run_number","run_attempt","event","status","conclusion","head_branch","head_sha","actor","triggering_actor","url"
"GITHUB_ACTION_RUN","VERIFIED_TRUE","2026-07-26T19:39:17Z","GitHub REST Actions","Gatekeeper",30217303941,118,1,"pull_request","completed","failure","agent/open-source-upload-evidence-20260727","3a155c64f797d2b130ca958540c8da720c7b0587","ky46738-ops","ky46738-ops","https://github.com/lkminiPhantomWorld/welcome/actions/runs/30217303941"
"GITHUB_ACTION_RUN","VERIFIED_TRUE","2026-07-26T19:39:16Z","GitHub REST Actions","PR #6",30217303261,84,1,"dynamic","completed","success","refs/pull/6/head","3a155c64f797d2b130ca958540c8da720c7b0587","ky46738-ops","ky46738-ops","https://github.com/lkminiPhantomWorld/welcome/actions/runs/30217303261"
"GITHUB_ACTION_RUN","VERIFIED_TRUE","2026-07-26T19:39:03Z","GitHub REST Actions","Gatekeeper",30217295549,117,1,"push","completed","failure","agent/open-source-upload-evidence-20260727","3a155c64f797d2b130ca958540c8da720c7b0587","ky46738-ops","ky46738-ops","https://github.com/lkminiPhantomWorld/welcome/actions/runs/30217295549"
"GITHUB_ACTION_RUN","VERIFIED_TRUE","2026-07-26T19:39:03Z","GitHub REST Actions","Python Package using Conda",30217295503,101,1,"push","completed","failure","agent/open-source-upload-evidence-20260727","3a155c64f797d2b130ca958540c8da720c7b0587","ky46738-ops","ky46738-ops","https://github.com/lkminiPhantomWorld/welcome/actions/runs/30217295503"
"GITHUB_ACTION_RUN","VERIFIED_TRUE","2026-07-26T19:38:51Z","GitHub REST Actions","Gatekeeper",30217288448,116,1,"push","completed","failure","agent/open-source-upload-evidence-20260727","47ea215496aabd3525963cf6dca9532dbc1192c2","ky46738-ops","ky46738-ops","https://github.com/lkminiPhantomWorld/welcome/actions/runs/30217288448"
"GITHUB_ACTION_RUN","VERIFIED_TRUE","2026-07-26T19:38:51Z","GitHub REST Actions","Python Package using Conda",30217288435,100,1,"push","completed","failure","agent/open-source-upload-evidence-20260727","47ea215496aabd3525963cf6dca9532dbc1192c2","ky46738-ops","ky46738-ops","https://github.com/lkminiPhantomWorld/welcome/actions/runs/30217288435"
"GITHUB_ACTION_RUN","VERIFIED_TRUE","2026-07-26T19:38:40Z","GitHub REST Actions","Gatekeeper",30217281969,115,1,"push","completed","failure","agent/open-source-upload-evidence-20260727","2e559bed8fd1300edbf1e07f0865093cdca2632c","ky46738-ops","ky46738-ops","https://github.com/lkminiPhantomWorld/welcome/actions/runs/30217281969"
"GITHUB_ACTION_RUN","VERIFIED_TRUE","2026-07-26T19:38:40Z","GitHub REST Actions","Python Package using Conda",30217281956,99,1,"push","completed","failure","agent/open-source-upload-evidence-20260727","2e559bed8fd1300edbf1e07f0865093cdca2632c","ky46738-ops","ky46738-ops","https://github.com/lkminiPhantomWorld/welcome/actions/runs/30217281956"
"GITHUB_ACTION_RUN","VERIFIED_TRUE","2026-07-26T19:38:18Z","GitHub REST Actions","Python Package using Conda",30217270071,98,1,"push","completed","failure","agent/open-source-upload-evidence-20260727","4501515dc05843b10d63958bc16587aed51160fc","ky46738-ops","ky46738-ops","https://github.com/lkminiPhantomWorld/welcome/actions/runs/30217270071"
"GITHUB_ACTION_RUN","VERIFIED_TRUE","2026-07-26T19:38:18Z","GitHub REST Actions","Gatekeeper",30217270065,114,1,"push","completed","failure","agent/open-source-upload-evidence-20260727","4501515dc05843b10d63958bc16587aed51160fc","ky46738-ops","ky46738-ops","https://github.com/lkminiPhantomWorld/welcome/actions/runs/30217270065"
"GITHUB_ACTION_RUN","VERIFIED_TRUE","2026-07-26T19:38:04Z","GitHub REST Actions","Python Package using Conda",30217262073,97,1,"push","completed","failure","agent/open-source-upload-evidence-20260727","1c796e0d05baf1baab4131bade1036b1274fd5bb","ky46738-ops","ky46738-ops","https://github.com/lkminiPhantomWorld/welcome/actions/runs/30217262073"
"GITHUB_ACTION_RUN","VERIFIED_TRUE","2026-07-26T19:38:04Z","GitHub REST Actions","Gatekeeper",30217262056,113,1,"push","completed","failure","agent/open-source-upload-evidence-20260727","1c796e0d05baf1baab4131bade1036b1274fd5bb","ky46738-ops","ky46738-ops","https://github.com/lkminiPhantomWorld/welcome/actions/runs/30217262056"
"GITHUB_ACTION_RUN","VERIFIED_TRUE","2026-07-26T19:35:20Z","GitHub REST Actions","Gatekeeper",30217165320,112,1,"push","completed","failure","agent/open-source-upload-evidence-20260727","dee4acc3f603de45a8c05856f488c3eb6c2e8410","ky46738-ops","ky46738-ops","https://github.com/lkminiPhantomWorld/welcome/actions/runs/30217165320"
"GITHUB_ACTION_RUN","VERIFIED_TRUE","2026-07-26T19:35:20Z","GitHub REST Actions","Python Package using Conda",30217165318,96,1,"push","completed","failure","agent/open-source-upload-evidence-20260727","dee4acc3f603de45a8c05856f488c3eb6c2e8410","ky46738-ops","ky46738-ops","https://github.com/lkminiPhantomWorld/welcome/actions/runs/30217165318"
"GITHUB_ACTION_RUN","VERIFIED_TRUE","2026-07-25T08:24:22Z","GitHub REST Actions","Scheduled",30151042813,83,1,"dynamic","completed","success","main","dee4acc3f603de45a8c05856f488c3eb6c2e8410","github-advanced-security[bot]","github-advanced-security[bot]","https://github.com/lkminiPhantomWorld/welcome/actions/runs/30151042813"
"GITHUB_ACTION_RUN","VERIFIED_TRUE","2026-07-24T16:05:20Z","GitHub REST Actions","Python Package using Conda",30107892019,95,1,"push","completed","failure","codex/org-company-alignment","dee4acc3f603de45a8c05856f488c3eb6c2e8410","ky46738-ops","ky46738-ops","https://github.com/lkminiPhantomWorld/welcome/actions/runs/30107892019"
"GITHUB_ACTION_RUN","VERIFIED_TRUE","2026-07-24T16:05:20Z","GitHub REST Actions","Gatekeeper",30107891961,111,1,"push","completed","failure","codex/org-company-alignment","dee4acc3f603de45a8c05856f488c3eb6c2e8410","ky46738-ops","ky46738-ops","https://github.com/lkminiPhantomWorld/welcome/actions/runs/30107891961"
"GITHUB_ACTION_RUN","VERIFIED_TRUE","2026-07-24T15:44:50Z","GitHub REST Actions","Gatekeeper",30106602393,110,1,"push","completed","failure","main","dee4acc3f603de45a8c05856f488c3eb6c2e8410","ky46738-ops","ky46738-ops","https://github.com/lkminiPhantomWorld/welcome/actions/runs/30106602393"
"GITHUB_ACTION_RUN","VERIFIED_TRUE","2026-07-24T15:44:50Z","GitHub REST Actions","Deploy verified welcome site to GitHub Pages",30106602356,58,1,"push","completed","success","main","dee4acc3f603de45a8c05856f488c3eb6c2e8410","ky46738-ops","ky46738-ops","https://github.com/lkminiPhantomWorld/welcome/actions/runs/30106602356"
"GITHUB_ACTION_RUN","VERIFIED_TRUE","2026-07-24T15:44:50Z","GitHub REST Actions","Python Package using Conda",30106602340,94,1,"push","completed","failure","main","dee4acc3f603de45a8c05856f488c3eb6c2e8410","ky46738-ops","ky46738-ops","https://github.com/lkminiPhantomWorld/welcome/actions/runs/30106602340"
"GITHUB_ACTION_RUN","VERIFIED_TRUE","2026-07-24T15:44:50Z","GitHub REST Actions","Deploy to GitHub Pages",30106602304,71,1,"push","completed","cancelled","main","dee4acc3f603de45a8c05856f488c3eb6c2e8410","ky46738-ops","ky46738-ops","https://github.com/lkminiPhantomWorld/welcome/actions/runs/30106602304"
"GITHUB_ACTION_RUN","VERIFIED_TRUE","2026-07-24T15:44:50Z","GitHub REST Actions","pages build and deployment",30106602295,70,1,"dynamic","completed","success","main","dee4acc3f603de45a8c05856f488c3eb6c2e8410","ky46738-ops","ky46738-ops","https://github.com/lkminiPhantomWorld/welcome/actions/runs/30106602295"
"GITHUB_ACTION_RUN","VERIFIED_TRUE","2026-07-24T15:44:50Z","GitHub REST Actions","Push on main",30106602229,82,1,"dynamic","completed","success","main","dee4acc3f603de45a8c05856f488c3eb6c2e8410","ky46738-ops","ky46738-ops","https://github.com/lkminiPhantomWorld/welcome/actions/runs/30106602229"
"GITHUB_ACTION_RUN","VERIFIED_TRUE","2026-07-24T15:44:13Z","GitHub REST Actions","pages build and deployment",30106561016,69,1,"dynamic","completed","success","main","2c1da2844072443c266fb4503451a0e6e7028e76","ky46738-ops","ky46738-ops","https://github.com/lkminiPhantomWorld/welcome/actions/runs/30106561016"
"GITHUB_ACTION_RUN","VERIFIED_TRUE","2026-07-24T15:44:13Z","GitHub REST Actions","Deploy verified welcome site to GitHub Pages",30106560914,57,1,"push","completed","failure","main","2c1da2844072443c266fb4503451a0e6e7028e76","ky46738-ops","ky46738-ops","https://github.com/lkminiPhantomWorld/welcome/actions/runs/30106560914"
"GITHUB_ACTION_RUN","VERIFIED_TRUE","2026-07-24T15:44:13Z","GitHub REST Actions","Gatekeeper",30106560865,109,1,"push","completed","failure","main","2c1da2844072443c266fb4503451a0e6e7028e76","ky46738-ops","ky46738-ops","https://github.com/lkminiPhantomWorld/welcome/actions/runs/30106560865"
"GITHUB_ACTION_RUN","VERIFIED_TRUE","2026-07-24T15:44:13Z","GitHub REST Actions","Python Package using Conda",30106560862,93,1,"push","completed","failure","main","2c1da2844072443c266fb4503451a0e6e7028e76","ky46738-ops","ky46738-ops","https://github.com/lkminiPhantomWorld/welcome/actions/runs/30106560862"
"GITHUB_ACTION_RUN","VERIFIED_TRUE","2026-07-24T15:44:13Z","GitHub REST Actions","Deploy to GitHub Pages",30106560835,70,1,"push","completed","cancelled","main","2c1da2844072443c266fb4503451a0e6e7028e76","ky46738-ops","ky46738-ops","https://github.com/lkminiPhantomWorld/welcome/actions/runs/30106560835"
"GITHUB_ACTION_RUN","VERIFIED_TRUE","2026-07-24T15:44:13Z","GitHub REST Actions","Push on main",30106560515,81,1,"dynamic","completed","success","main","2c1da2844072443c266fb4503451a0e6e7028e76","ky46738-ops","ky46738-ops","https://github.com/lkminiPhantomWorld/welcome/actions/runs/30106560515"
"GITHUB_ACTION_RUN","VERIFIED_TRUE","2026-07-24T15:44:12Z","GitHub REST Actions","Deploy verified welcome site to GitHub Pages",30106559881,56,1,"push","completed","cancelled","main","28c5def5f64c431c4cf396a1cfc3dc9ec07029ba","ky46738-ops","ky46738-ops","https://github.com/lkminiPhantomWorld/welcome/actions/runs/30106559881"
"GITHUB_ACTION_RUN","VERIFIED_TRUE","2026-07-24T15:44:12Z","GitHub REST Actions","Python Package using Conda",30106559825,92,1,"push","completed","failure","main","28c5def5f64c431c4cf396a1cfc3dc9ec07029ba","ky46738-ops","ky46738-ops","https://github.com/lkminiPhantomWorld/welcome/actions/runs/30106559825"
"GITHUB_ACTION_RUN","VERIFIED_TRUE","2026-07-24T15:44:12Z","GitHub REST Actions","Gatekeeper",30106559799,108,1,"push","completed","failure","main","28c5def5f64c431c4cf396a1cfc3dc9ec07029ba","ky46738-ops","ky46738-ops","https://github.com/lkminiPhantomWorld/welcome/actions/runs/30106559799"
"GITHUB_ACTION_RUN","VERIFIED_TRUE","2026-07-24T15:44:12Z","GitHub REST Actions","Deploy to GitHub Pages",30106559761,69,1,"push","completed","cancelled","main","28c5def5f64c431c4cf396a1cfc3dc9ec07029ba","ky46738-ops","ky46738-ops","https://github.com/lkminiPhantomWorld/welcome/actions/runs/30106559761"
"GITHUB_ACTION_RUN","VERIFIED_TRUE","2026-07-24T15:44:12Z","GitHub REST Actions","pages build and deployment",30106559726,68,1,"dynamic","completed","cancelled","main","2c1da2844072443c266fb4503451a0e6e7028e76","ky46738-ops","ky46738-ops","https://github.com/lkminiPhantomWorld/welcome/actions/runs/30106559726"
"GITHUB_ACTION_RUN","VERIFIED_TRUE","2026-07-24T15:44:12Z","GitHub REST Actions","Push on main",30106559409,80,1,"dynamic","completed","success","main","28c5def5f64c431c4cf396a1cfc3dc9ec07029ba","ky46738-ops","ky46738-ops","https://github.com/lkminiPhantomWorld/welcome/actions/runs/30106559409"
"GITHUB_ACTION_RUN","VERIFIED_TRUE","2026-07-24T15:44:11Z","GitHub REST Actions","Python Package using Conda",30106558785,91,1,"push","completed","failure","main","680c53b1a8ee0e432a1cf4932d45137fbc819f38","ky46738-ops","ky46738-ops","https://github.com/lkminiPhantomWorld/welcome/actions/runs/30106558785"
"GITHUB_ACTION_RUN","VERIFIED_TRUE","2026-07-24T15:44:11Z","GitHub REST Actions","Deploy verified welcome site to GitHub Pages",30106558692,55,1,"push","completed","cancelled","main","680c53b1a8ee0e432a1cf4932d45137fbc819f38","ky46738-ops","ky46738-ops","https://github.com/lkminiPhantomWorld/welcome/actions/runs/30106558692"
"GITHUB_ACTION_RUN","VERIFIED_TRUE","2026-07-24T15:44:11Z","GitHub REST Actions","Gatekeeper",30106558680,107,1,"push","completed","failure","main","680c53b1a8ee0e432a1cf4932d45137fbc819f38","ky46738-ops","ky46738-ops","https://github.com/lkminiPhantomWorld/welcome/actions/runs/30106558680"
"GITHUB_ACTION_RUN","VERIFIED_TRUE","2026-07-24T15:44:11Z","GitHub REST Actions","Deploy to GitHub Pages",30106558668,68,1,"push","completed","cancelled","main","680c53b1a8ee0e432a1cf4932d45137fbc819f38","ky46738-ops","ky46738-ops","https://github.com/lkminiPhantomWorld/welcome/actions/runs/30106558668"
"GITHUB_ACTION_RUN","VERIFIED_TRUE","2026-07-24T15:44:11Z","GitHub REST Actions","Push on main",30106558200,79,1,"dynamic","completed","success","main","680c53b1a8ee0e432a1cf4932d45137fbc819f38","ky46738-ops","ky46738-ops","https://github.com/lkminiPhantomWorld/welcome/actions/runs/30106558200"
"GITHUB_ACTION_RUN","VERIFIED_TRUE","2026-07-24T15:44:10Z","GitHub REST Actions","pages build and deployment",30106557897,67,1,"dynamic","completed","cancelled","main","680c53b1a8ee0e432a1cf4932d45137fbc819f38","ky46738-ops","ky46738-ops","https://github.com/lkminiPhantomWorld/welcome/actions/runs/30106557897"
"GITHUB_ACTION_RUN","VERIFIED_TRUE","2026-07-24T15:44:10Z","GitHub REST Actions","Deploy verified welcome site to GitHub Pages",30106557017,54,1,"push","completed","cancelled","main","1cb3b12a81390397479297ec65e896d255141644","ky46738-ops","ky46738-ops","https://github.com/lkminiPhantomWorld/welcome/actions/runs/30106557017"
"GITHUB_ACTION_RUN","VERIFIED_TRUE","2026-07-24T15:44:10Z","GitHub REST Actions","Gatekeeper",30106557012,106,1,"push","completed","failure","main","1cb3b12a81390397479297ec65e896d255141644","ky46738-ops","ky46738-ops","https://github.com/lkminiPhantomWorld/welcome/actions/runs/30106557012"
"GITHUB_ACTION_RUN","VERIFIED_TRUE","2026-07-24T15:44:10Z","GitHub REST Actions","Deploy to GitHub Pages",30106556998,67,1,"push","completed","cancelled","main","1cb3b12a81390397479297ec65e896d255141644","ky46738-ops","ky46738-ops","https://github.com/lkminiPhantomWorld/welcome/actions/runs/30106556998"
"GITHUB_ACTION_RUN","VERIFIED_TRUE","2026-07-24T15:44:10Z","GitHub REST Actions","Python Package using Conda",30106556971,90,1,"push","completed","failure","main","1cb3b12a81390397479297ec65e896d255141644","ky46738-ops","ky46738-ops","https://github.com/lkminiPhantomWorld/welcome/actions/runs/30106556971"
"GITHUB_ACTION_RUN","VERIFIED_TRUE","2026-07-24T15:44:09Z","GitHub REST Actions","pages build and deployment",30106556417,66,1,"dynamic","completed","cancelled","main","1cb3b12a81390397479297ec65e896d255141644","ky46738-ops","ky46738-ops","https://github.com/lkminiPhantomWorld/welcome/actions/runs/30106556417"
"GITHUB_ACTION_RUN","VERIFIED_TRUE","2026-07-24T15:44:09Z","GitHub REST Actions","Push on main",30106556184,78,1,"dynamic","completed","success","main","1cb3b12a81390397479297ec65e896d255141644","ky46738-ops","ky46738-ops","https://github.com/lkminiPhantomWorld/welcome/actions/runs/30106556184"
"GITHUB_ACTION_RUN","VERIFIED_TRUE","2026-07-24T15:44:09Z","GitHub REST Actions","Gatekeeper",30106556111,105,1,"push","completed","failure","main","f2d16a939c23a978056d6c35618561c0c551bbb4","ky46738-ops","ky46738-ops","https://github.com/lkminiPhantomWorld/welcome/actions/runs/30106556111"
"GITHUB_ACTION_RUN","VERIFIED_TRUE","2026-07-24T15:44:09Z","GitHub REST Actions","Python Package using Conda",30106556006,89,1,"push","completed","failure","main","f2d16a939c23a978056d6c35618561c0c551bbb4","ky46738-ops","ky46738-ops","https://github.com/lkminiPhantomWorld/welcome/actions/runs/30106556006"
"GITHUB_ACTION_RUN","VERIFIED_TRUE","2026-07-24T15:44:09Z","GitHub REST Actions","Deploy verified welcome site to GitHub Pages",30106555917,53,1,"push","completed","cancelled","main","f2d16a939c23a978056d6c35618561c0c551bbb4","ky46738-ops","ky46738-ops","https://github.com/lkminiPhantomWorld/welcome/actions/runs/30106555917"
"GITHUB_ACTION_RUN","VERIFIED_TRUE","2026-07-24T15:44:09Z","GitHub REST Actions","Deploy to GitHub Pages",30106555901,66,1,"push","completed","cancelled","main","f2d16a939c23a978056d6c35618561c0c551bbb4","ky46738-ops","ky46738-ops","https://github.com/lkminiPhantomWorld/welcome/actions/runs/30106555901"
"GITHUB_ACTION_RUN","VERIFIED_TRUE","2026-07-24T15:44:08Z","GitHub REST Actions","Push on main",30106555154,77,1,"dynamic","completed","success","main","f2d16a939c23a978056d6c35618561c0c551bbb4","ky46738-ops","ky46738-ops","https://github.com/lkminiPhantomWorld/welcome/actions/runs/30106555154"
"GITHUB_ACTION_RUN","VERIFIED_TRUE","2026-07-24T15:44:08Z","GitHub REST Actions","pages build and deployment",30106555034,65,1,"dynamic","completed","cancelled","main","f2d16a939c23a978056d6c35618561c0c551bbb4","ky46738-ops","ky46738-ops","https://github.com/lkminiPhantomWorld/welcome/actions/runs/30106555034"
"GITHUB_ACTION_RUN","VERIFIED_TRUE","2026-07-24T15:22:15Z","GitHub REST Actions","Python Package using Conda",30104982165,88,1,"push","completed","failure","main","d350a08fb0dd477917eaa2dd54719498f6e1b301","ky46738-ops","ky46738-ops","https://github.com/lkminiPhantomWorld/welcome/actions/runs/30104982165"
"GITHUB_ACTION_RUN","VERIFIED_TRUE","2026-07-24T15:22:15Z","GitHub REST Actions","Deploy verified welcome site to GitHub Pages",30104981888,52,1,"push","completed","failure","main","d350a08fb0dd477917eaa2dd54719498f6e1b301","ky46738-ops","ky46738-ops","https://github.com/lkminiPhantomWorld/welcome/actions/runs/30104981888"
"GITHUB_ACTION_RUN","VERIFIED_TRUE","2026-07-24T15:22:15Z","GitHub REST Actions","Deploy to GitHub Pages",30104981742,65,1,"push","completed","cancelled","main","d350a08fb0dd477917eaa2dd54719498f6e1b301","ky46738-ops","ky46738-ops","https://github.com/lkminiPhantomWorld/welcome/actions/runs/30104981742"
"GITHUB_ACTION_RUN","VERIFIED_TRUE","2026-07-24T15:22:15Z","GitHub REST Actions","Gatekeeper",30104981704,104,1,"push","completed","failure","main","d350a08fb0dd477917eaa2dd54719498f6e1b301","ky46738-ops","ky46738-ops","https://github.com/lkminiPhantomWorld/welcome/actions/runs/30104981704"
"GITHUB_ACTION_RUN","VERIFIED_TRUE","2026-07-24T15:22:14Z","GitHub REST Actions","pages build and deployment",30104981225,64,1,"dynamic","completed","success","main","d350a08fb0dd477917eaa2dd54719498f6e1b301","ky46738-ops","ky46738-ops","https://github.com/lkminiPhantomWorld/welcome/actions/runs/30104981225"
"GITHUB_ACTION_RUN","VERIFIED_TRUE","2026-07-24T15:22:14Z","GitHub REST Actions","Push on main",30104981140,76,1,"dynamic","completed","success","main","d350a08fb0dd477917eaa2dd54719498f6e1b301","ky46738-ops","ky46738-ops","https://github.com/lkminiPhantomWorld/welcome/actions/runs/30104981140"
"GITHUB_ACTION_RUN","VERIFIED_TRUE","2026-07-24T15:21:39Z","GitHub REST Actions","Deploy to GitHub Pages",30104938984,64,1,"push","completed","success","main","d0f063d2307d2b76781f58fb732c4707882e6720","ky46738-ops","ky46738-ops","https://github.com/lkminiPhantomWorld/welcome/actions/runs/30104938984"
"GITHUB_ACTION_RUN","VERIFIED_TRUE","2026-07-24T15:21:39Z","GitHub REST Actions","Gatekeeper",30104938962,103,1,"push","completed","failure","main","d0f063d2307d2b76781f58fb732c4707882e6720","ky46738-ops","ky46738-ops","https://github.com/lkminiPhantomWorld/welcome/actions/runs/30104938962"
"GITHUB_ACTION_RUN","VERIFIED_TRUE","2026-07-24T15:21:39Z","GitHub REST Actions","Deploy verified welcome site to GitHub Pages",30104938944,51,1,"push","completed","failure","main","d0f063d2307d2b76781f58fb732c4707882e6720","ky46738-ops","ky46738-ops","https://github.com/lkminiPhantomWorld/welcome/actions/runs/30104938944"
"GITHUB_ACTION_RUN","VERIFIED_TRUE","2026-07-24T15:21:39Z","GitHub REST Actions","Python Package using Conda",30104938891,87,1,"push","completed","failure","main","d0f063d2307d2b76781f58fb732c4707882e6720","ky46738-ops","ky46738-ops","https://github.com/lkminiPhantomWorld/welcome/actions/runs/30104938891"
"GITHUB_ACTION_RUN","VERIFIED_TRUE","2026-07-24T15:21:39Z","GitHub REST Actions","Push on main",30104938695,75,1,"dynamic","completed","success","main","d0f063d2307d2b76781f58fb732c4707882e6720","ky46738-ops","ky46738-ops","https://github.com/lkminiPhantomWorld/welcome/actions/runs/30104938695"
"GITHUB_ACTION_RUN","VERIFIED_TRUE","2026-07-24T15:21:39Z","GitHub REST Actions","pages build and deployment",30104938679,63,1,"dynamic","completed","success","main","d0f063d2307d2b76781f58fb732c4707882e6720","ky46738-ops","ky46738-ops","https://github.com/lkminiPhantomWorld/welcome/actions/runs/30104938679"
"GITHUB_ACTION_RUN","VERIFIED_TRUE","2026-07-24T15:20:51Z","GitHub REST Actions","Python Package using Conda",30104884093,86,1,"push","completed","failure","main","ef112b7bfe76f97e3929f95f6c8c49ab504fb628","ky46738-ops","ky46738-ops","https://github.com/lkminiPhantomWorld/welcome/actions/runs/30104884093"
"GITHUB_ACTION_RUN","VERIFIED_TRUE","2026-07-24T15:20:51Z","GitHub REST Actions","Deploy verified welcome site to GitHub Pages",30104884028,50,1,"push","completed","failure","main","ef112b7bfe76f97e3929f95f6c8c49ab504fb628","ky46738-ops","ky46738-ops","https://github.com/lkminiPhantomWorld/welcome/actions/runs/30104884028"
"GITHUB_ACTION_RUN","VERIFIED_TRUE","2026-07-24T15:20:51Z","GitHub REST Actions","Deploy to GitHub Pages",30104884019,63,1,"push","completed","cancelled","main","ef112b7bfe76f97e3929f95f6c8c49ab504fb628","ky46738-ops","ky46738-ops","https://github.com/lkminiPhantomWorld/welcome/actions/runs/30104884019"
"GITHUB_ACTION_RUN","VERIFIED_TRUE","2026-07-24T15:20:51Z","GitHub REST Actions","Gatekeeper",30104883961,102,1,"push","completed","failure","main","ef112b7bfe76f97e3929f95f6c8c49ab504fb628","ky46738-ops","ky46738-ops","https://github.com/lkminiPhantomWorld/welcome/actions/runs/30104883961"
"GITHUB_ACTION_RUN","VERIFIED_TRUE","2026-07-24T15:20:51Z","GitHub REST Actions","Push on main",30104883728,74,1,"dynamic","completed","success","main","ef112b7bfe76f97e3929f95f6c8c49ab504fb628","ky46738-ops","ky46738-ops","https://github.com/lkminiPhantomWorld/welcome/actions/runs/30104883728"
"GITHUB_ACTION_RUN","VERIFIED_TRUE","2026-07-24T15:20:51Z","GitHub REST Actions","pages build and deployment",30104883701,62,1,"dynamic","completed","success","main","ef112b7bfe76f97e3929f95f6c8c49ab504fb628","ky46738-ops","ky46738-ops","https://github.com/lkminiPhantomWorld/welcome/actions/runs/30104883701"
"GITHUB_ACTION_RUN","VERIFIED_TRUE","2026-07-24T15:18:22Z","GitHub REST Actions","Deploy verified welcome site to GitHub Pages",30104706662,49,1,"push","completed","failure","main","4a08509c6d5c3728253cc6435422fb181d4556eb","ky46738-ops","ky46738-ops","https://github.com/lkminiPhantomWorld/welcome/actions/runs/30104706662"
"GITHUB_ACTION_RUN","VERIFIED_TRUE","2026-07-24T15:18:22Z","GitHub REST Actions","Deploy to GitHub Pages",30104706644,62,1,"push","completed","cancelled","main","4a08509c6d5c3728253cc6435422fb181d4556eb","ky46738-ops","ky46738-ops","https://github.com/lkminiPhantomWorld/welcome/actions/runs/30104706644"
"GITHUB_ACTION_RUN","VERIFIED_TRUE","2026-07-24T15:18:22Z","GitHub REST Actions","Gatekeeper",30104706528,101,1,"push","completed","failure","main","4a08509c6d5c3728253cc6435422fb181d4556eb","ky46738-ops","ky46738-ops","https://github.com/lkminiPhantomWorld/welcome/actions/runs/30104706528"
"GITHUB_ACTION_RUN","VERIFIED_TRUE","2026-07-24T15:18:22Z","GitHub REST Actions","Python Package using Conda",30104706498,85,1,"push","completed","failure","main","4a08509c6d5c3728253cc6435422fb181d4556eb","ky46738-ops","ky46738-ops","https://github.com/lkminiPhantomWorld/welcome/actions/runs/30104706498"
"GITHUB_ACTION_RUN","VERIFIED_TRUE","2026-07-24T15:18:22Z","GitHub REST Actions","pages build and deployment",30104705782,61,1,"dynamic","completed","success","main","4a08509c6d5c3728253cc6435422fb181d4556eb","ky46738-ops","ky46738-ops","https://github.com/lkminiPhantomWorld/welcome/actions/runs/30104705782"
"GITHUB_ACTION_RUN","VERIFIED_TRUE","2026-07-24T15:18:21Z","GitHub REST Actions","Push on main",30104705507,73,1,"dynamic","completed","success","main","4a08509c6d5c3728253cc6435422fb181d4556eb","ky46738-ops","ky46738-ops","https://github.com/lkminiPhantomWorld/welcome/actions/runs/30104705507"
"GITHUB_ACTION_RUN","VERIFIED_TRUE","2026-07-24T15:17:33Z","GitHub REST Actions","Deploy to GitHub Pages",30104648610,61,1,"push","completed","success","main","10f89d5ad08f260509bcba850c4fa9caa8bcc21b","ky46738-ops","ky46738-ops","https://github.com/lkminiPhantomWorld/welcome/actions/runs/30104648610"
"GITHUB_ACTION_RUN","VERIFIED_TRUE","2026-07-24T15:17:33Z","GitHub REST Actions","Deploy verified welcome site to GitHub Pages",30104648595,48,1,"push","completed","failure","main","10f89d5ad08f260509bcba850c4fa9caa8bcc21b","ky46738-ops","ky46738-ops","https://github.com/lkminiPhantomWorld/welcome/actions/runs/30104648595"
"GITHUB_ACTION_RUN","VERIFIED_TRUE","2026-07-24T15:17:33Z","GitHub REST Actions","Python Package using Conda",30104648584,84,1,"push","completed","failure","main","10f89d5ad08f260509bcba850c4fa9caa8bcc21b","ky46738-ops","ky46738-ops","https://github.com/lkminiPhantomWorld/welcome/actions/runs/30104648584"
"GITHUB_ACTION_RUN","VERIFIED_TRUE","2026-07-24T15:17:33Z","GitHub REST Actions","Gatekeeper",30104648513,100,1,"push","completed","failure","main","10f89d5ad08f260509bcba850c4fa9caa8bcc21b","ky46738-ops","ky46738-ops","https://github.com/lkminiPhantomWorld/welcome/actions/runs/30104648513"
"GITHUB_ACTION_RUN","VERIFIED_TRUE","2026-07-24T15:17:32Z","GitHub REST Actions","Push on main",30104648239,72,1,"dynamic","completed","success","main","10f89d5ad08f260509bcba850c4fa9caa8bcc21b","ky46738-ops","ky46738-ops","https://github.com/lkminiPhantomWorld/welcome/actions/runs/30104648239"
"GITHUB_ACTION_RUN","VERIFIED_TRUE","2026-07-24T15:17:32Z","GitHub REST Actions","pages build and deployment",30104647984,60,1,"dynamic","completed","success","main","10f89d5ad08f260509bcba850c4fa9caa8bcc21b","ky46738-ops","ky46738-ops","https://github.com/lkminiPhantomWorld/welcome/actions/runs/30104647984"
"GITHUB_ACTION_RUN","VERIFIED_TRUE","2026-07-24T15:13:43Z","GitHub REST Actions","pages build and deployment",30104375427,59,1,"dynamic","completed","success","main","cb5403ae1a71fbacf9ae94b5f3fe3de6db66c69c","ky46738-ops","ky46738-ops","https://github.com/lkminiPhantomWorld/welcome/actions/runs/30104375427"
"GITHUB_ACTION_RUN","VERIFIED_TRUE","2026-07-24T15:13:43Z","GitHub REST Actions","Deploy verified welcome site to GitHub Pages",30104375326,47,1,"push","completed","failure","main","cb5403ae1a71fbacf9ae94b5f3fe3de6db66c69c","ky46738-ops","ky46738-ops","https://github.com/lkminiPhantomWorld/welcome/actions/runs/30104375326"
"GITHUB_ACTION_RUN","VERIFIED_TRUE","2026-07-24T15:13:43Z","GitHub REST Actions","Python Package using Conda",30104375276,83,1,"push","completed","failure","main","cb5403ae1a71fbacf9ae94b5f3fe3de6db66c69c","ky46738-ops","ky46738-ops","https://github.com/lkminiPhantomWorld/welcome/actions/runs/30104375276"
"GITHUB_ACTION_RUN","VERIFIED_TRUE","2026-07-24T15:13:43Z","GitHub REST Actions","Gatekeeper",30104375267,99,1,"push","completed","failure","main","cb5403ae1a71fbacf9ae94b5f3fe3de6db66c69c","ky46738-ops","ky46738-ops","https://github.com/lkminiPhantomWorld/welcome/actions/runs/30104375267"
"GITHUB_ACTION_RUN","VERIFIED_TRUE","2026-07-24T15:13:43Z","GitHub REST Actions","Deploy to GitHub Pages",30104375261,60,1,"push","completed","cancelled","main","cb5403ae1a71fbacf9ae94b5f3fe3de6db66c69c","ky46738-ops","ky46738-ops","https://github.com/lkminiPhantomWorld/welcome/actions/runs/30104375261"
"GITHUB_ACTION_RUN","VERIFIED_TRUE","2026-07-24T15:13:43Z","GitHub REST Actions","Push on main",30104374985,71,1,"dynamic","completed","success","main","cb5403ae1a71fbacf9ae94b5f3fe3de6db66c69c","ky46738-ops","ky46738-ops","https://github.com/lkminiPhantomWorld/welcome/actions/runs/30104374985"
"GITHUB_ACTION_RUN","VERIFIED_TRUE","2026-07-24T15:13:31Z","GitHub REST Actions","Deploy verified welcome site to GitHub Pages",30104360629,46,1,"push","completed","cancelled","main","9235f92b8b1c23abe898c292e43cdaff5d6f30c0","ky46738-ops","ky46738-ops","https://github.com/lkminiPhantomWorld/welcome/actions/runs/30104360629"
"GITHUB_ACTION_RUN","VERIFIED_TRUE","2026-07-24T15:13:31Z","GitHub REST Actions","Gatekeeper",30104360552,98,1,"push","completed","failure","main","9235f92b8b1c23abe898c292e43cdaff5d6f30c0","ky46738-ops","ky46738-ops","https://github.com/lkminiPhantomWorld/welcome/actions/runs/30104360552"
"GITHUB_ACTION_RUN","VERIFIED_TRUE","2026-07-24T15:13:31Z","GitHub REST Actions","Python Package using Conda",30104360545,82,1,"push","completed","failure","main","9235f92b8b1c23abe898c292e43cdaff5d6f30c0","ky46738-ops","ky46738-ops","https://github.com/lkminiPhantomWorld/welcome/actions/runs/30104360545"
"GITHUB_ACTION_RUN","VERIFIED_TRUE","2026-07-24T15:13:31Z","GitHub REST Actions","Deploy to GitHub Pages",30104360415,59,1,"push","completed","cancelled","main","9235f92b8b1c23abe898c292e43cdaff5d6f30c0","ky46738-ops","ky46738-ops","https://github.com/lkminiPhantomWorld/welcome/actions/runs/30104360415"
"GITHUB_ACTION_RUN","VERIFIED_TRUE","2026-07-24T15:13:30Z","GitHub REST Actions","pages build and deployment",30104359719,58,1,"dynamic","completed","cancelled","main","9235f92b8b1c23abe898c292e43cdaff5d6f30c0","ky46738-ops","ky46738-ops","https://github.com/lkminiPhantomWorld/welcome/actions/runs/30104359719"
"GITHUB_ACTION_RUN","VERIFIED_TRUE","2026-07-24T15:13:30Z","GitHub REST Actions","Push on main",30104359636,70,1,"dynamic","completed","success","main","9235f92b8b1c23abe898c292e43cdaff5d6f30c0","ky46738-ops","ky46738-ops","https://github.com/lkminiPhantomWorld/welcome/actions/runs/30104359636"
"GITHUB_ACTION_RUN","VERIFIED_TRUE","2026-07-24T14:56:14Z","GitHub REST Actions","Gatekeeper",30103132313,97,1,"push","completed","failure","main","837e87a4878de66a1491c6780a15ac169c55ab97","ky46738-ops","ky46738-ops","https://github.com/lkminiPhantomWorld/welcome/actions/runs/30103132313"
"GITHUB_ACTION_RUN","VERIFIED_TRUE","2026-07-24T14:56:14Z","GitHub REST Actions","Python Package using Conda",30103132237,81,1,"push","completed","failure","main","837e87a4878de66a1491c6780a15ac169c55ab97","ky46738-ops","ky46738-ops","https://github.com/lkminiPhantomWorld/welcome/actions/runs/30103132237"
"GITHUB_ACTION_RUN","VERIFIED_TRUE","2026-07-24T14:56:14Z","GitHub REST Actions","Deploy verified welcome site to GitHub Pages",30103132028,45,1,"push","completed","failure","main","837e87a4878de66a1491c6780a15ac169c55ab97","ky46738-ops","ky46738-ops","https://github.com/lkminiPhantomWorld/welcome/actions/runs/30103132028"
"GITHUB_ACTION_RUN","VERIFIED_TRUE","2026-07-24T14:56:14Z","GitHub REST Actions","Deploy to GitHub Pages",30103131936,58,1,"push","completed","cancelled","main","837e87a4878de66a1491c6780a15ac169c55ab97","ky46738-ops","ky46738-ops","https://github.com/lkminiPhantomWorld/welcome/actions/runs/30103131936"
"GITHUB_ACTION_RUN","VERIFIED_TRUE","2026-07-24T14:56:13Z","GitHub REST Actions","pages build and deployment",30103131456,57,1,"dynamic","completed","success","main","837e87a4878de66a1491c6780a15ac169c55ab97","ky46738-ops","ky46738-ops","https://github.com/lkminiPhantomWorld/welcome/actions/runs/30103131456"
"GITHUB_ACTION_RUN","VERIFIED_TRUE","2026-07-24T14:56:13Z","GitHub REST Actions","Push on main",30103131320,69,1,"dynamic","completed","success","main","837e87a4878de66a1491c6780a15ac169c55ab97","ky46738-ops","ky46738-ops","https://github.com/lkminiPhantomWorld/welcome/actions/runs/30103131320"
"GITHUB_ACTION_RUN","VERIFIED_TRUE","2026-07-24T14:56:01Z","GitHub REST Actions","Deploy to GitHub Pages",30103117839,57,1,"push","completed","cancelled","main","5f6fe4bcee8c670f8ee7dca5e83202c9f7fb35a1","ky46738-ops","ky46738-ops","https://github.com/lkminiPhantomWorld/welcome/actions/runs/30103117839"
"GITHUB_ACTION_RUN","VERIFIED_TRUE","2026-07-24T14:56:01Z","GitHub REST Actions","Gatekeeper",30103117799,96,1,"push","completed","failure","main","5f6fe4bcee8c670f8ee7dca5e83202c9f7fb35a1","ky46738-ops","ky46738-ops","https://github.com/lkminiPhantomWorld/welcome/actions/runs/30103117799"
"GITHUB_ACTION_RUN","VERIFIED_TRUE","2026-07-24T14:56:01Z","GitHub REST Actions","Python Package using Conda",30103117790,80,1,"push","completed","failure","main","5f6fe4bcee8c670f8ee7dca5e83202c9f7fb35a1","ky46738-ops","ky46738-ops","https://github.com/lkminiPhantomWorld/welcome/actions/runs/30103117790"
"GITHUB_ACTION_RUN","VERIFIED_TRUE","2026-07-24T14:56:01Z","GitHub REST Actions","Deploy verified welcome site to GitHub Pages",30103117781,44,1,"push","completed","failure","main","5f6fe4bcee8c670f8ee7dca5e83202c9f7fb35a1","ky46738-ops","ky46738-ops","https://github.com/lkminiPhantomWorld/welcome/actions/runs/30103117781"
"GITHUB_ACTION_RUN","VERIFIED_TRUE","2026-07-24T14:56:01Z","GitHub REST Actions","Push on main",30103117492,68,1,"dynamic","completed","success","main","5f6fe4bcee8c670f8ee7dca5e83202c9f7fb35a1","ky46738-ops","ky46738-ops","https://github.com/lkminiPhantomWorld/welcome/actions/runs/30103117492"
"GITHUB_ACTION_RUN","VERIFIED_TRUE","2026-07-24T14:56:01Z","GitHub REST Actions","pages build and deployment",30103117193,56,1,"dynamic","completed","cancelled","main","5f6fe4bcee8c670f8ee7dca5e83202c9f7fb35a1","ky46738-ops","ky46738-ops","https://github.com/lkminiPhantomWorld/welcome/actions/runs/30103117193"
"GITHUB_ACTION_RUN","VERIFIED_TRUE","2026-07-24T14:49:37Z","GitHub REST Actions","Deploy verified welcome site to GitHub Pages",30102659692,43,1,"push","completed","success","main","a82282426e5d6e683c1065094122f628c570552f","ky46738-ops","ky46738-ops","https://github.com/lkminiPhantomWorld/welcome/actions/runs/30102659692"
"GITHUB_ACTION_RUN","VERIFIED_TRUE","2026-07-24T14:49:37Z","GitHub REST Actions","Gatekeeper",30102659690,95,1,"push","completed","failure","main","a82282426e5d6e683c1065094122f628c570552f","ky46738-ops","ky46738-ops","https://github.com/lkminiPhantomWorld/welcome/actions/runs/30102659690"
"GITHUB_ACTION_RUN","VERIFIED_TRUE","2026-07-24T14:49:37Z","GitHub REST Actions","Python Package using Conda",30102659668,79,1,"push","completed","failure","main","a82282426e5d6e683c1065094122f628c570552f","ky46738-ops","ky46738-ops","https://github.com/lkminiPhantomWorld/welcome/actions/runs/30102659668"
"GITHUB_ACTION_RUN","VERIFIED_TRUE","2026-07-24T14:49:37Z","GitHub REST Actions","Deploy to GitHub Pages",30102659560,56,1,"push","completed","cancelled","main","a82282426e5d6e683c1065094122f628c570552f","ky46738-ops","ky46738-ops","https://github.com/lkminiPhantomWorld/welcome/actions/runs/30102659560"
"GITHUB_ACTION_RUN","VERIFIED_TRUE","2026-07-24T14:49:37Z","GitHub REST Actions","pages build and deployment",30102659498,55,1,"dynamic","completed","success","main","a82282426e5d6e683c1065094122f628c570552f","ky46738-ops","ky46738-ops","https://github.com/lkminiPhantomWorld/welcome/actions/runs/30102659498"
"GITHUB_ACTION_RUN","VERIFIED_TRUE","2026-07-24T14:49:37Z","GitHub REST Actions","Push on main",30102659061,67,1,"dynamic","completed","success","main","a82282426e5d6e683c1065094122f628c570552f","ky46738-ops","ky46738-ops","https://github.com/lkminiPhantomWorld/welcome/actions/runs/30102659061"
"GITHUB_ACTION_RUN","VERIFIED_TRUE","2026-07-24T14:49:36Z","GitHub REST Actions","Deploy verified welcome site to GitHub Pages",30102658010,42,1,"push","completed","cancelled","main","bf24f4b255171ca20b63671971a311ad10be7a54","ky46738-ops","ky46738-ops","https://github.com/lkminiPhantomWorld/welcome/actions/runs/30102658010"
"GITHUB_ACTION_RUN","VERIFIED_TRUE","2026-07-24T14:49:36Z","GitHub REST Actions","Gatekeeper",30102657948,94,1,"push","completed","failure","main","bf24f4b255171ca20b63671971a311ad10be7a54","ky46738-ops","ky46738-ops","https://github.com/lkminiPhantomWorld/welcome/actions/runs/30102657948"
"GITHUB_ACTION_RUN","VERIFIED_TRUE","2026-07-24T14:49:36Z","GitHub REST Actions","pages build and deployment",30102657847,54,1,"dynamic","completed","cancelled","main","a82282426e5d6e683c1065094122f628c570552f","ky46738-ops","ky46738-ops","https://github.com/lkminiPhantomWorld/welcome/actions/runs/30102657847"
"GITHUB_ACTION_RUN","VERIFIED_TRUE","2026-07-24T14:49:36Z","GitHub REST Actions","Deploy to GitHub Pages",30102657842,55,1,"push","completed","cancelled","main","bf24f4b255171ca20b63671971a311ad10be7a54","ky46738-ops","ky46738-ops","https://github.com/lkminiPhantomWorld/welcome/actions/runs/30102657842"
"GITHUB_ACTION_RUN","VERIFIED_TRUE","2026-07-24T14:49:36Z","GitHub REST Actions","Python Package using Conda",30102657819,78,1,"push","completed","failure","main","bf24f4b255171ca20b63671971a311ad10be7a54","ky46738-ops","ky46738-ops","https://github.com/lkminiPhantomWorld/welcome/actions/runs/30102657819"
"GITHUB_ACTION_RUN","VERIFIED_TRUE","2026-07-24T14:49:36Z","GitHub REST Actions","Push on main",30102657423,66,1,"dynamic","completed","success","main","bf24f4b255171ca20b63671971a311ad10be7a54","ky46738-ops","ky46738-ops","https://github.com/lkminiPhantomWorld/welcome/actions/runs/30102657423"
"GITHUB_ACTION_RUN","VERIFIED_TRUE","2026-07-24T14:49:35Z","GitHub REST Actions","Python Package using Conda",30102656520,77,1,"push","completed","failure","main","e1436bac7d82b0966ef305550113746b1578afbf","ky46738-ops","ky46738-ops","https://github.com/lkminiPhantomWorld/welcome/actions/runs/30102656520"
"GITHUB_ACTION_RUN","VERIFIED_TRUE","2026-07-24T14:49:35Z","GitHub REST Actions","Gatekeeper",30102656507,93,1,"push","completed","failure","main","e1436bac7d82b0966ef305550113746b1578afbf","ky46738-ops","ky46738-ops","https://github.com/lkminiPhantomWorld/welcome/actions/runs/30102656507"
"GITHUB_ACTION_RUN","VERIFIED_TRUE","2026-07-24T14:49:35Z","GitHub REST Actions","Deploy to GitHub Pages",30102656452,54,1,"push","completed","cancelled","main","e1436bac7d82b0966ef305550113746b1578afbf","ky46738-ops","ky46738-ops","https://github.com/lkminiPhantomWorld/welcome/actions/runs/30102656452"
"GITHUB_ACTION_RUN","VERIFIED_TRUE","2026-07-24T14:49:35Z","GitHub REST Actions","Deploy verified welcome site to GitHub Pages",30102656449,41,1,"push","completed","cancelled","main","e1436bac7d82b0966ef305550113746b1578afbf","ky46738-ops","ky46738-ops","https://github.com/lkminiPhantomWorld/welcome/actions/runs/30102656449"
"GITHUB_ACTION_RUN","VERIFIED_TRUE","2026-07-24T14:49:34Z","GitHub REST Actions","Push on main",30102655738,65,1,"dynamic","completed","success","main","e1436bac7d82b0966ef305550113746b1578afbf","ky46738-ops","ky46738-ops","https://github.com/lkminiPhantomWorld/welcome/actions/runs/30102655738"
"GITHUB_ACTION_RUN","VERIFIED_TRUE","2026-07-24T14:49:34Z","GitHub REST Actions","pages build and deployment",30102655737,53,1,"dynamic","completed","cancelled","main","e1436bac7d82b0966ef305550113746b1578afbf","ky46738-ops","ky46738-ops","https://github.com/lkminiPhantomWorld/welcome/actions/runs/30102655737"
"GITHUB_ACTION_RUN","VERIFIED_TRUE","2026-07-24T14:49:33Z","GitHub REST Actions","Deploy verified welcome site to GitHub Pages",30102654668,40,1,"push","completed","cancelled","main","256a2c5618a2f7552989da0e330f1e6481ef42c8","ky46738-ops","ky46738-ops","https://github.com/lkminiPhantomWorld/welcome/actions/runs/30102654668"
"GITHUB_ACTION_RUN","VERIFIED_TRUE","2026-07-24T14:49:33Z","GitHub REST Actions","Python Package using Conda",30102654599,76,1,"push","completed","failure","main","256a2c5618a2f7552989da0e330f1e6481ef42c8","ky46738-ops","ky46738-ops","https://github.com/lkminiPhantomWorld/welcome/actions/runs/30102654599"
"GITHUB_ACTION_RUN","VERIFIED_TRUE","2026-07-24T14:49:33Z","GitHub REST Actions","Deploy to GitHub Pages",30102654562,53,1,"push","completed","cancelled","main","256a2c5618a2f7552989da0e330f1e6481ef42c8","ky46738-ops","ky46738-ops","https://github.com/lkminiPhantomWorld/welcome/actions/runs/30102654562"
"GITHUB_ACTION_RUN","VERIFIED_TRUE","2026-07-24T14:49:33Z","GitHub REST Actions","Gatekeeper",30102654554,92,1,"push","completed","failure","main","256a2c5618a2f7552989da0e330f1e6481ef42c8","ky46738-ops","ky46738-ops","https://github.com/lkminiPhantomWorld/welcome/actions/runs/30102654554"
"GITHUB_ACTION_RUN","VERIFIED_TRUE","2026-07-24T14:49:33Z","GitHub REST Actions","Push on main",30102654134,64,1,"dynamic","completed","success","main","256a2c5618a2f7552989da0e330f1e6481ef42c8","ky46738-ops","ky46738-ops","https://github.com/lkminiPhantomWorld/welcome/actions/runs/30102654134"
"GITHUB_ACTION_RUN","VERIFIED_TRUE","2026-07-24T14:49:33Z","GitHub REST Actions","pages build and deployment",30102654052,52,1,"dynamic","completed","cancelled","main","256a2c5618a2f7552989da0e330f1e6481ef42c8","ky46738-ops","ky46738-ops","https://github.com/lkminiPhantomWorld/welcome/actions/runs/30102654052"
"GITHUB_ACTION_RUN","VERIFIED_TRUE","2026-07-24T14:45:44Z","GitHub REST Actions","pages build and deployment",30102388200,51,1,"dynamic","completed","success","main","b0ab33e4fbbbd3dea5eaa32be88cbdcbad27aaa8","ky46738-ops","ky46738-ops","https://github.com/lkminiPhantomWorld/welcome/actions/runs/30102388200"
"GITHUB_ACTION_RUN","VERIFIED_TRUE","2026-07-24T14:45:44Z","GitHub REST Actions","Python Package using Conda",30102388086,75,1,"push","completed","failure","main","b0ab33e4fbbbd3dea5eaa32be88cbdcbad27aaa8","ky46738-ops","ky46738-ops","https://github.com/lkminiPhantomWorld/welcome/actions/runs/30102388086"
"GITHUB_ACTION_RUN","VERIFIED_TRUE","2026-07-24T14:45:44Z","GitHub REST Actions","Gatekeeper",30102388075,91,1,"push","completed","failure","main","b0ab33e4fbbbd3dea5eaa32be88cbdcbad27aaa8","ky46738-ops","ky46738-ops","https://github.com/lkminiPhantomWorld/welcome/actions/runs/30102388075"
"GITHUB_ACTION_RUN","VERIFIED_TRUE","2026-07-24T14:45:44Z","GitHub REST Actions","Deploy verified welcome site to GitHub Pages",30102388026,39,1,"push","completed","success","main","b0ab33e4fbbbd3dea5eaa32be88cbdcbad27aaa8","ky46738-ops","ky46738-ops","https://github.com/lkminiPhantomWorld/welcome/actions/runs/30102388026"
"GITHUB_ACTION_RUN","VERIFIED_TRUE","2026-07-24T14:45:44Z","GitHub REST Actions","Deploy to GitHub Pages",30102388015,52,1,"push","completed","cancelled","main","b0ab33e4fbbbd3dea5eaa32be88cbdcbad27aaa8","ky46738-ops","ky46738-ops","https://github.com/lkminiPhantomWorld/welcome/actions/runs/30102388015"
"GITHUB_ACTION_RUN","VERIFIED_TRUE","2026-07-24T14:45:44Z","GitHub REST Actions","Push on main",30102387759,63,1,"dynamic","completed","success","main","b0ab33e4fbbbd3dea5eaa32be88cbdcbad27aaa8","ky46738-ops","ky46738-ops","https://github.com/lkminiPhantomWorld/welcome/actions/runs/30102387759"
"GITHUB_ACTION_RUN","VERIFIED_TRUE","2026-07-24T14:45:30Z","GitHub REST Actions","Gatekeeper",30102372272,90,1,"push","completed","failure","main","0287c6599810145c883a8e69d3b2d822f821351b","ky46738-ops","ky46738-ops","https://github.com/lkminiPhantomWorld/welcome/actions/runs/30102372272"
"GITHUB_ACTION_RUN","VERIFIED_TRUE","2026-07-24T14:45:30Z","GitHub REST Actions","Deploy to GitHub Pages",30102372176,51,1,"push","completed","cancelled","main","0287c6599810145c883a8e69d3b2d822f821351b","ky46738-ops","ky46738-ops","https://github.com/lkminiPhantomWorld/welcome/actions/runs/30102372176"
"GITHUB_ACTION_RUN","VERIFIED_TRUE","2026-07-24T14:45:30Z","GitHub REST Actions","Deploy verified welcome site to GitHub Pages",30102372127,38,1,"push","completed","cancelled","main","0287c6599810145c883a8e69d3b2d822f821351b","ky46738-ops","ky46738-ops","https://github.com/lkminiPhantomWorld/welcome/actions/runs/30102372127"
"GITHUB_ACTION_RUN","VERIFIED_TRUE","2026-07-24T14:45:30Z","GitHub REST Actions","Python Package using Conda",30102372010,74,1,"push","completed","failure","main","0287c6599810145c883a8e69d3b2d822f821351b","ky46738-ops","ky46738-ops","https://github.com/lkminiPhantomWorld/welcome/actions/runs/30102372010"
"GITHUB_ACTION_RUN","VERIFIED_TRUE","2026-07-24T14:45:30Z","GitHub REST Actions","pages build and deployment",30102371747,50,1,"dynamic","completed","cancelled","main","0287c6599810145c883a8e69d3b2d822f821351b","ky46738-ops","ky46738-ops","https://github.com/lkminiPhantomWorld/welcome/actions/runs/30102371747"
"GITHUB_ACTION_RUN","VERIFIED_TRUE","2026-07-24T14:45:30Z","GitHub REST Actions","Push on main",30102371600,62,1,"dynamic","completed","success","main","0287c6599810145c883a8e69d3b2d822f821351b","ky46738-ops","ky46738-ops","https://github.com/lkminiPhantomWorld/welcome/actions/runs/30102371600"
"GITHUB_ACTION_RUN","VERIFIED_TRUE","2026-07-24T14:45:28Z","GitHub REST Actions","Deploy verified welcome site to GitHub Pages",30102369493,37,1,"push","completed","cancelled","main","941aee8f3c212a24998a40b8bf7eec742971fc78","ky46738-ops","ky46738-ops","https://github.com/lkminiPhantomWorld/welcome/actions/runs/30102369493"
"GITHUB_ACTION_RUN","VERIFIED_TRUE","2026-07-24T14:45:28Z","GitHub REST Actions","Python Package using Conda",30102369410,73,1,"push","completed","failure","main","941aee8f3c212a24998a40b8bf7eec742971fc78","ky46738-ops","ky46738-ops","https://github.com/lkminiPhantomWorld/welcome/actions/runs/30102369410"
"GITHUB_ACTION_RUN","VERIFIED_TRUE","2026-07-24T14:45:28Z","GitHub REST Actions","Deploy to GitHub Pages",30102369335,50,1,"push","completed","cancelled","main","941aee8f3c212a24998a40b8bf7eec742971fc78","ky46738-ops","ky46738-ops","https://github.com/lkminiPhantomWorld/welcome/actions/runs/30102369335"
"GITHUB_ACTION_RUN","VERIFIED_TRUE","2026-07-24T14:45:28Z","GitHub REST Actions","Gatekeeper",30102369320,89,1,"push","completed","failure","main","941aee8f3c212a24998a40b8bf7eec742971fc78","ky46738-ops","ky46738-ops","https://github.com/lkminiPhantomWorld/welcome/actions/runs/30102369320"
"GITHUB_ACTION_RUN","VERIFIED_TRUE","2026-07-24T14:45:27Z","GitHub REST Actions","pages build and deployment",30102368758,49,1,"dynamic","completed","cancelled","main","941aee8f3c212a24998a40b8bf7eec742971fc78","ky46738-ops","ky46738-ops","https://github.com/lkminiPhantomWorld/welcome/actions/runs/30102368758"
"GITHUB_ACTION_RUN","VERIFIED_TRUE","2026-07-24T14:45:27Z","GitHub REST Actions","Push on main",30102368485,61,1,"dynamic","completed","success","main","941aee8f3c212a24998a40b8bf7eec742971fc78","ky46738-ops","ky46738-ops","https://github.com/lkminiPhantomWorld/welcome/actions/runs/30102368485"
"GITHUB_ACTION_RUN","VERIFIED_TRUE","2026-07-24T14:45:27Z","GitHub REST Actions","Gatekeeper",30102367851,88,1,"push","completed","failure","main","23d3e978e9bd053ac5f539fb81dab96bc5ac81a9","ky46738-ops","ky46738-ops","https://github.com/lkminiPhantomWorld/welcome/actions/runs/30102367851"
"GITHUB_ACTION_RUN","VERIFIED_TRUE","2026-07-24T14:45:27Z","GitHub REST Actions","Python Package using Conda",30102367738,72,1,"push","completed","failure","main","23d3e978e9bd053ac5f539fb81dab96bc5ac81a9","ky46738-ops","ky46738-ops","https://github.com/lkminiPhantomWorld/welcome/actions/runs/30102367738"
"GITHUB_ACTION_RUN","VERIFIED_TRUE","2026-07-24T14:45:27Z","GitHub REST Actions","Deploy to GitHub Pages",30102367647,49,1,"push","completed","cancelled","main","23d3e978e9bd053ac5f539fb81dab96bc5ac81a9","ky46738-ops","ky46738-ops","https://github.com/lkminiPhantomWorld/welcome/actions/runs/30102367647"
"GITHUB_ACTION_RUN","VERIFIED_TRUE","2026-07-24T14:45:27Z","GitHub REST Actions","Deploy verified welcome site to GitHub Pages",30102367637,36,1,"push","completed","cancelled","main","23d3e978e9bd053ac5f539fb81dab96bc5ac81a9","ky46738-ops","ky46738-ops","https://github.com/lkminiPhantomWorld/welcome/actions/runs/30102367637"
"GITHUB_ACTION_RUN","VERIFIED_TRUE","2026-07-24T14:45:26Z","GitHub REST Actions","Push on main",30102366817,60,1,"dynamic","completed","success","main","23d3e978e9bd053ac5f539fb81dab96bc5ac81a9","ky46738-ops","ky46738-ops","https://github.com/lkminiPhantomWorld/welcome/actions/runs/30102366817"
"GITHUB_ACTION_RUN","VERIFIED_TRUE","2026-07-24T14:45:26Z","GitHub REST Actions","pages build and deployment",30102366583,48,1,"dynamic","completed","cancelled","main","23d3e978e9bd053ac5f539fb81dab96bc5ac81a9","ky46738-ops","ky46738-ops","https://github.com/lkminiPhantomWorld/welcome/actions/runs/30102366583"
"GITHUB_ACTION_RUN","VERIFIED_TRUE","2026-07-24T14:40:42Z","GitHub REST Actions","Deploy verified welcome site to GitHub Pages",30102029222,35,1,"push","completed","success","main","30ff90000a182800333614f5870ecb1b010e8a58","ky46738-ops","ky46738-ops","https://github.com/lkminiPhantomWorld/welcome/actions/runs/30102029222"
"GITHUB_ACTION_RUN","VERIFIED_TRUE","2026-07-24T14:40:42Z","GitHub REST Actions","Gatekeeper",30102029207,87,1,"push","completed","failure","main","30ff90000a182800333614f5870ecb1b010e8a58","ky46738-ops","ky46738-ops","https://github.com/lkminiPhantomWorld/welcome/actions/runs/30102029207"
"GITHUB_ACTION_RUN","VERIFIED_TRUE","2026-07-24T14:40:42Z","GitHub REST Actions","Python Package using Conda",30102029201,71,1,"push","completed","failure","main","30ff90000a182800333614f5870ecb1b010e8a58","ky46738-ops","ky46738-ops","https://github.com/lkminiPhantomWorld/welcome/actions/runs/30102029201"
"GITHUB_ACTION_RUN","VERIFIED_TRUE","2026-07-24T14:40:42Z","GitHub REST Actions","Deploy to GitHub Pages",30102029171,48,1,"push","completed","cancelled","main","30ff90000a182800333614f5870ecb1b010e8a58","ky46738-ops","ky46738-ops","https://github.com/lkminiPhantomWorld/welcome/actions/runs/30102029171"
"GITHUB_ACTION_RUN","VERIFIED_TRUE","2026-07-24T14:40:42Z","GitHub REST Actions","pages build and deployment",30102029039,47,1,"dynamic","completed","success","main","30ff90000a182800333614f5870ecb1b010e8a58","ky46738-ops","ky46738-ops","https://github.com/lkminiPhantomWorld/welcome/actions/runs/30102029039"
"GITHUB_ACTION_RUN","VERIFIED_TRUE","2026-07-24T14:40:41Z","GitHub REST Actions","Push on main",30102028734,59,1,"dynamic","completed","success","main","30ff90000a182800333614f5870ecb1b010e8a58","ky46738-ops","ky46738-ops","https://github.com/lkminiPhantomWorld/welcome/actions/runs/30102028734"
"GITHUB_ACTION_RUN","VERIFIED_TRUE","2026-07-24T14:40:30Z","GitHub REST Actions","Push on main",30102015661,58,1,"dynamic","completed","success","main","232c89a3e1f832b9c020ed18d3e7d401e0777a2e","ky46738-ops","ky46738-ops","https://github.com/lkminiPhantomWorld/welcome/actions/runs/30102015661"
"GITHUB_ACTION_RUN","VERIFIED_TRUE","2026-07-24T14:40:30Z","GitHub REST Actions","Deploy to GitHub Pages",30102015640,47,1,"push","completed","cancelled","main","232c89a3e1f832b9c020ed18d3e7d401e0777a2e","ky46738-ops","ky46738-ops","https://github.com/lkminiPhantomWorld/welcome/actions/runs/30102015640"
"GITHUB_ACTION_RUN","VERIFIED_TRUE","2026-07-24T14:40:30Z","GitHub REST Actions","Deploy verified welcome site to GitHub Pages",30102015607,34,1,"push","completed","cancelled","main","232c89a3e1f832b9c020ed18d3e7d401e0777a2e","ky46738-ops","ky46738-ops","https://github.com/lkminiPhantomWorld/welcome/actions/runs/30102015607"
"GITHUB_ACTION_RUN","VERIFIED_TRUE","2026-07-24T14:40:30Z","GitHub REST Actions","Gatekeeper",30102015556,86,1,"push","completed","failure","main","232c89a3e1f832b9c020ed18d3e7d401e0777a2e","ky46738-ops","ky46738-ops","https://github.com/lkminiPhantomWorld/welcome/actions/runs/30102015556"
"GITHUB_ACTION_RUN","VERIFIED_TRUE","2026-07-24T14:40:30Z","GitHub REST Actions","Python Package using Conda",30102015554,70,1,"push","completed","failure","main","232c89a3e1f832b9c020ed18d3e7d401e0777a2e","ky46738-ops","ky46738-ops","https://github.com/lkminiPhantomWorld/welcome/actions/runs/30102015554"
"GITHUB_ACTION_RUN","VERIFIED_TRUE","2026-07-24T14:40:30Z","GitHub REST Actions","pages build and deployment",30102015351,46,1,"dynamic","completed","cancelled","main","232c89a3e1f832b9c020ed18d3e7d401e0777a2e","ky46738-ops","ky46738-ops","https://github.com/lkminiPhantomWorld/welcome/actions/runs/30102015351"
"GITHUB_ACTION_RUN","VERIFIED_TRUE","2026-07-24T14:40:29Z","GitHub REST Actions","Python Package using Conda",30102014953,69,1,"push","completed","failure","main","55f58d8427080bab128e179b647a3f1d00ffc858","ky46738-ops","ky46738-ops","https://github.com/lkminiPhantomWorld/welcome/actions/runs/30102014953"
"GITHUB_ACTION_RUN","VERIFIED_TRUE","2026-07-24T14:40:29Z","GitHub REST Actions","Gatekeeper",30102014698,85,1,"push","completed","failure","main","55f58d8427080bab128e179b647a3f1d00ffc858","ky46738-ops","ky46738-ops","https://github.com/lkminiPhantomWorld/welcome/actions/runs/30102014698"
"GITHUB_ACTION_RUN","VERIFIED_TRUE","2026-07-24T14:40:29Z","GitHub REST Actions","Deploy verified welcome site to GitHub Pages",30102014606,33,1,"push","completed","cancelled","main","55f58d8427080bab128e179b647a3f1d00ffc858","ky46738-ops","ky46738-ops","https://github.com/lkminiPhantomWorld/welcome/actions/runs/30102014606"
"GITHUB_ACTION_RUN","VERIFIED_TRUE","2026-07-24T14:40:29Z","GitHub REST Actions","Deploy to GitHub Pages",30102014556,46,1,"push","completed","cancelled","main","55f58d8427080bab128e179b647a3f1d00ffc858","ky46738-ops","ky46738-ops","https://github.com/lkminiPhantomWorld/welcome/actions/runs/30102014556"
"GITHUB_ACTION_RUN","VERIFIED_TRUE","2026-07-24T14:40:29Z","GitHub REST Actions","Push on main",30102014389,57,1,"dynamic","completed","success","main","55f58d8427080bab128e179b647a3f1d00ffc858","ky46738-ops","ky46738-ops","https://github.com/lkminiPhantomWorld/welcome/actions/runs/30102014389"
"GITHUB_ACTION_RUN","VERIFIED_TRUE","2026-07-24T14:40:28Z","GitHub REST Actions","pages build and deployment",30102013623,45,1,"dynamic","completed","cancelled","main","55f58d8427080bab128e179b647a3f1d00ffc858","ky46738-ops","ky46738-ops","https://github.com/lkminiPhantomWorld/welcome/actions/runs/30102013623"
"GITHUB_ACTION_RUN","VERIFIED_TRUE","2026-07-24T14:40:27Z","GitHub REST Actions","Deploy verified welcome site to GitHub Pages",30102012533,32,1,"push","completed","cancelled","main","359a0bc902331dc225159a00d8d2052c25aa0f56","ky46738-ops","ky46738-ops","https://github.com/lkminiPhantomWorld/welcome/actions/runs/30102012533"
"GITHUB_ACTION_RUN","VERIFIED_TRUE","2026-07-24T14:40:27Z","GitHub REST Actions","Gatekeeper",30102012492,84,1,"push","completed","failure","main","359a0bc902331dc225159a00d8d2052c25aa0f56","ky46738-ops","ky46738-ops","https://github.com/lkminiPhantomWorld/welcome/actions/runs/30102012492"
"GITHUB_ACTION_RUN","VERIFIED_TRUE","2026-07-24T14:40:27Z","GitHub REST Actions","Deploy to GitHub Pages",30102012482,45,1,"push","completed","cancelled","main","359a0bc902331dc225159a00d8d2052c25aa0f56","ky46738-ops","ky46738-ops","https://github.com/lkminiPhantomWorld/welcome/actions/runs/30102012482"
"GITHUB_ACTION_RUN","VERIFIED_TRUE","2026-07-24T14:40:27Z","GitHub REST Actions","Python Package using Conda",30102012481,68,1,"push","completed","failure","main","359a0bc902331dc225159a00d8d2052c25aa0f56","ky46738-ops","ky46738-ops","https://github.com/lkminiPhantomWorld/welcome/actions/runs/30102012481"
"GITHUB_ACTION_RUN","VERIFIED_TRUE","2026-07-24T14:40:27Z","GitHub REST Actions","pages build and deployment",30102012090,44,1,"dynamic","completed","cancelled","main","359a0bc902331dc225159a00d8d2052c25aa0f56","ky46738-ops","ky46738-ops","https://github.com/lkminiPhantomWorld/welcome/actions/runs/30102012090"
"GITHUB_ACTION_RUN","VERIFIED_TRUE","2026-07-24T14:40:27Z","GitHub REST Actions","Push on main",30102012053,56,1,"dynamic","completed","success","main","359a0bc902331dc225159a00d8d2052c25aa0f56","ky46738-ops","ky46738-ops","https://github.com/lkminiPhantomWorld/welcome/actions/runs/30102012053"
"GITHUB_ACTION_RUN","VERIFIED_TRUE","2026-07-24T13:52:43Z","GitHub REST Actions","Gatekeeper",30098662245,83,1,"push","completed","failure","main","b2d9d43df9887349d72e21f9635df9ea83cb4f35","ky46738-ops","ky46738-ops","https://github.com/lkminiPhantomWorld/welcome/actions/runs/30098662245"
"GITHUB_ACTION_RUN","VERIFIED_TRUE","2026-07-24T13:52:43Z","GitHub REST Actions","Deploy to GitHub Pages",30098662234,44,1,"push","completed","cancelled","main","b2d9d43df9887349d72e21f9635df9ea83cb4f35","ky46738-ops","ky46738-ops","https://github.com/lkminiPhantomWorld/welcome/actions/runs/30098662234"
"GITHUB_ACTION_RUN","VERIFIED_TRUE","2026-07-24T13:52:43Z","GitHub REST Actions","Deploy verified welcome site to GitHub Pages",30098662230,31,1,"push","completed","success","main","b2d9d43df9887349d72e21f9635df9ea83cb4f35","ky46738-ops","ky46738-ops","https://github.com/lkminiPhantomWorld/welcome/actions/runs/30098662230"
"GITHUB_ACTION_RUN","VERIFIED_TRUE","2026-07-24T13:52:43Z","GitHub REST Actions","Python Package using Conda",30098662202,67,1,"push","completed","failure","main","b2d9d43df9887349d72e21f9635df9ea83cb4f35","ky46738-ops","ky46738-ops","https://github.com/lkminiPhantomWorld/welcome/actions/runs/30098662202"
"GITHUB_ACTION_RUN","VERIFIED_TRUE","2026-07-24T13:52:43Z","GitHub REST Actions","pages build and deployment",30098662061,43,1,"dynamic","completed","success","main","b2d9d43df9887349d72e21f9635df9ea83cb4f35","ky46738-ops","ky46738-ops","https://github.com/lkminiPhantomWorld/welcome/actions/runs/30098662061"
"GITHUB_ACTION_RUN","VERIFIED_TRUE","2026-07-24T13:52:43Z","GitHub REST Actions","Push on main",30098661966,55,1,"dynamic","completed","success","main","b2d9d43df9887349d72e21f9635df9ea83cb4f35","ky46738-ops","ky46738-ops","https://github.com/lkminiPhantomWorld/welcome/actions/runs/30098661966"
"GITHUB_ACTION_RUN","VERIFIED_TRUE","2026-07-24T13:52:42Z","GitHub REST Actions","pages build and deployment",30098660843,42,1,"dynamic","completed","cancelled","main","b2d9d43df9887349d72e21f9635df9ea83cb4f35","ky46738-ops","ky46738-ops","https://github.com/lkminiPhantomWorld/welcome/actions/runs/30098660843"
"GITHUB_ACTION_RUN","VERIFIED_TRUE","2026-07-24T13:52:42Z","GitHub REST Actions","Deploy verified welcome site to GitHub Pages",30098660839,30,1,"push","completed","cancelled","main","3f8e218148c4af34b5c2d9573cab9b382847ac1e","ky46738-ops","ky46738-ops","https://github.com/lkminiPhantomWorld/welcome/actions/runs/30098660839"
"GITHUB_ACTION_RUN","VERIFIED_TRUE","2026-07-24T13:52:42Z","GitHub REST Actions","Gatekeeper",30098660815,82,1,"push","completed","failure","main","3f8e218148c4af34b5c2d9573cab9b382847ac1e","ky46738-ops","ky46738-ops","https://github.com/lkminiPhantomWorld/welcome/actions/runs/30098660815"
"GITHUB_ACTION_RUN","VERIFIED_TRUE","2026-07-24T13:52:42Z","GitHub REST Actions","Python Package using Conda",30098660795,66,1,"push","completed","failure","main","3f8e218148c4af34b5c2d9573cab9b382847ac1e","ky46738-ops","ky46738-ops","https://github.com/lkminiPhantomWorld/welcome/actions/runs/30098660795"
"GITHUB_ACTION_RUN","VERIFIED_TRUE","2026-07-24T13:52:42Z","GitHub REST Actions","Deploy to GitHub Pages",30098660792,43,1,"push","completed","cancelled","main","3f8e218148c4af34b5c2d9573cab9b382847ac1e","ky46738-ops","ky46738-ops","https://github.com/lkminiPhantomWorld/welcome/actions/runs/30098660792"
"GITHUB_ACTION_RUN","VERIFIED_TRUE","2026-07-24T13:52:42Z","GitHub REST Actions","Push on main",30098660245,54,1,"dynamic","completed","success","main","3f8e218148c4af34b5c2d9573cab9b382847ac1e","ky46738-ops","ky46738-ops","https://github.com/lkminiPhantomWorld/welcome/actions/runs/30098660245"
"GITHUB_ACTION_RUN","VERIFIED_TRUE","2026-07-24T13:52:40Z","GitHub REST Actions","Gatekeeper",30098658993,81,1,"push","completed","failure","main","8b82d507688d8268d6c309bf26355e0162fd015a","ky46738-ops","ky46738-ops","https://github.com/lkminiPhantomWorld/welcome/actions/runs/30098658993"
"GITHUB_ACTION_RUN","VERIFIED_TRUE","2026-07-24T13:52:40Z","GitHub REST Actions","pages build and deployment",30098658990,41,1,"dynamic","completed","cancelled","main","8b82d507688d8268d6c309bf26355e0162fd015a","ky46738-ops","ky46738-ops","https://github.com/lkminiPhantomWorld/welcome/actions/runs/30098658990"
"GITHUB_ACTION_RUN","VERIFIED_TRUE","2026-07-24T13:52:40Z","GitHub REST Actions","Deploy verified welcome site to GitHub Pages",30098658941,29,1,"push","completed","cancelled","main","8b82d507688d8268d6c309bf26355e0162fd015a","ky46738-ops","ky46738-ops","https://github.com/lkminiPhantomWorld/welcome/actions/runs/30098658941"
"GITHUB_ACTION_RUN","VERIFIED_TRUE","2026-07-24T13:52:40Z","GitHub REST Actions","Python Package using Conda",30098658934,65,1,"push","completed","failure","main","8b82d507688d8268d6c309bf26355e0162fd015a","ky46738-ops","ky46738-ops","https://github.com/lkminiPhantomWorld/welcome/actions/runs/30098658934"
"GITHUB_ACTION_RUN","VERIFIED_TRUE","2026-07-24T13:52:40Z","GitHub REST Actions","Deploy to GitHub Pages",30098658859,42,1,"push","completed","cancelled","main","8b82d507688d8268d6c309bf26355e0162fd015a","ky46738-ops","ky46738-ops","https://github.com/lkminiPhantomWorld/welcome/actions/runs/30098658859"
"GITHUB_ACTION_RUN","VERIFIED_TRUE","2026-07-24T13:52:40Z","GitHub REST Actions","Push on main",30098658758,53,1,"dynamic","completed","success","main","8b82d507688d8268d6c309bf26355e0162fd015a","ky46738-ops","ky46738-ops","https://github.com/lkminiPhantomWorld/welcome/actions/runs/30098658758"
"GITHUB_ACTION_RUN","VERIFIED_TRUE","2026-07-24T13:52:39Z","GitHub REST Actions","pages build and deployment",30098657313,40,1,"dynamic","completed","cancelled","main","97f22e0dfa0523956cf22fbab6da0fbf385678ae","ky46738-ops","ky46738-ops","https://github.com/lkminiPhantomWorld/welcome/actions/runs/30098657313"
"GITHUB_ACTION_RUN","VERIFIED_TRUE","2026-07-24T13:52:39Z","GitHub REST Actions","Deploy to GitHub Pages",30098657132,41,1,"push","completed","cancelled","main","97f22e0dfa0523956cf22fbab6da0fbf385678ae","ky46738-ops","ky46738-ops","https://github.com/lkminiPhantomWorld/welcome/actions/runs/30098657132"
"GITHUB_ACTION_RUN","VERIFIED_TRUE","2026-07-24T13:52:39Z","GitHub REST Actions","Deploy verified welcome site to GitHub Pages",30098657122,28,1,"push","completed","cancelled","main","97f22e0dfa0523956cf22fbab6da0fbf385678ae","ky46738-ops","ky46738-ops","https://github.com/lkminiPhantomWorld/welcome/actions/runs/30098657122"
"GITHUB_ACTION_RUN","VERIFIED_TRUE","2026-07-24T13:52:39Z","GitHub REST Actions","Gatekeeper",30098657118,80,1,"push","completed","failure","main","97f22e0dfa0523956cf22fbab6da0fbf385678ae","ky46738-ops","ky46738-ops","https://github.com/lkminiPhantomWorld/welcome/actions/runs/30098657118"
"GITHUB_ACTION_RUN","VERIFIED_TRUE","2026-07-24T13:52:39Z","GitHub REST Actions","Python Package using Conda",30098657113,64,1,"push","completed","failure","main","97f22e0dfa0523956cf22fbab6da0fbf385678ae","ky46738-ops","ky46738-ops","https://github.com/lkminiPhantomWorld/welcome/actions/runs/30098657113"
"GITHUB_ACTION_RUN","VERIFIED_TRUE","2026-07-24T13:52:39Z","GitHub REST Actions","Push on main",30098656872,52,1,"dynamic","completed","success","main","97f22e0dfa0523956cf22fbab6da0fbf385678ae","ky46738-ops","ky46738-ops","https://github.com/lkminiPhantomWorld/welcome/actions/runs/30098656872"
"GITHUB_ACTION_RUN","VERIFIED_TRUE","2026-07-24T13:52:38Z","GitHub REST Actions","pages build and deployment",30098655945,39,1,"dynamic","completed","cancelled","main","97f22e0dfa0523956cf22fbab6da0fbf385678ae","ky46738-ops","ky46738-ops","https://github.com/lkminiPhantomWorld/welcome/actions/runs/30098655945"
"GITHUB_ACTION_RUN","VERIFIED_TRUE","2026-07-24T13:52:37Z","GitHub REST Actions","Deploy to GitHub Pages",30098655579,40,1,"push","completed","cancelled","main","c2138c6f40ae1770e913c9ede2991b58e9fb6449","ky46738-ops","ky46738-ops","https://github.com/lkminiPhantomWorld/welcome/actions/runs/30098655579"
"GITHUB_ACTION_RUN","VERIFIED_TRUE","2026-07-24T13:52:37Z","GitHub REST Actions","Python Package using Conda",30098655519,63,1,"push","completed","failure","main","c2138c6f40ae1770e913c9ede2991b58e9fb6449","ky46738-ops","ky46738-ops","https://github.com/lkminiPhantomWorld/welcome/actions/runs/30098655519"
"GITHUB_ACTION_RUN","VERIFIED_TRUE","2026-07-24T13:52:37Z","GitHub REST Actions","Deploy verified welcome site to GitHub Pages",30098655516,27,1,"push","completed","cancelled","main","c2138c6f40ae1770e913c9ede2991b58e9fb6449","ky46738-ops","ky46738-ops","https://github.com/lkminiPhantomWorld/welcome/actions/runs/30098655516"
"GITHUB_ACTION_RUN","VERIFIED_TRUE","2026-07-24T13:52:37Z","GitHub REST Actions","Gatekeeper",30098655498,79,1,"push","completed","failure","main","c2138c6f40ae1770e913c9ede2991b58e9fb6449","ky46738-ops","ky46738-ops","https://github.com/lkminiPhantomWorld/welcome/actions/runs/30098655498"
"GITHUB_ACTION_RUN","VERIFIED_TRUE","2026-07-24T13:52:37Z","GitHub REST Actions","Push on main",30098655480,51,1,"dynamic","completed","success","main","c2138c6f40ae1770e913c9ede2991b58e9fb6449","ky46738-ops","ky46738-ops","https://github.com/lkminiPhantomWorld/welcome/actions/runs/30098655480"
"GITHUB_ACTION_RUN","VERIFIED_TRUE","2026-07-24T13:52:36Z","GitHub REST Actions","Deploy verified welcome site to GitHub Pages",30098653989,26,1,"push","completed","cancelled","main","6675d2f00905de42aa6c9e3543b24e8a5ae3441a","ky46738-ops","ky46738-ops","https://github.com/lkminiPhantomWorld/welcome/actions/runs/30098653989"
"GITHUB_ACTION_RUN","VERIFIED_TRUE","2026-07-24T13:52:36Z","GitHub REST Actions","Deploy to GitHub Pages",30098653680,39,1,"push","completed","cancelled","main","6675d2f00905de42aa6c9e3543b24e8a5ae3441a","ky46738-ops","ky46738-ops","https://github.com/lkminiPhantomWorld/welcome/actions/runs/30098653680"
"GITHUB_ACTION_RUN","VERIFIED_TRUE","2026-07-24T13:52:35Z","GitHub REST Actions","Gatekeeper",30098653618,78,1,"push","completed","failure","main","6675d2f00905de42aa6c9e3543b24e8a5ae3441a","ky46738-ops","ky46738-ops","https://github.com/lkminiPhantomWorld/welcome/actions/runs/30098653618"
"GITHUB_ACTION_RUN","VERIFIED_TRUE","2026-07-24T13:52:35Z","GitHub REST Actions","Python Package using Conda",30098653617,62,1,"push","completed","failure","main","6675d2f00905de42aa6c9e3543b24e8a5ae3441a","ky46738-ops","ky46738-ops","https://github.com/lkminiPhantomWorld/welcome/actions/runs/30098653617"
"GITHUB_ACTION_RUN","VERIFIED_TRUE","2026-07-24T13:52:35Z","GitHub REST Actions","pages build and deployment",30098653461,38,1,"dynamic","completed","cancelled","main","6675d2f00905de42aa6c9e3543b24e8a5ae3441a","ky46738-ops","ky46738-ops","https://github.com/lkminiPhantomWorld/welcome/actions/runs/30098653461"
"GITHUB_ACTION_RUN","VERIFIED_TRUE","2026-07-24T13:52:35Z","GitHub REST Actions","Push on main",30098653274,50,1,"dynamic","completed","success","main","6675d2f00905de42aa6c9e3543b24e8a5ae3441a","ky46738-ops","ky46738-ops","https://github.com/lkminiPhantomWorld/welcome/actions/runs/30098653274"
"GITHUB_ACTION_RUN","VERIFIED_TRUE","2026-07-24T13:52:34Z","GitHub REST Actions","Deploy verified welcome site to GitHub Pages",30098652002,25,1,"push","completed","cancelled","main","490f749a57f7bb0080cd8614b82274364957ed91","ky46738-ops","ky46738-ops","https://github.com/lkminiPhantomWorld/welcome/actions/runs/30098652002"
"GITHUB_ACTION_RUN","VERIFIED_TRUE","2026-07-24T13:52:34Z","GitHub REST Actions","Deploy to GitHub Pages",30098651986,38,1,"push","completed","cancelled","main","490f749a57f7bb0080cd8614b82274364957ed91","ky46738-ops","ky46738-ops","https://github.com/lkminiPhantomWorld/welcome/actions/runs/30098651986"
"GITHUB_ACTION_RUN","VERIFIED_TRUE","2026-07-24T13:52:34Z","GitHub REST Actions","Gatekeeper",30098651984,77,1,"push","completed","failure","main","490f749a57f7bb0080cd8614b82274364957ed91","ky46738-ops","ky46738-ops","https://github.com/lkminiPhantomWorld/welcome/actions/runs/30098651984"
"GITHUB_ACTION_RUN","VERIFIED_TRUE","2026-07-24T13:52:34Z","GitHub REST Actions","Python Package using Conda",30098651977,61,1,"push","completed","failure","main","490f749a57f7bb0080cd8614b82274364957ed91","ky46738-ops","ky46738-ops","https://github.com/lkminiPhantomWorld/welcome/actions/runs/30098651977"
"GITHUB_ACTION_RUN","VERIFIED_TRUE","2026-07-24T13:52:34Z","GitHub REST Actions","pages build and deployment",30098651555,37,1,"dynamic","completed","cancelled","main","490f749a57f7bb0080cd8614b82274364957ed91","ky46738-ops","ky46738-ops","https://github.com/lkminiPhantomWorld/welcome/actions/runs/30098651555"
"GITHUB_ACTION_RUN","VERIFIED_TRUE","2026-07-24T13:52:33Z","GitHub REST Actions","Push on main",30098651396,49,1,"dynamic","completed","success","main","490f749a57f7bb0080cd8614b82274364957ed91","github-advanced-security[bot]","github-advanced-security[bot]","https://github.com/lkminiPhantomWorld/welcome/actions/runs/30098651396"
"GITHUB_ACTION_RUN","VERIFIED_TRUE","2026-07-24T01:52:25Z","GitHub REST Actions","Python Package using Conda",30060122726,60,1,"push","completed","failure","main","6ab490e547d74745c2f6139bb349749099b010fe","ky46738-ops","ky46738-ops","https://github.com/lkminiPhantomWorld/welcome/actions/runs/30060122726"
"GITHUB_ACTION_RUN","VERIFIED_TRUE","2026-07-24T01:52:24Z","GitHub REST Actions","Deploy verified welcome site to GitHub Pages",30060122721,24,1,"push","completed","failure","main","6ab490e547d74745c2f6139bb349749099b010fe","ky46738-ops","ky46738-ops","https://github.com/lkminiPhantomWorld/welcome/actions/runs/30060122721"
"GITHUB_ACTION_RUN","VERIFIED_TRUE","2026-07-24T01:52:24Z","GitHub REST Actions","Gatekeeper",30060122708,76,1,"push","completed","failure","main","6ab490e547d74745c2f6139bb349749099b010fe","ky46738-ops","ky46738-ops","https://github.com/lkminiPhantomWorld/welcome/actions/runs/30060122708"
"GITHUB_ACTION_RUN","VERIFIED_TRUE","2026-07-24T01:52:24Z","GitHub REST Actions","Deploy to GitHub Pages",30060122706,37,1,"push","completed","cancelled","main","6ab490e547d74745c2f6139bb349749099b010fe","ky46738-ops","ky46738-ops","https://github.com/lkminiPhantomWorld/welcome/actions/runs/30060122706"
"GITHUB_ACTION_RUN","VERIFIED_TRUE","2026-07-24T01:52:24Z","GitHub REST Actions","pages build and deployment",30060122618,36,1,"dynamic","completed","success","main","6ab490e547d74745c2f6139bb349749099b010fe","ky46738-ops","ky46738-ops","https://github.com/lkminiPhantomWorld/welcome/actions/runs/30060122618"
"GITHUB_ACTION_RUN","VERIFIED_TRUE","2026-07-24T01:52:24Z","GitHub REST Actions","Push on main",30060122579,48,1,"dynamic","completed","success","main","6ab490e547d74745c2f6139bb349749099b010fe","ky46738-ops","ky46738-ops","https://github.com/lkminiPhantomWorld/welcome/actions/runs/30060122579"
"GITHUB_ACTION_RUN","VERIFIED_TRUE","2026-07-24T01:24:42Z","GitHub REST Actions","pages build and deployment",30058890633,35,1,"dynamic","completed","success","main","7ae583d69bd65238bc69a97f11f0a7526d9cc8e0","ky46738-ops","ky46738-ops","https://github.com/lkminiPhantomWorld/welcome/actions/runs/30058890633"
"GITHUB_ACTION_RUN","VERIFIED_TRUE","2026-07-24T01:24:42Z","GitHub REST Actions","Push on main",30058890625,47,1,"dynamic","completed","success","main","7ae583d69bd65238bc69a97f11f0a7526d9cc8e0","ky46738-ops","ky46738-ops","https://github.com/lkminiPhantomWorld/welcome/actions/runs/30058890625"
"GITHUB_ACTION_RUN","VERIFIED_TRUE","2026-07-24T01:24:42Z","GitHub REST Actions","Deploy to GitHub Pages",30058890609,36,1,"push","completed","success","main","7ae583d69bd65238bc69a97f11f0a7526d9cc8e0","ky46738-ops","ky46738-ops","https://github.com/lkminiPhantomWorld/welcome/actions/runs/30058890609"
"GITHUB_ACTION_RUN","VERIFIED_TRUE","2026-07-24T01:24:42Z","GitHub REST Actions","Gatekeeper",30058890581,75,1,"push","completed","failure","main","7ae583d69bd65238bc69a97f11f0a7526d9cc8e0","ky46738-ops","ky46738-ops","https://github.com/lkminiPhantomWorld/welcome/actions/runs/30058890581"
"GITHUB_ACTION_RUN","VERIFIED_TRUE","2026-07-24T01:24:42Z","GitHub REST Actions","Python Package using Conda",30058890560,59,1,"push","completed","failure","main","7ae583d69bd65238bc69a97f11f0a7526d9cc8e0","ky46738-ops","ky46738-ops","https://github.com/lkminiPhantomWorld/welcome/actions/runs/30058890560"
"GITHUB_ACTION_RUN","VERIFIED_TRUE","2026-07-24T01:24:42Z","GitHub REST Actions","Deploy verified welcome site to GitHub Pages",30058890542,23,1,"push","completed","cancelled","main","7ae583d69bd65238bc69a97f11f0a7526d9cc8e0","ky46738-ops","ky46738-ops","https://github.com/lkminiPhantomWorld/welcome/actions/runs/30058890542"
"GITHUB_ACTION_RUN","VERIFIED_TRUE","2026-07-24T01:24:16Z","GitHub REST Actions","Gatekeeper",30058871019,74,1,"push","completed","failure","main","b185df1dff7993376c7f80a8ad2f1f3ea1e3d1ec","ky46738-ops","ky46738-ops","https://github.com/lkminiPhantomWorld/welcome/actions/runs/30058871019"
"GITHUB_ACTION_RUN","VERIFIED_TRUE","2026-07-24T01:24:16Z","GitHub REST Actions","Deploy to GitHub Pages",30058870999,35,1,"push","completed","cancelled","main","b185df1dff7993376c7f80a8ad2f1f3ea1e3d1ec","ky46738-ops","ky46738-ops","https://github.com/lkminiPhantomWorld/welcome/actions/runs/30058870999"
"GITHUB_ACTION_RUN","VERIFIED_TRUE","2026-07-24T01:24:16Z","GitHub REST Actions","Deploy verified welcome site to GitHub Pages",30058870985,22,1,"push","completed","failure","main","b185df1dff7993376c7f80a8ad2f1f3ea1e3d1ec","ky46738-ops","ky46738-ops","https://github.com/lkminiPhantomWorld/welcome/actions/runs/30058870985"
"GITHUB_ACTION_RUN","VERIFIED_TRUE","2026-07-24T01:24:16Z","GitHub REST Actions","Python Package using Conda",30058870983,58,1,"push","completed","failure","main","b185df1dff7993376c7f80a8ad2f1f3ea1e3d1ec","ky46738-ops","ky46738-ops","https://github.com/lkminiPhantomWorld/welcome/actions/runs/30058870983"
"GITHUB_ACTION_RUN","VERIFIED_TRUE","2026-07-24T01:24:16Z","GitHub REST Actions","pages build and deployment",30058870845,34,1,"dynamic","completed","cancelled","main","b185df1dff7993376c7f80a8ad2f1f3ea1e3d1ec","ky46738-ops","ky46738-ops","https://github.com/lkminiPhantomWorld/welcome/actions/runs/30058870845"
"GITHUB_ACTION_RUN","VERIFIED_TRUE","2026-07-24T01:24:16Z","GitHub REST Actions","Push on main",30058870727,46,1,"dynamic","completed","success","main","b185df1dff7993376c7f80a8ad2f1f3ea1e3d1ec","ky46738-ops","ky46738-ops","https://github.com/lkminiPhantomWorld/welcome/actions/runs/30058870727"
"GITHUB_ACTION_RUN","VERIFIED_TRUE","2026-07-24T00:09:18Z","GitHub REST Actions","Deploy verified welcome site to GitHub Pages",30055352036,21,1,"push","completed","failure","main","7eef41e3eb8c076ba4806bb43fdf25c6cab7e9a2","ky46738-ops","ky46738-ops","https://github.com/lkminiPhantomWorld/welcome/actions/runs/30055352036"
"GITHUB_ACTION_RUN","VERIFIED_TRUE","2026-07-24T00:09:18Z","GitHub REST Actions","Python Package using Conda",30055352027,57,1,"push","completed","failure","main","7eef41e3eb8c076ba4806bb43fdf25c6cab7e9a2","ky46738-ops","ky46738-ops","https://github.com/lkminiPhantomWorld/welcome/actions/runs/30055352027"
"GITHUB_ACTION_RUN","VERIFIED_TRUE","2026-07-24T00:09:18Z","GitHub REST Actions","Deploy to GitHub Pages",30055352026,34,1,"push","completed","cancelled","main","7eef41e3eb8c076ba4806bb43fdf25c6cab7e9a2","ky46738-ops","ky46738-ops","https://github.com/lkminiPhantomWorld/welcome/actions/runs/30055352026"
"GITHUB_ACTION_RUN","VERIFIED_TRUE","2026-07-24T00:09:18Z","GitHub REST Actions","Gatekeeper",30055351995,73,1,"push","completed","failure","main","7eef41e3eb8c076ba4806bb43fdf25c6cab7e9a2","ky46738-ops","ky46738-ops","https://github.com/lkminiPhantomWorld/welcome/actions/runs/30055351995"
"GITHUB_ACTION_RUN","VERIFIED_TRUE","2026-07-24T00:09:18Z","GitHub REST Actions","Push on main",30055351798,45,1,"dynamic","completed","success","main","7eef41e3eb8c076ba4806bb43fdf25c6cab7e9a2","ky46738-ops","ky46738-ops","https://github.com/lkminiPhantomWorld/welcome/actions/runs/30055351798"
"GITHUB_ACTION_RUN","VERIFIED_TRUE","2026-07-24T00:09:18Z","GitHub REST Actions","pages build and deployment",30055351772,33,1,"dynamic","completed","success","main","7eef41e3eb8c076ba4806bb43fdf25c6cab7e9a2","ky46738-ops","ky46738-ops","https://github.com/lkminiPhantomWorld/welcome/actions/runs/30055351772"
"GITHUB_ACTION_RUN","VERIFIED_TRUE","2026-07-23T23:34:39Z","GitHub REST Actions","pages build and deployment",30053622621,32,1,"dynamic","completed","success","main","fc6f0f111791bb3be59069092079969e6b8c0c87","ky46738-ops","ky46738-ops","https://github.com/lkminiPhantomWorld/welcome/actions/runs/30053622621"
"GITHUB_ACTION_RUN","VERIFIED_TRUE","2026-07-23T23:34:39Z","GitHub REST Actions","Deploy to GitHub Pages",30053622366,33,1,"push","completed","success","main","fc6f0f111791bb3be59069092079969e6b8c0c87","ky46738-ops","ky46738-ops","https://github.com/lkminiPhantomWorld/welcome/actions/runs/30053622366"
"GITHUB_ACTION_RUN","VERIFIED_TRUE","2026-07-23T23:34:39Z","GitHub REST Actions","Python Package using Conda",30053622340,56,1,"push","completed","failure","main","fc6f0f111791bb3be59069092079969e6b8c0c87","ky46738-ops","ky46738-ops","https://github.com/lkminiPhantomWorld/welcome/actions/runs/30053622340"
"GITHUB_ACTION_RUN","VERIFIED_TRUE","2026-07-23T23:34:39Z","GitHub REST Actions","Deploy verified welcome site to GitHub Pages",30053622332,20,1,"push","completed","failure","main","fc6f0f111791bb3be59069092079969e6b8c0c87","ky46738-ops","ky46738-ops","https://github.com/lkminiPhantomWorld/welcome/actions/runs/30053622332"
"GITHUB_ACTION_RUN","VERIFIED_TRUE","2026-07-23T23:34:39Z","GitHub REST Actions","Gatekeeper",30053622327,72,1,"push","completed","failure","main","fc6f0f111791bb3be59069092079969e6b8c0c87","ky46738-ops","ky46738-ops","https://github.com/lkminiPhantomWorld/welcome/actions/runs/30053622327"
"GITHUB_ACTION_RUN","VERIFIED_TRUE","2026-07-23T23:34:39Z","GitHub REST Actions","Push on main",30053622115,44,1,"dynamic","completed","success","main","fc6f0f111791bb3be59069092079969e6b8c0c87","ky46738-ops","ky46738-ops","https://github.com/lkminiPhantomWorld/welcome/actions/runs/30053622115"
"GITHUB_ACTION_RUN","VERIFIED_TRUE","2026-07-23T23:23:38Z","GitHub REST Actions","Deploy to GitHub Pages",30053057101,32,1,"push","completed","success","main","e6fd13f1c215e8bc9cef9790feca3dfca94572af","ky46738-ops","ky46738-ops","https://github.com/lkminiPhantomWorld/welcome/actions/runs/30053057101"
"GITHUB_ACTION_RUN","VERIFIED_TRUE","2026-07-23T23:23:38Z","GitHub REST Actions","Python Package using Conda",30053057059,55,1,"push","completed","failure","main","e6fd13f1c215e8bc9cef9790feca3dfca94572af","ky46738-ops","ky46738-ops","https://github.com/lkminiPhantomWorld/welcome/actions/runs/30053057059"
"GITHUB_ACTION_RUN","VERIFIED_TRUE","2026-07-23T23:23:38Z","GitHub REST Actions","Gatekeeper",30053057048,71,1,"push","completed","failure","main","e6fd13f1c215e8bc9cef9790feca3dfca94572af","ky46738-ops","ky46738-ops","https://github.com/lkminiPhantomWorld/welcome/actions/runs/30053057048"
"GITHUB_ACTION_RUN","VERIFIED_TRUE","2026-07-23T23:23:38Z","GitHub REST Actions","Deploy verified welcome site to GitHub Pages",30053057019,19,1,"push","completed","failure","main","e6fd13f1c215e8bc9cef9790feca3dfca94572af","ky46738-ops","ky46738-ops","https://github.com/lkminiPhantomWorld/welcome/actions/runs/30053057019"
"GITHUB_ACTION_RUN","VERIFIED_TRUE","2026-07-23T23:23:38Z","GitHub REST Actions","Push on main",30053056887,43,1,"dynamic","completed","success","main","e6fd13f1c215e8bc9cef9790feca3dfca94572af","ky46738-ops","ky46738-ops","https://github.com/lkminiPhantomWorld/welcome/actions/runs/30053056887"
"GITHUB_ACTION_RUN","VERIFIED_TRUE","2026-07-23T23:23:38Z","GitHub REST Actions","pages build and deployment",30053056866,31,1,"dynamic","completed","success","main","e6fd13f1c215e8bc9cef9790feca3dfca94572af","ky46738-ops","ky46738-ops","https://github.com/lkminiPhantomWorld/welcome/actions/runs/30053056866"
"GITHUB_ACTION_RUN","VERIFIED_TRUE","2026-07-23T23:19:27Z","GitHub REST Actions","Python Package using Conda",30052838503,54,1,"push","completed","failure","main","04f39c787e2c2689e53bd92248070dc6f86471de","ky46738-ops","ky46738-ops","https://github.com/lkminiPhantomWorld/welcome/actions/runs/30052838503"
"GITHUB_ACTION_RUN","VERIFIED_TRUE","2026-07-23T23:19:27Z","GitHub REST Actions","Deploy verified welcome site to GitHub Pages",30052838490,18,1,"push","completed","failure","main","04f39c787e2c2689e53bd92248070dc6f86471de","ky46738-ops","ky46738-ops","https://github.com/lkminiPhantomWorld/welcome/actions/runs/30052838490"
"GITHUB_ACTION_RUN","VERIFIED_TRUE","2026-07-23T23:19:27Z","GitHub REST Actions","Deploy to GitHub Pages",30052838487,31,1,"push","completed","success","main","04f39c787e2c2689e53bd92248070dc6f86471de","ky46738-ops","ky46738-ops","https://github.com/lkminiPhantomWorld/welcome/actions/runs/30052838487"
"GITHUB_ACTION_RUN","VERIFIED_TRUE","2026-07-23T23:19:27Z","GitHub REST Actions","Gatekeeper",30052838486,70,1,"push","completed","failure","main","04f39c787e2c2689e53bd92248070dc6f86471de","ky46738-ops","ky46738-ops","https://github.com/lkminiPhantomWorld/welcome/actions/runs/30052838486"
"GITHUB_ACTION_RUN","VERIFIED_TRUE","2026-07-23T23:19:27Z","GitHub REST Actions","Push on main",30052838452,42,1,"dynamic","completed","success","main","04f39c787e2c2689e53bd92248070dc6f86471de","ky46738-ops","ky46738-ops","https://github.com/lkminiPhantomWorld/welcome/actions/runs/30052838452"
"GITHUB_ACTION_RUN","VERIFIED_TRUE","2026-07-23T23:19:26Z","GitHub REST Actions","pages build and deployment",30052838342,30,1,"dynamic","completed","success","main","04f39c787e2c2689e53bd92248070dc6f86471de","ky46738-ops","ky46738-ops","https://github.com/lkminiPhantomWorld/welcome/actions/runs/30052838342"
"GITHUB_ACTION_RUN","VERIFIED_TRUE","2026-07-23T23:17:21Z","GitHub REST Actions","pages build and deployment",30052731271,29,1,"dynamic","completed","success","main","6f59ae5dcc7acbf9bf305d201e7b910d1d2d84a2","ky46738-ops","ky46738-ops","https://github.com/lkminiPhantomWorld/welcome/actions/runs/30052731271"
"GITHUB_ACTION_RUN","VERIFIED_TRUE","2026-07-23T23:17:21Z","GitHub REST Actions","Gatekeeper",30052731172,69,1,"push","completed","failure","main","6f59ae5dcc7acbf9bf305d201e7b910d1d2d84a2","ky46738-ops","ky46738-ops","https://github.com/lkminiPhantomWorld/welcome/actions/runs/30052731172"
"GITHUB_ACTION_RUN","VERIFIED_TRUE","2026-07-23T23:17:21Z","GitHub REST Actions","Python Package using Conda",30052731129,53,1,"push","completed","failure","main","6f59ae5dcc7acbf9bf305d201e7b910d1d2d84a2","ky46738-ops","ky46738-ops","https://github.com/lkminiPhantomWorld/welcome/actions/runs/30052731129"
"GITHUB_ACTION_RUN","VERIFIED_TRUE","2026-07-23T23:17:21Z","GitHub REST Actions","Deploy verified welcome site to GitHub Pages",30052731117,17,1,"push","completed","failure","main","6f59ae5dcc7acbf9bf305d201e7b910d1d2d84a2","ky46738-ops","ky46738-ops","https://github.com/lkminiPhantomWorld/welcome/actions/runs/30052731117"
"GITHUB_ACTION_RUN","VERIFIED_TRUE","2026-07-23T23:17:21Z","GitHub REST Actions","Deploy to GitHub Pages",30052731105,30,1,"push","completed","cancelled","main","6f59ae5dcc7acbf9bf305d201e7b910d1d2d84a2","ky46738-ops","ky46738-ops","https://github.com/lkminiPhantomWorld/welcome/actions/runs/30052731105"
"GITHUB_ACTION_RUN","VERIFIED_TRUE","2026-07-23T23:17:21Z","GitHub REST Actions","Push on main",30052730807,41,1,"dynamic","completed","success","main","6f59ae5dcc7acbf9bf305d201e7b910d1d2d84a2","ky46738-ops","ky46738-ops","https://github.com/lkminiPhantomWorld/welcome/actions/runs/30052730807"
"GITHUB_ACTION_RUN","VERIFIED_TRUE","2026-07-23T23:17:01Z","GitHub REST Actions","Python Package using Conda",30052713944,52,1,"push","completed","failure","main","4848cc9d098302095e68848ea415470688c0029f","ky46738-ops","ky46738-ops","https://github.com/lkminiPhantomWorld/welcome/actions/runs/30052713944"
"GITHUB_ACTION_RUN","VERIFIED_TRUE","2026-07-23T23:17:01Z","GitHub REST Actions","Deploy verified welcome site to GitHub Pages",30052713931,16,1,"push","completed","failure","main","4848cc9d098302095e68848ea415470688c0029f","ky46738-ops","ky46738-ops","https://github.com/lkminiPhantomWorld/welcome/actions/runs/30052713931"
"GITHUB_ACTION_RUN","VERIFIED_TRUE","2026-07-23T23:17:01Z","GitHub REST Actions","Gatekeeper",30052713916,68,1,"push","completed","failure","main","4848cc9d098302095e68848ea415470688c0029f","ky46738-ops","ky46738-ops","https://github.com/lkminiPhantomWorld/welcome/actions/runs/30052713916"
"GITHUB_ACTION_RUN","VERIFIED_TRUE","2026-07-23T23:17:01Z","GitHub REST Actions","Deploy to GitHub Pages",30052713904,29,1,"push","completed","cancelled","main","4848cc9d098302095e68848ea415470688c0029f","ky46738-ops","ky46738-ops","https://github.com/lkminiPhantomWorld/welcome/actions/runs/30052713904"
"GITHUB_ACTION_RUN","VERIFIED_TRUE","2026-07-23T23:17:01Z","GitHub REST Actions","Push on main",30052713902,40,1,"dynamic","completed","success","main","4848cc9d098302095e68848ea415470688c0029f","ky46738-ops","ky46738-ops","https://github.com/lkminiPhantomWorld/welcome/actions/runs/30052713902"
"GITHUB_ACTION_RUN","VERIFIED_TRUE","2026-07-23T23:17:00Z","GitHub REST Actions","pages build and deployment",30052713780,28,1,"dynamic","completed","cancelled","main","4848cc9d098302095e68848ea415470688c0029f","ky46738-ops","ky46738-ops","https://github.com/lkminiPhantomWorld/welcome/actions/runs/30052713780"
"GITHUB_ACTION_RUN","VERIFIED_TRUE","2026-07-23T23:15:13Z","GitHub REST Actions","Gatekeeper",30052620153,67,1,"push","completed","failure","main","322eff264c92c4658941e36d6ab6718beab238d7","ky46738-ops","ky46738-ops","https://github.com/lkminiPhantomWorld/welcome/actions/runs/30052620153"
"GITHUB_ACTION_RUN","VERIFIED_TRUE","2026-07-23T23:15:13Z","GitHub REST Actions","Python Package using Conda",30052620148,51,1,"push","completed","failure","main","322eff264c92c4658941e36d6ab6718beab238d7","ky46738-ops","ky46738-ops","https://github.com/lkminiPhantomWorld/welcome/actions/runs/30052620148"
"GITHUB_ACTION_RUN","VERIFIED_TRUE","2026-07-23T23:15:13Z","GitHub REST Actions","Deploy to GitHub Pages",30052620143,28,1,"push","completed","success","main","322eff264c92c4658941e36d6ab6718beab238d7","ky46738-ops","ky46738-ops","https://github.com/lkminiPhantomWorld/welcome/actions/runs/30052620143"
"GITHUB_ACTION_RUN","VERIFIED_TRUE","2026-07-23T23:15:13Z","GitHub REST Actions","Deploy verified welcome site to GitHub Pages",30052620134,15,1,"push","completed","failure","main","322eff264c92c4658941e36d6ab6718beab238d7","ky46738-ops","ky46738-ops","https://github.com/lkminiPhantomWorld/welcome/actions/runs/30052620134"
"GITHUB_ACTION_RUN","VERIFIED_TRUE","2026-07-23T23:15:13Z","GitHub REST Actions","Push on main",30052619937,39,1,"dynamic","completed","success","main","322eff264c92c4658941e36d6ab6718beab238d7","ky46738-ops","ky46738-ops","https://github.com/lkminiPhantomWorld/welcome/actions/runs/30052619937"
"GITHUB_ACTION_RUN","VERIFIED_TRUE","2026-07-23T23:15:13Z","GitHub REST Actions","pages build and deployment",30052619897,27,1,"dynamic","completed","success","main","322eff264c92c4658941e36d6ab6718beab238d7","ky46738-ops","ky46738-ops","https://github.com/lkminiPhantomWorld/welcome/actions/runs/30052619897"
"GITHUB_ACTION_RUN","VERIFIED_TRUE","2026-07-23T23:12:40Z","GitHub REST Actions","Gatekeeper",30052482359,66,1,"push","completed","failure","main","8a5a1319e4b30ac647f773a1af70a209659ae8a1","ky46738-ops","ky46738-ops","https://github.com/lkminiPhantomWorld/welcome/actions/runs/30052482359"
"GITHUB_ACTION_RUN","VERIFIED_TRUE","2026-07-23T23:12:40Z","GitHub REST Actions","Python Package using Conda",30052482312,50,1,"push","completed","failure","main","8a5a1319e4b30ac647f773a1af70a209659ae8a1","ky46738-ops","ky46738-ops","https://github.com/lkminiPhantomWorld/welcome/actions/runs/30052482312"
"GITHUB_ACTION_RUN","VERIFIED_TRUE","2026-07-23T23:12:40Z","GitHub REST Actions","Deploy verified welcome site to GitHub Pages",30052481957,14,1,"push","completed","failure","main","8a5a1319e4b30ac647f773a1af70a209659ae8a1","ky46738-ops","ky46738-ops","https://github.com/lkminiPhantomWorld/welcome/actions/runs/30052481957"
"GITHUB_ACTION_RUN","VERIFIED_TRUE","2026-07-23T23:12:40Z","GitHub REST Actions","Deploy to GitHub Pages",30052481890,27,1,"push","completed","success","main","8a5a1319e4b30ac647f773a1af70a209659ae8a1","ky46738-ops","ky46738-ops","https://github.com/lkminiPhantomWorld/welcome/actions/runs/30052481890"
"GITHUB_ACTION_RUN","VERIFIED_TRUE","2026-07-23T23:12:40Z","GitHub REST Actions","pages build and deployment",30052481843,26,1,"dynamic","completed","success","main","8a5a1319e4b30ac647f773a1af70a209659ae8a1","ky46738-ops","ky46738-ops","https://github.com/lkminiPhantomWorld/welcome/actions/runs/30052481843"
"GITHUB_ACTION_RUN","VERIFIED_TRUE","2026-07-23T23:12:40Z","GitHub REST Actions","Push on main",30052481811,38,1,"dynamic","completed","success","main","8a5a1319e4b30ac647f773a1af70a209659ae8a1","ky46738-ops","ky46738-ops","https://github.com/lkminiPhantomWorld/welcome/actions/runs/30052481811"
"GITHUB_ACTION_RUN","VERIFIED_TRUE","2026-07-23T22:13:54Z","GitHub REST Actions","Deploy verified welcome site to GitHub Pages",30049154333,13,1,"push","completed","failure","main","b11bedb4e0d5acff315167beee6a3ede0193368e","ky46738-ops","ky46738-ops","https://github.com/lkminiPhantomWorld/welcome/actions/runs/30049154333"
"GITHUB_ACTION_RUN","VERIFIED_TRUE","2026-07-23T22:13:54Z","GitHub REST Actions","Deploy to GitHub Pages",30049154297,26,1,"push","completed","success","main","b11bedb4e0d5acff315167beee6a3ede0193368e","ky46738-ops","ky46738-ops","https://github.com/lkminiPhantomWorld/welcome/actions/runs/30049154297"
"GITHUB_ACTION_RUN","VERIFIED_TRUE","2026-07-23T22:13:54Z","GitHub REST Actions","Gatekeeper",30049154271,65,1,"push","completed","failure","main","b11bedb4e0d5acff315167beee6a3ede0193368e","ky46738-ops","ky46738-ops","https://github.com/lkminiPhantomWorld/welcome/actions/runs/30049154271"
"GITHUB_ACTION_RUN","VERIFIED_TRUE","2026-07-23T22:13:54Z","GitHub REST Actions","Python Package using Conda",30049154182,49,1,"push","completed","failure","main","b11bedb4e0d5acff315167beee6a3ede0193368e","ky46738-ops","ky46738-ops","https://github.com/lkminiPhantomWorld/welcome/actions/runs/30049154182"
"GITHUB_ACTION_RUN","VERIFIED_TRUE","2026-07-23T22:13:54Z","GitHub REST Actions","pages build and deployment",30049154074,25,1,"dynamic","completed","success","main","b11bedb4e0d5acff315167beee6a3ede0193368e","ky46738-ops","ky46738-ops","https://github.com/lkminiPhantomWorld/welcome/actions/runs/30049154074"
"GITHUB_ACTION_RUN","VERIFIED_TRUE","2026-07-23T22:13:53Z","GitHub REST Actions","Push on main",30049153545,37,1,"dynamic","completed","success","main","b11bedb4e0d5acff315167beee6a3ede0193368e","ky46738-ops","ky46738-ops","https://github.com/lkminiPhantomWorld/welcome/actions/runs/30049153545"
"GITHUB_ACTION_RUN","VERIFIED_TRUE","2026-07-23T22:13:04Z","GitHub REST Actions","Gatekeeper",30049101035,64,1,"push","completed","failure","main","00698b4c26231d003d8763b1c3137dd8e2adc118","ky46738-ops","ky46738-ops","https://github.com/lkminiPhantomWorld/welcome/actions/runs/30049101035"
"GITHUB_ACTION_RUN","VERIFIED_TRUE","2026-07-23T22:13:04Z","GitHub REST Actions","Deploy verified welcome site to GitHub Pages",30049101018,12,1,"push","completed","failure","main","00698b4c26231d003d8763b1c3137dd8e2adc118","ky46738-ops","ky46738-ops","https://github.com/lkminiPhantomWorld/welcome/actions/runs/30049101018"
"GITHUB_ACTION_RUN","VERIFIED_TRUE","2026-07-23T22:13:04Z","GitHub REST Actions","Python Package using Conda",30049100924,48,1,"push","completed","failure","main","00698b4c26231d003d8763b1c3137dd8e2adc118","ky46738-ops","ky46738-ops","https://github.com/lkminiPhantomWorld/welcome/actions/runs/30049100924"
"GITHUB_ACTION_RUN","VERIFIED_TRUE","2026-07-23T22:13:04Z","GitHub REST Actions","Deploy to GitHub Pages",30049100915,25,1,"push","completed","success","main","00698b4c26231d003d8763b1c3137dd8e2adc118","ky46738-ops","ky46738-ops","https://github.com/lkminiPhantomWorld/welcome/actions/runs/30049100915"
"GITHUB_ACTION_RUN","VERIFIED_TRUE","2026-07-23T22:13:03Z","GitHub REST Actions","Push on main",30049100045,36,1,"dynamic","completed","success","main","00698b4c26231d003d8763b1c3137dd8e2adc118","ky46738-ops","ky46738-ops","https://github.com/lkminiPhantomWorld/welcome/actions/runs/30049100045"
"GITHUB_ACTION_RUN","VERIFIED_TRUE","2026-07-23T22:13:03Z","GitHub REST Actions","pages build and deployment",30049100012,24,1,"dynamic","completed","success","main","00698b4c26231d003d8763b1c3137dd8e2adc118","ky46738-ops","ky46738-ops","https://github.com/lkminiPhantomWorld/welcome/actions/runs/30049100012"
"GITHUB_ACTION_RUN","VERIFIED_TRUE","2026-07-23T21:06:36Z","GitHub REST Actions","Deploy verified welcome site to GitHub Pages",30044867900,11,1,"push","completed","failure","main","0b3d5ed5a505b4b6805845702649dddff107f8bc","ky46738-ops","ky46738-ops","https://github.com/lkminiPhantomWorld/welcome/actions/runs/30044867900"
"GITHUB_ACTION_RUN","VERIFIED_TRUE","2026-07-23T21:06:36Z","GitHub REST Actions","Gatekeeper",30044867712,63,1,"push","completed","failure","main","0b3d5ed5a505b4b6805845702649dddff107f8bc","ky46738-ops","ky46738-ops","https://github.com/lkminiPhantomWorld/welcome/actions/runs/30044867712"
"GITHUB_ACTION_RUN","VERIFIED_TRUE","2026-07-23T21:06:36Z","GitHub REST Actions","Python Package using Conda",30044867438,47,1,"push","completed","failure","main","0b3d5ed5a505b4b6805845702649dddff107f8bc","ky46738-ops","ky46738-ops","https://github.com/lkminiPhantomWorld/welcome/actions/runs/30044867438"
"GITHUB_ACTION_RUN","VERIFIED_TRUE","2026-07-23T21:06:35Z","GitHub REST Actions","Deploy to GitHub Pages",30044867345,24,1,"push","completed","cancelled","main","0b3d5ed5a505b4b6805845702649dddff107f8bc","ky46738-ops","ky46738-ops","https://github.com/lkminiPhantomWorld/welcome/actions/runs/30044867345"
"GITHUB_ACTION_RUN","VERIFIED_TRUE","2026-07-23T21:06:35Z","GitHub REST Actions","pages build and deployment",30044866248,23,1,"dynamic","completed","success","main","0b3d5ed5a505b4b6805845702649dddff107f8bc","ky46738-ops","ky46738-ops","https://github.com/lkminiPhantomWorld/welcome/actions/runs/30044866248"
"GITHUB_ACTION_RUN","VERIFIED_TRUE","2026-07-23T21:06:35Z","GitHub REST Actions","Push on main",30044866216,35,1,"dynamic","completed","success","main","0b3d5ed5a505b4b6805845702649dddff107f8bc","ky46738-ops","ky46738-ops","https://github.com/lkminiPhantomWorld/welcome/actions/runs/30044866216"
"GITHUB_ACTION_RUN","VERIFIED_TRUE","2026-07-23T20:41:45Z","GitHub REST Actions","Deploy verified welcome site to GitHub Pages",30043166871,10,1,"push","completed","failure","main","70f3b700adf0fc4a7eb7706cad199b2f984a00e8","ky46738-ops","ky46738-ops","https://github.com/lkminiPhantomWorld/welcome/actions/runs/30043166871"
"GITHUB_ACTION_RUN","VERIFIED_TRUE","2026-07-23T20:41:45Z","GitHub REST Actions","Gatekeeper",30043166827,62,1,"push","completed","failure","main","70f3b700adf0fc4a7eb7706cad199b2f984a00e8","ky46738-ops","ky46738-ops","https://github.com/lkminiPhantomWorld/welcome/actions/runs/30043166827"
"GITHUB_ACTION_RUN","VERIFIED_TRUE","2026-07-23T20:41:45Z","GitHub REST Actions","Deploy to GitHub Pages",30043166808,23,1,"push","completed","cancelled","main","70f3b700adf0fc4a7eb7706cad199b2f984a00e8","ky46738-ops","ky46738-ops","https://github.com/lkminiPhantomWorld/welcome/actions/runs/30043166808"
"GITHUB_ACTION_RUN","VERIFIED_TRUE","2026-07-23T20:41:45Z","GitHub REST Actions","Python Package using Conda",30043166801,46,1,"push","completed","failure","main","70f3b700adf0fc4a7eb7706cad199b2f984a00e8","ky46738-ops","ky46738-ops","https://github.com/lkminiPhantomWorld/welcome/actions/runs/30043166801"
"GITHUB_ACTION_RUN","VERIFIED_TRUE","2026-07-23T20:41:44Z","GitHub REST Actions","Push on main",30043166486,34,1,"dynamic","completed","success","main","70f3b700adf0fc4a7eb7706cad199b2f984a00e8","ky46738-ops","ky46738-ops","https://github.com/lkminiPhantomWorld/welcome/actions/runs/30043166486"
"GITHUB_ACTION_RUN","VERIFIED_TRUE","2026-07-23T20:41:44Z","GitHub REST Actions","pages build and deployment",30043166392,22,1,"dynamic","completed","success","main","70f3b700adf0fc4a7eb7706cad199b2f984a00e8","ky46738-ops","ky46738-ops","https://github.com/lkminiPhantomWorld/welcome/actions/runs/30043166392"
"GITHUB_ACTION_RUN","VERIFIED_TRUE","2026-07-23T20:26:18Z","GitHub REST Actions","Gatekeeper",30042080941,61,1,"push","completed","failure","main","da3f6c2cfcf2cbef36b1bb2125df13c746ebc244","ky46738-ops","ky46738-ops","https://github.com/lkminiPhantomWorld/welcome/actions/runs/30042080941"
"GITHUB_ACTION_RUN","VERIFIED_TRUE","2026-07-23T20:26:16Z","GitHub REST Actions","Deploy to GitHub Pages",30042079167,22,1,"push","completed","success","main","da3f6c2cfcf2cbef36b1bb2125df13c746ebc244","ky46738-ops","ky46738-ops","https://github.com/lkminiPhantomWorld/welcome/actions/runs/30042079167"
"GITHUB_ACTION_RUN","VERIFIED_TRUE","2026-07-23T20:26:16Z","GitHub REST Actions","Deploy verified welcome site to GitHub Pages",30042079107,9,1,"push","completed","failure","main","da3f6c2cfcf2cbef36b1bb2125df13c746ebc244","ky46738-ops","ky46738-ops","https://github.com/lkminiPhantomWorld/welcome/actions/runs/30042079107"
"GITHUB_ACTION_RUN","VERIFIED_TRUE","2026-07-23T20:26:16Z","GitHub REST Actions","Python Package using Conda",30042078959,45,1,"push","completed","failure","main","da3f6c2cfcf2cbef36b1bb2125df13c746ebc244","ky46738-ops","ky46738-ops","https://github.com/lkminiPhantomWorld/welcome/actions/runs/30042078959"
"GITHUB_ACTION_RUN","VERIFIED_TRUE","2026-07-23T20:26:16Z","GitHub REST Actions","Push on main",30042078396,33,1,"dynamic","completed","success","main","da3f6c2cfcf2cbef36b1bb2125df13c746ebc244","ky46738-ops","ky46738-ops","https://github.com/lkminiPhantomWorld/welcome/actions/runs/30042078396"
"GITHUB_ACTION_RUN","VERIFIED_TRUE","2026-07-23T20:26:15Z","GitHub REST Actions","pages build and deployment",30042078025,21,1,"dynamic","completed","success","main","da3f6c2cfcf2cbef36b1bb2125df13c746ebc244","ky46738-ops","ky46738-ops","https://github.com/lkminiPhantomWorld/welcome/actions/runs/30042078025"
"GITHUB_ACTION_RUN","VERIFIED_TRUE","2026-07-23T20:22:45Z","GitHub REST Actions","Deploy verified welcome site to GitHub Pages",30041831989,8,1,"push","completed","failure","main","f59b43f266a195e38513afcaf48b21948bd48200","ky46738-ops","ky46738-ops","https://github.com/lkminiPhantomWorld/welcome/actions/runs/30041831989"
"GITHUB_ACTION_RUN","VERIFIED_TRUE","2026-07-23T20:22:44Z","GitHub REST Actions","Gatekeeper",30041831928,60,1,"push","completed","failure","main","f59b43f266a195e38513afcaf48b21948bd48200","ky46738-ops","ky46738-ops","https://github.com/lkminiPhantomWorld/welcome/actions/runs/30041831928"
"GITHUB_ACTION_RUN","VERIFIED_TRUE","2026-07-23T20:22:44Z","GitHub REST Actions","Python Package using Conda",30041831201,44,1,"push","completed","failure","main","f59b43f266a195e38513afcaf48b21948bd48200","ky46738-ops","ky46738-ops","https://github.com/lkminiPhantomWorld/welcome/actions/runs/30041831201"
"GITHUB_ACTION_RUN","VERIFIED_TRUE","2026-07-23T20:22:44Z","GitHub REST Actions","Deploy to GitHub Pages",30041831093,21,1,"push","completed","cancelled","main","f59b43f266a195e38513afcaf48b21948bd48200","ky46738-ops","ky46738-ops","https://github.com/lkminiPhantomWorld/welcome/actions/runs/30041831093"
"GITHUB_ACTION_RUN","VERIFIED_TRUE","2026-07-23T20:22:43Z","GitHub REST Actions","pages build and deployment",30041829979,20,1,"dynamic","completed","success","main","f59b43f266a195e38513afcaf48b21948bd48200","ky46738-ops","ky46738-ops","https://github.com/lkminiPhantomWorld/welcome/actions/runs/30041829979"
"GITHUB_ACTION_RUN","VERIFIED_TRUE","2026-07-23T20:22:42Z","GitHub REST Actions","Push on main",30041829580,32,1,"dynamic","completed","success","main","f59b43f266a195e38513afcaf48b21948bd48200","ky46738-ops","ky46738-ops","https://github.com/lkminiPhantomWorld/welcome/actions/runs/30041829580"
"GITHUB_ACTION_RUN","VERIFIED_TRUE","2026-07-23T20:22:29Z","GitHub REST Actions","Gatekeeper",30041813384,59,1,"push","completed","failure","main","fa0de945adfb1b51cd6f266a79ae66c5d41065e6","ky46738-ops","ky46738-ops","https://github.com/lkminiPhantomWorld/welcome/actions/runs/30041813384"
"GITHUB_ACTION_RUN","VERIFIED_TRUE","2026-07-23T20:22:29Z","GitHub REST Actions","Deploy verified welcome site to GitHub Pages",30041813324,7,1,"push","completed","failure","main","fa0de945adfb1b51cd6f266a79ae66c5d41065e6","ky46738-ops","ky46738-ops","https://github.com/lkminiPhantomWorld/welcome/actions/runs/30041813324"
"GITHUB_ACTION_RUN","VERIFIED_TRUE","2026-07-23T20:22:29Z","GitHub REST Actions","Deploy to GitHub Pages",30041813211,20,1,"push","completed","cancelled","main","fa0de945adfb1b51cd6f266a79ae66c5d41065e6","ky46738-ops","ky46738-ops","https://github.com/lkminiPhantomWorld/welcome/actions/runs/30041813211"
"GITHUB_ACTION_RUN","VERIFIED_TRUE","2026-07-23T20:22:28Z","GitHub REST Actions","Python Package using Conda",30041813072,43,1,"push","completed","failure","main","fa0de945adfb1b51cd6f266a79ae66c5d41065e6","ky46738-ops","ky46738-ops","https://github.com/lkminiPhantomWorld/welcome/actions/runs/30041813072"
"GITHUB_ACTION_RUN","VERIFIED_TRUE","2026-07-23T20:22:27Z","GitHub REST Actions","Push on main",30041811822,31,1,"dynamic","completed","success","main","fa0de945adfb1b51cd6f266a79ae66c5d41065e6","ky46738-ops","ky46738-ops","https://github.com/lkminiPhantomWorld/welcome/actions/runs/30041811822"
"GITHUB_ACTION_RUN","VERIFIED_TRUE","2026-07-23T20:22:27Z","GitHub REST Actions","pages build and deployment",30041811580,19,1,"dynamic","completed","cancelled","main","fa0de945adfb1b51cd6f266a79ae66c5d41065e6","ky46738-ops","ky46738-ops","https://github.com/lkminiPhantomWorld/welcome/actions/runs/30041811580"
"GITHUB_ACTION_RUN","VERIFIED_TRUE","2026-07-23T18:31:02Z","GitHub REST Actions","Gatekeeper",30034042305,58,1,"push","completed","success","seed_v0","9b33e86528e8fc9c432aae3a81f9a25480606a07","ky46738-ops","ky46738-ops","https://github.com/lkminiPhantomWorld/welcome/actions/runs/30034042305"
"GITHUB_ACTION_RUN","VERIFIED_TRUE","2026-07-23T18:30:51Z","GitHub REST Actions","Gatekeeper",30034027889,57,1,"push","completed","success","seed_v0","5caf306132642e6210432b66439f5475d8ab0465","ky46738-ops","ky46738-ops","https://github.com/lkminiPhantomWorld/welcome/actions/runs/30034027889"
"GITHUB_ACTION_RUN","VERIFIED_TRUE","2026-07-23T18:30:44Z","GitHub REST Actions","Gatekeeper",30034020590,56,1,"push","completed","success","seed_v0","808bc8fba640fe076c30c60e91454abafaf02f5f","ky46738-ops","ky46738-ops","https://github.com/lkminiPhantomWorld/welcome/actions/runs/30034020590"
"GITHUB_ACTION_RUN","VERIFIED_TRUE","2026-07-23T09:54:41Z","GitHub REST Actions","Python Package using Conda",29997230268,42,1,"push","completed","failure","main","33476ad15ba0aac9caa055de09ad975e7176af68","ky46738-ops","ky46738-ops","https://github.com/lkminiPhantomWorld/welcome/actions/runs/29997230268"
"GITHUB_ACTION_RUN","VERIFIED_TRUE","2026-07-23T09:54:41Z","GitHub REST Actions","Deploy to GitHub Pages",29997230248,19,1,"push","completed","cancelled","main","33476ad15ba0aac9caa055de09ad975e7176af68","ky46738-ops","ky46738-ops","https://github.com/lkminiPhantomWorld/welcome/actions/runs/29997230248"
"GITHUB_ACTION_RUN","VERIFIED_TRUE","2026-07-23T09:54:41Z","GitHub REST Actions","Deploy verified welcome site to GitHub Pages",29997230221,6,1,"push","completed","success","main","33476ad15ba0aac9caa055de09ad975e7176af68","ky46738-ops","ky46738-ops","https://github.com/lkminiPhantomWorld/welcome/actions/runs/29997230221"
"GITHUB_ACTION_RUN","VERIFIED_TRUE","2026-07-23T09:54:41Z","GitHub REST Actions","Gatekeeper",29997230216,55,1,"push","completed","failure","main","33476ad15ba0aac9caa055de09ad975e7176af68","ky46738-ops","ky46738-ops","https://github.com/lkminiPhantomWorld/welcome/actions/runs/29997230216"
"GITHUB_ACTION_RUN","VERIFIED_TRUE","2026-07-23T09:54:41Z","GitHub REST Actions","Push on main",29997230142,30,1,"dynamic","completed","success","main","33476ad15ba0aac9caa055de09ad975e7176af68","ky46738-ops","ky46738-ops","https://github.com/lkminiPhantomWorld/welcome/actions/runs/29997230142"
"GITHUB_ACTION_RUN","VERIFIED_TRUE","2026-07-23T09:54:41Z","GitHub REST Actions","pages build and deployment",29997229990,18,1,"dynamic","completed","success","main","33476ad15ba0aac9caa055de09ad975e7176af68","ky46738-ops","ky46738-ops","https://github.com/lkminiPhantomWorld/welcome/actions/runs/29997229990"
"GITHUB_ACTION_RUN","VERIFIED_TRUE","2026-07-23T08:57:03Z","GitHub REST Actions","Gatekeeper",29993213578,54,1,"pull_request","completed","failure","alert-autofix-2","bff9fe5b4151d78e7336c7b5e7d1f9f61f81a846","ky46738-ops","ky46738-ops","https://github.com/lkminiPhantomWorld/welcome/actions/runs/29993213578"
"GITHUB_ACTION_RUN","VERIFIED_TRUE","2026-07-23T08:57:00Z","GitHub REST Actions","Gatekeeper",29993209694,53,1,"push","completed","failure","alert-autofix-2","bff9fe5b4151d78e7336c7b5e7d1f9f61f81a846","ky46738-ops","ky46738-ops","https://github.com/lkminiPhantomWorld/welcome/actions/runs/29993209694"
"GITHUB_ACTION_RUN","VERIFIED_TRUE","2026-07-23T08:56:59Z","GitHub REST Actions","Python Package using Conda",29993209214,41,1,"push","completed","failure","alert-autofix-2","bff9fe5b4151d78e7336c7b5e7d1f9f61f81a846","ky46738-ops","ky46738-ops","https://github.com/lkminiPhantomWorld/welcome/actions/runs/29993209214"
"GITHUB_ACTION_RUN","VERIFIED_TRUE","2026-07-23T08:56:59Z","GitHub REST Actions","Gatekeeper",29993208532,52,1,"push","completed","failure","alert-autofix-2","3bcbe8315d988d1f4daaa4d23151bf9d6a129e29","ky46738-ops","ky46738-ops","https://github.com/lkminiPhantomWorld/welcome/actions/runs/29993208532"
"GITHUB_ACTION_RUN","VERIFIED_TRUE","2026-07-23T08:56:59Z","GitHub REST Actions","Python Package using Conda",29993208460,40,1,"push","completed","failure","alert-autofix-2","3bcbe8315d988d1f4daaa4d23151bf9d6a129e29","ky46738-ops","ky46738-ops","https://github.com/lkminiPhantomWorld/welcome/actions/runs/29993208460"
"GITHUB_ACTION_RUN","VERIFIED_TRUE","2026-07-23T08:56:58Z","GitHub REST Actions","PR #4",29993208161,29,1,"dynamic","completed","success","refs/pull/4/head","bff9fe5b4151d78e7336c7b5e7d1f9f61f81a846","ky46738-ops","ky46738-ops","https://github.com/lkminiPhantomWorld/welcome/actions/runs/29993208161"
"GITHUB_ACTION_RUN","VERIFIED_TRUE","2026-07-22T16:04:26Z","GitHub REST Actions","Deploy to GitHub Pages",29936341607,18,3,"push","completed","success","main","3bcbe8315d988d1f4daaa4d23151bf9d6a129e29","ky46738-ops","ky46738-ops","https://github.com/lkminiPhantomWorld/welcome/actions/runs/29936341607"
"GITHUB_ACTION_RUN","VERIFIED_TRUE","2026-07-22T16:04:25Z","GitHub REST Actions","Gatekeeper",29936340020,51,1,"push","completed","failure","main","3bcbe8315d988d1f4daaa4d23151bf9d6a129e29","ky46738-ops","ky46738-ops","https://github.com/lkminiPhantomWorld/welcome/actions/runs/29936340020"
"GITHUB_ACTION_RUN","VERIFIED_TRUE","2026-07-22T16:04:25Z","GitHub REST Actions","Python Package using Conda",29936339985,39,1,"push","completed","failure","main","3bcbe8315d988d1f4daaa4d23151bf9d6a129e29","ky46738-ops","ky46738-ops","https://github.com/lkminiPhantomWorld/welcome/actions/runs/29936339985"
"GITHUB_ACTION_RUN","VERIFIED_TRUE","2026-07-22T16:04:25Z","GitHub REST Actions","Deploy verified welcome site to GitHub Pages",29936339890,5,1,"push","completed","failure","main","3bcbe8315d988d1f4daaa4d23151bf9d6a129e29","ky46738-ops","ky46738-ops","https://github.com/lkminiPhantomWorld/welcome/actions/runs/29936339890"
"GITHUB_ACTION_RUN","VERIFIED_TRUE","2026-07-22T16:04:24Z","GitHub REST Actions","pages build and deployment",29936339336,17,1,"dynamic","completed","success","main","3bcbe8315d988d1f4daaa4d23151bf9d6a129e29","ky46738-ops","ky46738-ops","https://github.com/lkminiPhantomWorld/welcome/actions/runs/29936339336"
"GITHUB_ACTION_RUN","VERIFIED_TRUE","2026-07-22T16:04:24Z","GitHub REST Actions","Push on main",29936338707,28,1,"dynamic","completed","failure","main","3bcbe8315d988d1f4daaa4d23151bf9d6a129e29","ky46738-ops","ky46738-ops","https://github.com/lkminiPhantomWorld/welcome/actions/runs/29936338707"
"GITHUB_ACTION_RUN","VERIFIED_TRUE","2026-07-22T16:04:07Z","GitHub REST Actions","Python Package using Conda",29936316660,38,1,"push","completed","failure","main","1bb759cdba9866a7bc3de2d507a851d6d4fdc5a4","ky46738-ops","ky46738-ops","https://github.com/lkminiPhantomWorld/welcome/actions/runs/29936316660"
"GITHUB_ACTION_RUN","VERIFIED_TRUE","2026-07-22T16:04:07Z","GitHub REST Actions","Gatekeeper",29936316024,50,1,"push","completed","failure","main","1bb759cdba9866a7bc3de2d507a851d6d4fdc5a4","ky46738-ops","ky46738-ops","https://github.com/lkminiPhantomWorld/welcome/actions/runs/29936316024"
"GITHUB_ACTION_RUN","VERIFIED_TRUE","2026-07-22T16:04:07Z","GitHub REST Actions","Deploy to GitHub Pages",29936315848,17,1,"push","completed","failure","main","1bb759cdba9866a7bc3de2d507a851d6d4fdc5a4","ky46738-ops","ky46738-ops","https://github.com/lkminiPhantomWorld/welcome/actions/runs/29936315848"
"GITHUB_ACTION_RUN","VERIFIED_TRUE","2026-07-22T16:04:07Z","GitHub REST Actions","Deploy verified welcome site to GitHub Pages",29936315709,4,1,"push","completed","failure","main","1bb759cdba9866a7bc3de2d507a851d6d4fdc5a4","ky46738-ops","ky46738-ops","https://github.com/lkminiPhantomWorld/welcome/actions/runs/29936315709"
"GITHUB_ACTION_RUN","VERIFIED_TRUE","2026-07-22T16:04:06Z","GitHub REST Actions","Push on main",29936314693,27,1,"dynamic","completed","failure","main","1bb759cdba9866a7bc3de2d507a851d6d4fdc5a4","ky46738-ops","ky46738-ops","https://github.com/lkminiPhantomWorld/welcome/actions/runs/29936314693"
"GITHUB_ACTION_RUN","VERIFIED_TRUE","2026-07-22T16:04:06Z","GitHub REST Actions","pages build and deployment",29936314455,16,1,"dynamic","completed","cancelled","main","1bb759cdba9866a7bc3de2d507a851d6d4fdc5a4","ky46738-ops","ky46738-ops","https://github.com/lkminiPhantomWorld/welcome/actions/runs/29936314455"
"GITHUB_ACTION_RUN","VERIFIED_TRUE","2026-07-22T16:03:51Z","GitHub REST Actions","Deploy verified welcome site to GitHub Pages",29936294829,3,1,"push","completed","failure","main","36d341550fecc6a2859553f3cd8e441f6a0fa5ea","ky46738-ops","ky46738-ops","https://github.com/lkminiPhantomWorld/welcome/actions/runs/29936294829"
"GITHUB_ACTION_RUN","VERIFIED_TRUE","2026-07-22T16:03:51Z","GitHub REST Actions","Deploy to GitHub Pages",29936294797,16,1,"push","completed","cancelled","main","36d341550fecc6a2859553f3cd8e441f6a0fa5ea","ky46738-ops","ky46738-ops","https://github.com/lkminiPhantomWorld/welcome/actions/runs/29936294797"
"GITHUB_ACTION_RUN","VERIFIED_TRUE","2026-07-22T16:03:50Z","GitHub REST Actions","Python Package using Conda",29936294445,37,1,"push","completed","failure","main","36d341550fecc6a2859553f3cd8e441f6a0fa5ea","ky46738-ops","ky46738-ops","https://github.com/lkminiPhantomWorld/welcome/actions/runs/29936294445"
"GITHUB_ACTION_RUN","VERIFIED_TRUE","2026-07-22T16:03:50Z","GitHub REST Actions","Gatekeeper",29936294418,49,1,"push","completed","failure","main","36d341550fecc6a2859553f3cd8e441f6a0fa5ea","ky46738-ops","ky46738-ops","https://github.com/lkminiPhantomWorld/welcome/actions/runs/29936294418"
"GITHUB_ACTION_RUN","VERIFIED_TRUE","2026-07-22T16:03:50Z","GitHub REST Actions","pages build and deployment",29936293497,15,1,"dynamic","completed","cancelled","main","36d341550fecc6a2859553f3cd8e441f6a0fa5ea","ky46738-ops","ky46738-ops","https://github.com/lkminiPhantomWorld/welcome/actions/runs/29936293497"
"GITHUB_ACTION_RUN","VERIFIED_TRUE","2026-07-22T16:03:49Z","GitHub REST Actions","Push on main",29936293137,26,1,"dynamic","completed","failure","main","36d341550fecc6a2859553f3cd8e441f6a0fa5ea","ky46738-ops","ky46738-ops","https://github.com/lkminiPhantomWorld/welcome/actions/runs/29936293137"
"GITHUB_ACTION_RUN","VERIFIED_TRUE","2026-07-22T15:18:37Z","GitHub REST Actions","Gatekeeper",29932747857,48,2,"push","completed","success","seed_v0","d260919d2e5549ca52fddfacaf935461b939613a","ky46738-ops","ky46738-ops","https://github.com/lkminiPhantomWorld/welcome/actions/runs/29932747857"
"GITHUB_ACTION_RUN","VERIFIED_TRUE","2026-07-22T15:18:08Z","GitHub REST Actions","Gatekeeper",29932708633,47,1,"push","completed","failure","seed_v0","ae8be50b8f1c5330a37fb4d57b8cab13cff33bc4","ky46738-ops","ky46738-ops","https://github.com/lkminiPhantomWorld/welcome/actions/runs/29932708633"
"GITHUB_ACTION_RUN","VERIFIED_TRUE","2026-07-22T15:08:22Z","GitHub REST Actions","Python Package using Conda",29931938555,36,1,"push","completed","failure","main","31b890f7a401c0a7f654358405cf7ed84328e90c","ky46738-ops","ky46738-ops","https://github.com/lkminiPhantomWorld/welcome/actions/runs/29931938555"
"GITHUB_ACTION_RUN","VERIFIED_TRUE","2026-07-22T15:08:22Z","GitHub REST Actions","Gatekeeper",29931938366,46,1,"push","completed","failure","main","31b890f7a401c0a7f654358405cf7ed84328e90c","ky46738-ops","ky46738-ops","https://github.com/lkminiPhantomWorld/welcome/actions/runs/29931938366"
"GITHUB_ACTION_RUN","VERIFIED_TRUE","2026-07-22T15:08:21Z","GitHub REST Actions","Deploy to GitHub Pages",29931937295,15,1,"push","completed","failure","main","31b890f7a401c0a7f654358405cf7ed84328e90c","ky46738-ops","ky46738-ops","https://github.com/lkminiPhantomWorld/welcome/actions/runs/29931937295"
"GITHUB_ACTION_RUN","VERIFIED_TRUE","2026-07-22T15:08:21Z","GitHub REST Actions","Deploy verified welcome site to GitHub Pages",29931936444,2,1,"push","completed","failure","main","31b890f7a401c0a7f654358405cf7ed84328e90c","ky46738-ops","ky46738-ops","https://github.com/lkminiPhantomWorld/welcome/actions/runs/29931936444"
"GITHUB_ACTION_RUN","VERIFIED_TRUE","2026-07-22T15:08:19Z","GitHub REST Actions","pages build and deployment",29931934221,14,1,"dynamic","completed","success","main","31b890f7a401c0a7f654358405cf7ed84328e90c","ky46738-ops","ky46738-ops","https://github.com/lkminiPhantomWorld/welcome/actions/runs/29931934221"
"GITHUB_ACTION_RUN","VERIFIED_TRUE","2026-07-22T15:08:19Z","GitHub REST Actions","Push on main",29931934165,25,1,"dynamic","completed","failure","main","31b890f7a401c0a7f654358405cf7ed84328e90c","ky46738-ops","ky46738-ops","https://github.com/lkminiPhantomWorld/welcome/actions/runs/29931934165"
"GITHUB_ACTION_RUN","VERIFIED_TRUE","2026-07-22T15:07:50Z","GitHub REST Actions","Gatekeeper",29931898320,45,1,"pull_request","completed","failure","automation/portal-integrity-20260722","b5b7f7d4eaceb7a4c7e43bc487a1d81ed1fd4b4c","ky46738-ops","ky46738-ops","https://github.com/lkminiPhantomWorld/welcome/actions/runs/29931898320"
"GITHUB_ACTION_RUN","VERIFIED_TRUE","2026-07-22T15:07:48Z","GitHub REST Actions","PR #3",29931895481,24,1,"dynamic","completed","failure","refs/pull/3/head","b5b7f7d4eaceb7a4c7e43bc487a1d81ed1fd4b4c","ky46738-ops","ky46738-ops","https://github.com/lkminiPhantomWorld/welcome/actions/runs/29931895481"
"GITHUB_ACTION_RUN","VERIFIED_TRUE","2026-07-22T15:07:33Z","GitHub REST Actions","Gatekeeper",29931875853,44,1,"push","completed","failure","automation/portal-integrity-20260722","b5b7f7d4eaceb7a4c7e43bc487a1d81ed1fd4b4c","ky46738-ops","ky46738-ops","https://github.com/lkminiPhantomWorld/welcome/actions/runs/29931875853"
"GITHUB_ACTION_RUN","VERIFIED_TRUE","2026-07-22T15:07:32Z","GitHub REST Actions","Python Package using Conda",29931875272,35,1,"push","completed","failure","automation/portal-integrity-20260722","b5b7f7d4eaceb7a4c7e43bc487a1d81ed1fd4b4c","ky46738-ops","ky46738-ops","https://github.com/lkminiPhantomWorld/welcome/actions/runs/29931875272"
"GITHUB_ACTION_RUN","VERIFIED_TRUE","2026-07-22T15:07:11Z","GitHub REST Actions","Python Package using Conda",29931847623,34,1,"push","completed","failure","automation/portal-integrity-20260722","2352d73344618e736652d462fb469ce1f496419c","ky46738-ops","ky46738-ops","https://github.com/lkminiPhantomWorld/welcome/actions/runs/29931847623"
"GITHUB_ACTION_RUN","VERIFIED_TRUE","2026-07-22T15:07:11Z","GitHub REST Actions","Gatekeeper",29931847252,43,1,"push","completed","failure","automation/portal-integrity-20260722","2352d73344618e736652d462fb469ce1f496419c","ky46738-ops","ky46738-ops","https://github.com/lkminiPhantomWorld/welcome/actions/runs/29931847252"
"GITHUB_ACTION_RUN","VERIFIED_TRUE","2026-07-22T15:06:48Z","GitHub REST Actions","Python Package using Conda",29931818308,33,1,"push","completed","failure","automation/portal-integrity-20260722","e700cdb5aed65a4bc94f1ddacde5496f36699e1d","ky46738-ops","ky46738-ops","https://github.com/lkminiPhantomWorld/welcome/actions/runs/29931818308"
"GITHUB_ACTION_RUN","VERIFIED_TRUE","2026-07-22T15:06:47Z","GitHub REST Actions","Gatekeeper",29931818155,42,1,"push","completed","failure","automation/portal-integrity-20260722","e700cdb5aed65a4bc94f1ddacde5496f36699e1d","ky46738-ops","ky46738-ops","https://github.com/lkminiPhantomWorld/welcome/actions/runs/29931818155"
"GITHUB_ACTION_RUN","VERIFIED_TRUE","2026-07-22T15:06:34Z","GitHub REST Actions","Gatekeeper",29931800632,41,1,"push","completed","failure","automation/portal-integrity-20260722","5515a39402422a2da92d60eb0316894aa728a0db","ky46738-ops","ky46738-ops","https://github.com/lkminiPhantomWorld/welcome/actions/runs/29931800632"
"GITHUB_ACTION_RUN","VERIFIED_TRUE","2026-07-22T15:06:33Z","GitHub REST Actions","Python Package using Conda",29931800449,32,1,"push","completed","failure","automation/portal-integrity-20260722","5515a39402422a2da92d60eb0316894aa728a0db","ky46738-ops","ky46738-ops","https://github.com/lkminiPhantomWorld/welcome/actions/runs/29931800449"
"GITHUB_ACTION_RUN","VERIFIED_TRUE","2026-07-22T15:06:15Z","GitHub REST Actions","Python Package using Conda",29931777231,31,1,"push","completed","failure","automation/portal-integrity-20260722","fc9e95faa5c9d1d7a6f74d288dd736ddf206543e","ky46738-ops","ky46738-ops","https://github.com/lkminiPhantomWorld/welcome/actions/runs/29931777231"
"GITHUB_ACTION_RUN","VERIFIED_TRUE","2026-07-22T15:06:15Z","GitHub REST Actions","Gatekeeper",29931776717,40,1,"push","completed","failure","automation/portal-integrity-20260722","fc9e95faa5c9d1d7a6f74d288dd736ddf206543e","ky46738-ops","ky46738-ops","https://github.com/lkminiPhantomWorld/welcome/actions/runs/29931776717"
"GITHUB_ACTION_RUN","VERIFIED_TRUE","2026-07-22T15:06:05Z","GitHub REST Actions","Gatekeeper",29931764546,39,1,"push","completed","failure","automation/portal-integrity-20260722","4204ba657eabbfbc4196d8d0a692b0c19afdbacb","ky46738-ops","ky46738-ops","https://github.com/lkminiPhantomWorld/welcome/actions/runs/29931764546"
"GITHUB_ACTION_RUN","VERIFIED_TRUE","2026-07-22T15:06:04Z","GitHub REST Actions","Python Package using Conda",29931762627,30,1,"push","completed","failure","automation/portal-integrity-20260722","4204ba657eabbfbc4196d8d0a692b0c19afdbacb","ky46738-ops","ky46738-ops","https://github.com/lkminiPhantomWorld/welcome/actions/runs/29931762627"
"GITHUB_ACTION_RUN","VERIFIED_TRUE","2026-07-22T15:05:47Z","GitHub REST Actions","Python Package using Conda",29931740606,29,1,"push","completed","failure","automation/portal-integrity-20260722","28ae65f2972debbf5e05bad5f0c1319f3280693b","ky46738-ops","ky46738-ops","https://github.com/lkminiPhantomWorld/welcome/actions/runs/29931740606"
"GITHUB_ACTION_RUN","VERIFIED_TRUE","2026-07-22T15:05:47Z","GitHub REST Actions","Gatekeeper",29931740455,38,1,"push","completed","failure","automation/portal-integrity-20260722","28ae65f2972debbf5e05bad5f0c1319f3280693b","ky46738-ops","ky46738-ops","https://github.com/lkminiPhantomWorld/welcome/actions/runs/29931740455"
"GITHUB_ACTION_RUN","VERIFIED_TRUE","2026-07-22T15:05:31Z","GitHub REST Actions","Gatekeeper",29931718048,37,1,"push","completed","failure","automation/portal-integrity-20260722","aeddae598fc7430d30070f23349c74e4e42bc783","ky46738-ops","ky46738-ops","https://github.com/lkminiPhantomWorld/welcome/actions/runs/29931718048"
"GITHUB_ACTION_RUN","VERIFIED_TRUE","2026-07-22T15:05:31Z","GitHub REST Actions","Python Package using Conda",29931718001,28,1,"push","completed","failure","automation/portal-integrity-20260722","aeddae598fc7430d30070f23349c74e4e42bc783","ky46738-ops","ky46738-ops","https://github.com/lkminiPhantomWorld/welcome/actions/runs/29931718001"
"GITHUB_ACTION_RUN","VERIFIED_TRUE","2026-07-22T15:05:03Z","GitHub REST Actions","Gatekeeper",29931679416,36,1,"push","completed","failure","automation/portal-integrity-20260722","0dd0c8c420f7ee279e43ff673b10c1cc656057df","ky46738-ops","ky46738-ops","https://github.com/lkminiPhantomWorld/welcome/actions/runs/29931679416"
"GITHUB_ACTION_RUN","VERIFIED_TRUE","2026-07-22T15:05:02Z","GitHub REST Actions","Python Package using Conda",29931678262,27,1,"push","completed","failure","automation/portal-integrity-20260722","0dd0c8c420f7ee279e43ff673b10c1cc656057df","ky46738-ops","ky46738-ops","https://github.com/lkminiPhantomWorld/welcome/actions/runs/29931678262"
"GITHUB_ACTION_RUN","VERIFIED_TRUE","2026-07-22T15:04:47Z","GitHub REST Actions","Gatekeeper",29931658300,35,1,"push","completed","failure","automation/portal-integrity-20260722","50ea92a892e161aa2e7c5f4b32a4b60c9ca0952e","ky46738-ops","ky46738-ops","https://github.com/lkminiPhantomWorld/welcome/actions/runs/29931658300"
"GITHUB_ACTION_RUN","VERIFIED_TRUE","2026-07-22T15:04:47Z","GitHub REST Actions","Python Package using Conda",29931658235,26,1,"push","completed","failure","automation/portal-integrity-20260722","50ea92a892e161aa2e7c5f4b32a4b60c9ca0952e","ky46738-ops","ky46738-ops","https://github.com/lkminiPhantomWorld/welcome/actions/runs/29931658235"
"GITHUB_ACTION_RUN","VERIFIED_TRUE","2026-07-22T15:04:43Z","GitHub REST Actions","Gatekeeper",29931653346,34,1,"push","completed","failure","automation/portal-integrity-20260722","13335775ff48ba3980d04ceaaa765e6244987f0d","ky46738-ops","ky46738-ops","https://github.com/lkminiPhantomWorld/welcome/actions/runs/29931653346"
"GITHUB_ACTION_RUN","VERIFIED_TRUE","2026-07-22T15:04:41Z","GitHub REST Actions","Python Package using Conda",29931650707,25,1,"push","completed","failure","automation/portal-integrity-20260722","13335775ff48ba3980d04ceaaa765e6244987f0d","ky46738-ops","ky46738-ops","https://github.com/lkminiPhantomWorld/welcome/actions/runs/29931650707"
"GITHUB_ACTION_RUN","VERIFIED_TRUE","2026-07-22T15:04:15Z","GitHub REST Actions","Gatekeeper",29931616138,33,1,"push","completed","failure","automation/portal-integrity-20260722","ef1d0a4cf30102b27b682a105584a35c28e0fb6c","ky46738-ops","ky46738-ops","https://github.com/lkminiPhantomWorld/welcome/actions/runs/29931616138"
"GITHUB_ACTION_RUN","VERIFIED_TRUE","2026-07-22T15:04:14Z","GitHub REST Actions","Python Package using Conda",29931615690,24,1,"push","completed","failure","automation/portal-integrity-20260722","ef1d0a4cf30102b27b682a105584a35c28e0fb6c","ky46738-ops","ky46738-ops","https://github.com/lkminiPhantomWorld/welcome/actions/runs/29931615690"
"GITHUB_ACTION_RUN","VERIFIED_TRUE","2026-07-22T15:03:44Z","GitHub REST Actions","Python Package using Conda",29931576873,23,1,"push","completed","failure","automation/portal-integrity-20260722","b537c52ac7ea4b177a4b2c056dadc192d7b5372b","ky46738-ops","ky46738-ops","https://github.com/lkminiPhantomWorld/welcome/actions/runs/29931576873"
"GITHUB_ACTION_RUN","VERIFIED_TRUE","2026-07-22T15:03:44Z","GitHub REST Actions","Gatekeeper",29931576857,32,1,"push","completed","failure","automation/portal-integrity-20260722","b537c52ac7ea4b177a4b2c056dadc192d7b5372b","ky46738-ops","ky46738-ops","https://github.com/lkminiPhantomWorld/welcome/actions/runs/29931576857"
"GITHUB_ACTION_RUN","VERIFIED_TRUE","2026-07-22T15:03:18Z","GitHub REST Actions","Gatekeeper",29931541991,31,1,"push","completed","failure","automation/portal-integrity-20260722","19e53fa1b78c7f3527864b24763e02eded616d08","ky46738-ops","ky46738-ops","https://github.com/lkminiPhantomWorld/welcome/actions/runs/29931541991"
"GITHUB_ACTION_RUN","VERIFIED_TRUE","2026-07-22T15:03:17Z","GitHub REST Actions","Python Package using Conda",29931541240,22,1,"push","completed","failure","automation/portal-integrity-20260722","19e53fa1b78c7f3527864b24763e02eded616d08","ky46738-ops","ky46738-ops","https://github.com/lkminiPhantomWorld/welcome/actions/runs/29931541240"
"GITHUB_ACTION_RUN","VERIFIED_TRUE","2026-07-22T12:56:42Z","GitHub REST Actions","Gatekeeper",29921742686,30,1,"push","completed","failure","main","19e53fa1b78c7f3527864b24763e02eded616d08","ky46738-ops","ky46738-ops","https://github.com/lkminiPhantomWorld/welcome/actions/runs/29921742686"
"GITHUB_ACTION_RUN","VERIFIED_TRUE","2026-07-22T12:56:42Z","GitHub REST Actions","Deploy verified welcome site to GitHub Pages",29921742579,1,1,"push","completed","failure","main","19e53fa1b78c7f3527864b24763e02eded616d08","ky46738-ops","ky46738-ops","https://github.com/lkminiPhantomWorld/welcome/actions/runs/29921742579"
"GITHUB_ACTION_RUN","VERIFIED_TRUE","2026-07-22T12:56:42Z","GitHub REST Actions","Python Package using Conda",29921742279,21,1,"push","completed","failure","main","19e53fa1b78c7f3527864b24763e02eded616d08","ky46738-ops","ky46738-ops","https://github.com/lkminiPhantomWorld/welcome/actions/runs/29921742279"
"GITHUB_ACTION_RUN","VERIFIED_TRUE","2026-07-22T12:56:42Z","GitHub REST Actions","Deploy to GitHub Pages",29921742249,14,1,"push","completed","cancelled","main","19e53fa1b78c7f3527864b24763e02eded616d08","ky46738-ops","ky46738-ops","https://github.com/lkminiPhantomWorld/welcome/actions/runs/29921742249"
"GITHUB_ACTION_RUN","VERIFIED_TRUE","2026-07-22T12:56:41Z","GitHub REST Actions","pages build and deployment",29921741326,13,1,"dynamic","completed","success","main","19e53fa1b78c7f3527864b24763e02eded616d08","ky46738-ops","ky46738-ops","https://github.com/lkminiPhantomWorld/welcome/actions/runs/29921741326"
"GITHUB_ACTION_RUN","VERIFIED_TRUE","2026-07-22T12:56:41Z","GitHub REST Actions","Push on main",29921741003,23,1,"dynamic","completed","failure","main","19e53fa1b78c7f3527864b24763e02eded616d08","ky46738-ops","ky46738-ops","https://github.com/lkminiPhantomWorld/welcome/actions/runs/29921741003"
"GITHUB_ACTION_RUN","VERIFIED_TRUE","2026-07-22T12:56:31Z","GitHub REST Actions","Python Package using Conda",29921729687,20,1,"push","completed","failure","main","7b0b85baa00922ae00fa5bd28f871b89bd9a000c","ky46738-ops","ky46738-ops","https://github.com/lkminiPhantomWorld/welcome/actions/runs/29921729687"
"GITHUB_ACTION_RUN","VERIFIED_TRUE","2026-07-22T12:56:31Z","GitHub REST Actions","Gatekeeper",29921729685,29,1,"push","completed","failure","main","7b0b85baa00922ae00fa5bd28f871b89bd9a000c","ky46738-ops","ky46738-ops","https://github.com/lkminiPhantomWorld/welcome/actions/runs/29921729685"
"GITHUB_ACTION_RUN","VERIFIED_TRUE","2026-07-22T12:56:30Z","GitHub REST Actions","Deploy to GitHub Pages",29921729256,13,1,"push","completed","failure","main","7b0b85baa00922ae00fa5bd28f871b89bd9a000c","ky46738-ops","ky46738-ops","https://github.com/lkminiPhantomWorld/welcome/actions/runs/29921729256"
"GITHUB_ACTION_RUN","VERIFIED_TRUE","2026-07-22T12:56:29Z","GitHub REST Actions","Push on main",29921727548,22,1,"dynamic","completed","failure","main","7b0b85baa00922ae00fa5bd28f871b89bd9a000c","ky46738-ops","ky46738-ops","https://github.com/lkminiPhantomWorld/welcome/actions/runs/29921727548"
"GITHUB_ACTION_RUN","VERIFIED_TRUE","2026-07-22T12:56:29Z","GitHub REST Actions","pages build and deployment",29921727471,12,1,"dynamic","completed","cancelled","main","7b0b85baa00922ae00fa5bd28f871b89bd9a000c","ky46738-ops","ky46738-ops","https://github.com/lkminiPhantomWorld/welcome/actions/runs/29921727471"
"GITHUB_ACTION_RUN","VERIFIED_TRUE","2026-07-22T07:49:58Z","GitHub REST Actions","Python Package using Conda",29901652234,19,1,"push","completed","failure","copilot/ky46738-ops-move-tiny-state-core","175fce87a8b77ffd8cb6d96df150fb294134b694","ky46738-ops","ky46738-ops","https://github.com/lkminiPhantomWorld/welcome/actions/runs/29901652234"
"GITHUB_ACTION_RUN","VERIFIED_TRUE","2026-07-22T07:49:58Z","GitHub REST Actions","Gatekeeper",29901652020,28,1,"push","completed","failure","copilot/ky46738-ops-move-tiny-state-core","175fce87a8b77ffd8cb6d96df150fb294134b694","ky46738-ops","ky46738-ops","https://github.com/lkminiPhantomWorld/welcome/actions/runs/29901652020"
"GITHUB_ACTION_RUN","VERIFIED_TRUE","2026-07-22T07:49:56Z","GitHub REST Actions","Deploy to GitHub Pages",29901649894,12,1,"push","completed","failure","main","175fce87a8b77ffd8cb6d96df150fb294134b694","ky46738-ops","ky46738-ops","https://github.com/lkminiPhantomWorld/welcome/actions/runs/29901649894"
"GITHUB_ACTION_RUN","VERIFIED_TRUE","2026-07-22T07:49:56Z","GitHub REST Actions","Python Package using Conda",29901649761,18,1,"push","completed","failure","main","175fce87a8b77ffd8cb6d96df150fb294134b694","ky46738-ops","ky46738-ops","https://github.com/lkminiPhantomWorld/welcome/actions/runs/29901649761"
"GITHUB_ACTION_RUN","VERIFIED_TRUE","2026-07-22T07:49:56Z","GitHub REST Actions","Gatekeeper",29901649754,27,1,"push","completed","failure","main","175fce87a8b77ffd8cb6d96df150fb294134b694","ky46738-ops","ky46738-ops","https://github.com/lkminiPhantomWorld/welcome/actions/runs/29901649754"
"GITHUB_ACTION_RUN","VERIFIED_TRUE","2026-07-22T07:49:55Z","GitHub REST Actions","Push on main",29901649196,21,1,"dynamic","completed","failure","main","175fce87a8b77ffd8cb6d96df150fb294134b694","ky46738-ops","ky46738-ops","https://github.com/lkminiPhantomWorld/welcome/actions/runs/29901649196"
"GITHUB_ACTION_RUN","VERIFIED_TRUE","2026-07-22T07:49:55Z","GitHub REST Actions","pages build and deployment",29901648888,11,1,"dynamic","completed","success","main","175fce87a8b77ffd8cb6d96df150fb294134b694","ky46738-ops","ky46738-ops","https://github.com/lkminiPhantomWorld/welcome/actions/runs/29901648888"
"GITHUB_ACTION_RUN","VERIFIED_TRUE","2026-07-22T07:46:54Z","GitHub REST Actions","Gatekeeper",29901465180,26,1,"push","completed","failure","main","720ed0e079b19704fde675db8af16e5f95883ff7","ky46738-ops","ky46738-ops","https://github.com/lkminiPhantomWorld/welcome/actions/runs/29901465180"
"GITHUB_ACTION_RUN","VERIFIED_TRUE","2026-07-22T07:46:54Z","GitHub REST Actions","Deploy to GitHub Pages",29901465178,11,1,"push","completed","failure","main","720ed0e079b19704fde675db8af16e5f95883ff7","ky46738-ops","ky46738-ops","https://github.com/lkminiPhantomWorld/welcome/actions/runs/29901465178"
"GITHUB_ACTION_RUN","VERIFIED_TRUE","2026-07-22T07:46:54Z","GitHub REST Actions","Python Package using Conda",29901465152,17,1,"push","completed","failure","main","720ed0e079b19704fde675db8af16e5f95883ff7","ky46738-ops","ky46738-ops","https://github.com/lkminiPhantomWorld/welcome/actions/runs/29901465152"
"GITHUB_ACTION_RUN","VERIFIED_TRUE","2026-07-22T07:46:54Z","GitHub REST Actions","pages build and deployment",29901464810,10,1,"dynamic","completed","success","main","720ed0e079b19704fde675db8af16e5f95883ff7","ky46738-ops","ky46738-ops","https://github.com/lkminiPhantomWorld/welcome/actions/runs/29901464810"
"GITHUB_ACTION_RUN","VERIFIED_TRUE","2026-07-22T07:46:54Z","GitHub REST Actions","Push on main",29901464802,20,1,"dynamic","completed","failure","main","720ed0e079b19704fde675db8af16e5f95883ff7","ky46738-ops","ky46738-ops","https://github.com/lkminiPhantomWorld/welcome/actions/runs/29901464802"
"GITHUB_ACTION_RUN","VERIFIED_TRUE","2026-07-22T07:36:51Z","GitHub REST Actions","Deploy to GitHub Pages",29900847335,10,1,"push","completed","failure","main","5f92f12a175669ad00c0ac27f309c821e83fdbec","ky46738-ops","ky46738-ops","https://github.com/lkminiPhantomWorld/welcome/actions/runs/29900847335"
"GITHUB_ACTION_RUN","VERIFIED_TRUE","2026-07-22T07:36:51Z","GitHub REST Actions","Python Package using Conda",29900847333,16,1,"push","completed","failure","main","5f92f12a175669ad00c0ac27f309c821e83fdbec","ky46738-ops","ky46738-ops","https://github.com/lkminiPhantomWorld/welcome/actions/runs/29900847333"
"GITHUB_ACTION_RUN","VERIFIED_TRUE","2026-07-22T07:36:51Z","GitHub REST Actions","Gatekeeper",29900847330,25,1,"push","completed","failure","main","5f92f12a175669ad00c0ac27f309c821e83fdbec","ky46738-ops","ky46738-ops","https://github.com/lkminiPhantomWorld/welcome/actions/runs/29900847330"
"GITHUB_ACTION_RUN","VERIFIED_TRUE","2026-07-22T07:36:51Z","GitHub REST Actions","pages build and deployment",29900847077,9,1,"dynamic","completed","success","main","5f92f12a175669ad00c0ac27f309c821e83fdbec","ky46738-ops","ky46738-ops","https://github.com/lkminiPhantomWorld/welcome/actions/runs/29900847077"
"GITHUB_ACTION_RUN","VERIFIED_TRUE","2026-07-22T07:36:51Z","GitHub REST Actions","Push on main",29900846989,19,1,"dynamic","completed","failure","main","5f92f12a175669ad00c0ac27f309c821e83fdbec","ky46738-ops","ky46738-ops","https://github.com/lkminiPhantomWorld/welcome/actions/runs/29900846989"
"GITHUB_ACTION_RUN","VERIFIED_TRUE","2026-07-22T07:31:01Z","GitHub REST Actions","Gatekeeper",29900486098,24,1,"push","completed","failure","main","9c94e7c687b70a9287a3789c9713b64727f4b267","ky46738-ops","ky46738-ops","https://github.com/lkminiPhantomWorld/welcome/actions/runs/29900486098"
"GITHUB_ACTION_RUN","VERIFIED_TRUE","2026-07-22T07:31:01Z","GitHub REST Actions","Deploy to GitHub Pages",29900485943,9,1,"push","completed","failure","main","9c94e7c687b70a9287a3789c9713b64727f4b267","ky46738-ops","ky46738-ops","https://github.com/lkminiPhantomWorld/welcome/actions/runs/29900485943"
"GITHUB_ACTION_RUN","VERIFIED_TRUE","2026-07-22T07:31:01Z","GitHub REST Actions","Python Package using Conda",29900485937,15,1,"push","completed","failure","main","9c94e7c687b70a9287a3789c9713b64727f4b267","ky46738-ops","ky46738-ops","https://github.com/lkminiPhantomWorld/welcome/actions/runs/29900485937"
"GITHUB_ACTION_RUN","VERIFIED_TRUE","2026-07-22T07:31:00Z","GitHub REST Actions","Push on main",29900485392,18,1,"dynamic","completed","failure","main","9c94e7c687b70a9287a3789c9713b64727f4b267","github-advanced-security[bot]","github-advanced-security[bot]","https://github.com/lkminiPhantomWorld/welcome/actions/runs/29900485392"
"GITHUB_ACTION_RUN","VERIFIED_TRUE","2026-07-22T07:31:00Z","GitHub REST Actions","pages build and deployment",29900485348,8,1,"dynamic","completed","success","main","9c94e7c687b70a9287a3789c9713b64727f4b267","ky46738-ops","ky46738-ops","https://github.com/lkminiPhantomWorld/welcome/actions/runs/29900485348"
"GITHUB_ACTION_RUN","VERIFIED_TRUE","2026-07-22T04:29:33Z","GitHub REST Actions","Gatekeeper",29891198462,23,1,"push","completed","failure","seed_v0","f4e32ce7ccec469aa8861f87998002698096c826","ky46738-ops","ky46738-ops","https://github.com/lkminiPhantomWorld/welcome/actions/runs/29891198462"
"GITHUB_ACTION_RUN","VERIFIED_TRUE","2026-07-22T04:26:32Z","GitHub REST Actions","Gatekeeper",29891069179,22,1,"push","completed","failure","seed_v0","7883e072db654db6529b84016aac333199680ba5","ky46738-ops","ky46738-ops","https://github.com/lkminiPhantomWorld/welcome/actions/runs/29891069179"
"GITHUB_ACTION_RUN","VERIFIED_TRUE","2026-07-22T04:23:29Z","GitHub REST Actions","Gatekeeper",29890931528,21,1,"push","completed","failure","seed_v0","1d0c67bc6aad280d9f74d652327baedcce03cf8f","ky46738-ops","ky46738-ops","https://github.com/lkminiPhantomWorld/welcome/actions/runs/29890931528"
"GITHUB_ACTION_RUN","VERIFIED_TRUE","2026-07-18T08:24:18Z","GitHub REST Actions","Scheduled",29637396551,17,1,"dynamic","completed","success","main","710b65a1eff4ef9b2697f9eb4748aa9db08d00fc","github-advanced-security[bot]","github-advanced-security[bot]","https://github.com/lkminiPhantomWorld/welcome/actions/runs/29637396551"
"GITHUB_ACTION_RUN","VERIFIED_TRUE","2026-07-14T21:02:49Z","GitHub REST Actions","Gatekeeper",29368059445,20,1,"push","completed","failure","main","710b65a1eff4ef9b2697f9eb4748aa9db08d00fc","ky46738-ops","ky46738-ops","https://github.com/lkminiPhantomWorld/welcome/actions/runs/29368059445"
"GITHUB_ACTION_RUN","VERIFIED_TRUE","2026-07-14T21:02:49Z","GitHub REST Actions","Python Package using Conda",29368059432,14,1,"push","completed","failure","main","710b65a1eff4ef9b2697f9eb4748aa9db08d00fc","ky46738-ops","ky46738-ops","https://github.com/lkminiPhantomWorld/welcome/actions/runs/29368059432"
"GITHUB_ACTION_RUN","VERIFIED_TRUE","2026-07-14T21:02:49Z","GitHub REST Actions","Deploy to GitHub Pages",29368059419,8,1,"push","completed","success","main","710b65a1eff4ef9b2697f9eb4748aa9db08d00fc","ky46738-ops","ky46738-ops","https://github.com/lkminiPhantomWorld/welcome/actions/runs/29368059419"
"GITHUB_ACTION_RUN","VERIFIED_TRUE","2026-07-14T21:02:48Z","GitHub REST Actions","pages build and deployment",29368058909,7,1,"dynamic","completed","success","main","710b65a1eff4ef9b2697f9eb4748aa9db08d00fc","ky46738-ops","ky46738-ops","https://github.com/lkminiPhantomWorld/welcome/actions/runs/29368058909"
"GITHUB_ACTION_RUN","VERIFIED_TRUE","2026-07-14T21:02:48Z","GitHub REST Actions","Push on main",29368058636,16,1,"dynamic","completed","success","main","710b65a1eff4ef9b2697f9eb4748aa9db08d00fc","ky46738-ops","ky46738-ops","https://github.com/lkminiPhantomWorld/welcome/actions/runs/29368058636"
"GITHUB_ACTION_RUN","VERIFIED_TRUE","2026-07-14T20:50:15Z","GitHub REST Actions","Deploy to GitHub Pages",29367253473,7,1,"push","completed","success","main","0b22caf930dcda7cf5170ab6a62c1b97e1af068b","ky46738-ops","ky46738-ops","https://github.com/lkminiPhantomWorld/welcome/actions/runs/29367253473"
"GITHUB_ACTION_RUN","VERIFIED_TRUE","2026-07-14T20:50:15Z","GitHub REST Actions","Gatekeeper",29367253468,19,1,"push","completed","failure","main","0b22caf930dcda7cf5170ab6a62c1b97e1af068b","ky46738-ops","ky46738-ops","https://github.com/lkminiPhantomWorld/welcome/actions/runs/29367253468"
"GITHUB_ACTION_RUN","VERIFIED_TRUE","2026-07-14T20:50:15Z","GitHub REST Actions","Python Package using Conda",29367253417,13,1,"push","completed","failure","main","0b22caf930dcda7cf5170ab6a62c1b97e1af068b","ky46738-ops","ky46738-ops","https://github.com/lkminiPhantomWorld/welcome/actions/runs/29367253417"
"GITHUB_ACTION_RUN","VERIFIED_TRUE","2026-07-14T20:50:15Z","GitHub REST Actions","pages build and deployment",29367252911,6,1,"dynamic","completed","success","main","0b22caf930dcda7cf5170ab6a62c1b97e1af068b","ky46738-ops","ky46738-ops","https://github.com/lkminiPhantomWorld/welcome/actions/runs/29367252911"
"GITHUB_ACTION_RUN","VERIFIED_TRUE","2026-07-14T20:50:15Z","GitHub REST Actions","Push on main",29367252732,15,1,"dynamic","completed","success","main","0b22caf930dcda7cf5170ab6a62c1b97e1af068b","github-advanced-security[bot]","github-advanced-security[bot]","https://github.com/lkminiPhantomWorld/welcome/actions/runs/29367252732"
"GITHUB_ACTION_RUN","VERIFIED_TRUE","2026-07-11T08:23:01Z","GitHub REST Actions","Scheduled",29146026677,14,1,"dynamic","completed","success","main","06109c50feb98dd669a8a6e727e04fd60c93c190","github-advanced-security[bot]","github-advanced-security[bot]","https://github.com/lkminiPhantomWorld/welcome/actions/runs/29146026677"
"GITHUB_ACTION_RUN","VERIFIED_TRUE","2026-07-07T15:21:13Z","GitHub REST Actions","Running Copilot Code Review",28877692387,3,1,"dynamic","completed","success","copilot/centralization-tracker","ffe5f9fd9f0f5a81f41a837751336888662e52d6","Copilot","Copilot","https://github.com/lkminiPhantomWorld/welcome/actions/runs/28877692387"
"GITHUB_ACTION_RUN","VERIFIED_TRUE","2026-07-07T15:20:41Z","GitHub REST Actions","Running Copilot Code Review",28877655072,2,1,"dynamic","completed","success","copilot/centralization-tracker","ffe5f9fd9f0f5a81f41a837751336888662e52d6","Copilot","Copilot","https://github.com/lkminiPhantomWorld/welcome/actions/runs/28877655072"
"GITHUB_ACTION_RUN","VERIFIED_TRUE","2026-07-07T15:17:49Z","GitHub REST Actions","Running Copilot cloud agent",28877460540,7,1,"dynamic","completed","success","copilot/centralization-tracker","ffe5f9fd9f0f5a81f41a837751336888662e52d6","Copilot","Copilot","https://github.com/lkminiPhantomWorld/welcome/actions/runs/28877460540"
"GITHUB_ACTION_RUN","VERIFIED_TRUE","2026-07-07T15:16:36Z","GitHub REST Actions","Gatekeeper",28877377278,18,2,"pull_request","completed","failure","copilot/centralization-tracker","ffe5f9fd9f0f5a81f41a837751336888662e52d6","Copilot","ky46738-ops","https://github.com/lkminiPhantomWorld/welcome/actions/runs/28877377278"
"GITHUB_ACTION_RUN","VERIFIED_TRUE","2026-07-07T15:16:34Z","GitHub REST Actions","Gatekeeper",28877375218,17,2,"push","completed","failure","copilot/centralization-tracker","ffe5f9fd9f0f5a81f41a837751336888662e52d6","Copilot","ky46738-ops","https://github.com/lkminiPhantomWorld/welcome/actions/runs/28877375218"
"GITHUB_ACTION_RUN","VERIFIED_TRUE","2026-07-07T15:16:33Z","GitHub REST Actions","Python Package using Conda",28877373713,12,2,"push","completed","failure","copilot/centralization-tracker","ffe5f9fd9f0f5a81f41a837751336888662e52d6","Copilot","ky46738-ops","https://github.com/lkminiPhantomWorld/welcome/actions/runs/28877373713"
"GITHUB_ACTION_RUN","VERIFIED_TRUE","2026-07-07T15:16:31Z","GitHub REST Actions","PR #2",28877371563,13,1,"dynamic","completed","success","refs/pull/2/head","ffe5f9fd9f0f5a81f41a837751336888662e52d6","Copilot","Copilot","https://github.com/lkminiPhantomWorld/welcome/actions/runs/28877371563"
"GITHUB_ACTION_RUN","VERIFIED_TRUE","2026-07-07T15:14:39Z","GitHub REST Actions","Running Copilot cloud agent",28877239315,6,1,"dynamic","completed","success","copilot/centralization-tracker","364bca353b11bf49e153b0bff0b80222872831db","Copilot","Copilot","https://github.com/lkminiPhantomWorld/welcome/actions/runs/28877239315"
"GITHUB_ACTION_RUN","VERIFIED_TRUE","2026-07-07T15:12:55Z","GitHub REST Actions","Running Copilot cloud agent",28877120363,5,1,"dynamic","completed","success","copilot/centralization-tracker","364bca353b11bf49e153b0bff0b80222872831db","Copilot","Copilot","https://github.com/lkminiPhantomWorld/welcome/actions/runs/28877120363"
"GITHUB_ACTION_RUN","VERIFIED_TRUE","2026-07-07T15:11:16Z","GitHub REST Actions","Running Copilot cloud agent",28877009032,4,1,"dynamic","completed","success","copilot/centralization-tracker","364bca353b11bf49e153b0bff0b80222872831db","Copilot","Copilot","https://github.com/lkminiPhantomWorld/welcome/actions/runs/28877009032"
"GITHUB_ACTION_RUN","VERIFIED_TRUE","2026-07-07T15:02:46Z","GitHub REST Actions","Running Copilot cloud agent",28876426348,3,1,"dynamic","completed","success","copilot/centralization-tracker","364bca353b11bf49e153b0bff0b80222872831db","Copilot","Copilot","https://github.com/lkminiPhantomWorld/welcome/actions/runs/28876426348"
"GITHUB_ACTION_RUN","VERIFIED_TRUE","2026-07-07T14:52:37Z","GitHub REST Actions","PR #2",28875703873,12,1,"dynamic","completed","success","refs/pull/2/head","364bca353b11bf49e153b0bff0b80222872831db","Copilot","Copilot","https://github.com/lkminiPhantomWorld/welcome/actions/runs/28875703873"
"GITHUB_ACTION_RUN","VERIFIED_TRUE","2026-07-07T14:52:10Z","GitHub REST Actions","PR #2",28875672775,11,1,"dynamic","completed","success","refs/pull/2/head","235644d62e8296f8e672010205c0a7b47b7f4a82","Copilot","Copilot","https://github.com/lkminiPhantomWorld/welcome/actions/runs/28875672775"
"GITHUB_ACTION_RUN","VERIFIED_TRUE","2026-07-07T14:49:40Z","GitHub REST Actions","Running Copilot cloud agent",28875496252,2,1,"dynamic","completed","success","copilot/centralization-tracker","1af30f340629b65acba370d9c3ac70f56f6ed82c","Copilot","Copilot","https://github.com/lkminiPhantomWorld/welcome/actions/runs/28875496252"
"GITHUB_ACTION_RUN","VERIFIED_TRUE","2026-07-07T14:49:36Z","GitHub REST Actions","PR #2",28875491529,10,1,"dynamic","completed","success","refs/pull/2/head","1af30f340629b65acba370d9c3ac70f56f6ed82c","Copilot","Copilot","https://github.com/lkminiPhantomWorld/welcome/actions/runs/28875491529"
"GITHUB_ACTION_RUN","VERIFIED_TRUE","2026-07-06T22:58:13Z","GitHub REST Actions","pages build and deployment",28828999342,5,1,"dynamic","completed","success","main","06109c50feb98dd669a8a6e727e04fd60c93c190","ky46738-ops","ky46738-ops","https://github.com/lkminiPhantomWorld/welcome/actions/runs/28828999342"
"GITHUB_ACTION_RUN","VERIFIED_TRUE","2026-07-06T22:58:12Z","GitHub REST Actions","Python Package using Conda",28828999080,9,1,"push","completed","failure","main","06109c50feb98dd669a8a6e727e04fd60c93c190","ky46738-ops","ky46738-ops","https://github.com/lkminiPhantomWorld/welcome/actions/runs/28828999080"
"GITHUB_ACTION_RUN","VERIFIED_TRUE","2026-07-06T22:58:12Z","GitHub REST Actions","Deploy to GitHub Pages",28828999033,6,1,"push","completed","success","main","06109c50feb98dd669a8a6e727e04fd60c93c190","ky46738-ops","ky46738-ops","https://github.com/lkminiPhantomWorld/welcome/actions/runs/28828999033"
"GITHUB_ACTION_RUN","VERIFIED_TRUE","2026-07-06T22:58:12Z","GitHub REST Actions","Gatekeeper",28828999027,11,1,"push","completed","failure","main","06109c50feb98dd669a8a6e727e04fd60c93c190","ky46738-ops","ky46738-ops","https://github.com/lkminiPhantomWorld/welcome/actions/runs/28828999027"
"GITHUB_ACTION_RUN","VERIFIED_TRUE","2026-07-06T22:58:12Z","GitHub REST Actions","Push on main",28828998847,9,1,"dynamic","completed","success","main","06109c50feb98dd669a8a6e727e04fd60c93c190","ky46738-ops","ky46738-ops","https://github.com/lkminiPhantomWorld/welcome/actions/runs/28828998847"
"GITHUB_ACTION_RUN","VERIFIED_TRUE","2026-07-06T22:58:10Z","GitHub REST Actions","Running Copilot Code Review",28828997623,1,1,"dynamic","completed","success","copilot/ky46738-ops-move-tiny-state-core","7ca036ac12673ec0a6e6ec6514f56cdc29c9aa59","Copilot","Copilot","https://github.com/lkminiPhantomWorld/welcome/actions/runs/28828997623"
"GITHUB_ACTION_RUN","VERIFIED_TRUE","2026-07-06T22:57:56Z","GitHub REST Actions","Gatekeeper",28828987290,10,2,"pull_request","completed","failure","copilot/ky46738-ops-move-tiny-state-core","7ca036ac12673ec0a6e6ec6514f56cdc29c9aa59","Copilot","ky46738-ops","https://github.com/lkminiPhantomWorld/welcome/actions/runs/28828987290"
"GITHUB_ACTION_RUN","VERIFIED_TRUE","2026-07-06T22:57:52Z","GitHub REST Actions","PR #1",28828984672,8,1,"dynamic","completed","success","refs/pull/1/head","7ca036ac12673ec0a6e6ec6514f56cdc29c9aa59","Copilot","Copilot","https://github.com/lkminiPhantomWorld/welcome/actions/runs/28828984672"
"GITHUB_ACTION_RUN","VERIFIED_TRUE","2026-07-06T21:17:57Z","GitHub REST Actions","CodeQL",28823925937,7,1,"dynamic","completed","success","main","2803c119606169527818faf7e09b86204aa3e163","github-advanced-security[bot]","github-advanced-security[bot]","https://github.com/lkminiPhantomWorld/welcome/actions/runs/28823925937"
"GITHUB_ACTION_RUN","VERIFIED_TRUE","2026-07-06T21:17:49Z","GitHub REST Actions","Deploy to GitHub Pages",28823918720,5,1,"push","completed","success","main","2803c119606169527818faf7e09b86204aa3e163","ky46738-ops","ky46738-ops","https://github.com/lkminiPhantomWorld/welcome/actions/runs/28823918720"
"GITHUB_ACTION_RUN","VERIFIED_TRUE","2026-07-06T21:17:49Z","GitHub REST Actions","pages build and deployment",28823918313,4,1,"dynamic","completed","success","main","2803c119606169527818faf7e09b86204aa3e163","ky46738-ops","ky46738-ops","https://github.com/lkminiPhantomWorld/welcome/actions/runs/28823918313"
"GITHUB_ACTION_RUN","VERIFIED_TRUE","2026-07-06T21:17:49Z","GitHub REST Actions","Gatekeeper",28823918280,9,1,"push","completed","failure","main","2803c119606169527818faf7e09b86204aa3e163","ky46738-ops","ky46738-ops","https://github.com/lkminiPhantomWorld/welcome/actions/runs/28823918280"
"GITHUB_ACTION_RUN","VERIFIED_TRUE","2026-07-06T21:17:49Z","GitHub REST Actions","Python Package using Conda",28823918279,8,1,"push","completed","failure","main","2803c119606169527818faf7e09b86204aa3e163","ky46738-ops","ky46738-ops","https://github.com/lkminiPhantomWorld/welcome/actions/runs/28823918279"
"GITHUB_ACTION_RUN","VERIFIED_TRUE","2026-07-06T21:17:48Z","GitHub REST Actions","Push on main",28823917962,6,1,"dynamic","completed","success","main","2803c119606169527818faf7e09b86204aa3e163","ky46738-ops","ky46738-ops","https://github.com/lkminiPhantomWorld/welcome/actions/runs/28823917962"
"GITHUB_ACTION_RUN","VERIFIED_TRUE","2026-07-06T21:14:58Z","GitHub REST Actions","Python Package using Conda",28823761079,7,2,"push","completed","failure","copilot/ky46738-ops-move-tiny-state-core","7ca036ac12673ec0a6e6ec6514f56cdc29c9aa59","Copilot","ky46738-ops","https://github.com/lkminiPhantomWorld/welcome/actions/runs/28823761079"
"GITHUB_ACTION_RUN","VERIFIED_TRUE","2026-07-06T21:14:58Z","GitHub REST Actions","Gatekeeper",28823761065,8,2,"push","completed","failure","copilot/ky46738-ops-move-tiny-state-core","7ca036ac12673ec0a6e6ec6514f56cdc29c9aa59","Copilot","ky46738-ops","https://github.com/lkminiPhantomWorld/welcome/actions/runs/28823761065"
"GITHUB_ACTION_RUN","VERIFIED_TRUE","2026-07-06T21:13:00Z","GitHub REST Actions","Running Copilot cloud agent",28823654178,1,1,"dynamic","completed","success","copilot/ky46738-ops-move-tiny-state-core","83ecb23b1342761d1bf44d3b5c718453a694d6e6","Copilot","Copilot","https://github.com/lkminiPhantomWorld/welcome/actions/runs/28823654178"
"GITHUB_ACTION_RUN","VERIFIED_TRUE","2026-07-06T21:06:08Z","GitHub REST Actions","Python Package using Conda",28823270141,6,1,"push","completed","failure","main","83ecb23b1342761d1bf44d3b5c718453a694d6e6","ky46738-ops","ky46738-ops","https://github.com/lkminiPhantomWorld/welcome/actions/runs/28823270141"
"GITHUB_ACTION_RUN","VERIFIED_TRUE","2026-07-06T21:06:08Z","GitHub REST Actions","Gatekeeper",28823270087,7,1,"push","completed","failure","main","83ecb23b1342761d1bf44d3b5c718453a694d6e6","ky46738-ops","ky46738-ops","https://github.com/lkminiPhantomWorld/welcome/actions/runs/28823270087"
"GITHUB_ACTION_RUN","VERIFIED_TRUE","2026-07-06T21:06:08Z","GitHub REST Actions","Deploy to GitHub Pages",28823270071,4,1,"push","completed","success","main","83ecb23b1342761d1bf44d3b5c718453a694d6e6","ky46738-ops","ky46738-ops","https://github.com/lkminiPhantomWorld/welcome/actions/runs/28823270071"
"GITHUB_ACTION_RUN","VERIFIED_TRUE","2026-07-06T21:06:07Z","GitHub REST Actions","pages build and deployment",28823269516,3,1,"dynamic","completed","success","main","83ecb23b1342761d1bf44d3b5c718453a694d6e6","ky46738-ops","ky46738-ops","https://github.com/lkminiPhantomWorld/welcome/actions/runs/28823269516"
"GITHUB_ACTION_RUN","VERIFIED_TRUE","2026-07-06T21:06:07Z","GitHub REST Actions","Push on main",28823269229,5,1,"dynamic","completed","success","main","83ecb23b1342761d1bf44d3b5c718453a694d6e6","ky46738-ops","ky46738-ops","https://github.com/lkminiPhantomWorld/welcome/actions/runs/28823269229"
"GITHUB_ACTION_RUN","VERIFIED_TRUE","2026-07-06T21:05:04Z","GitHub REST Actions","Gatekeeper",28823204716,6,1,"push","completed","failure","main","6d782ea670a1bf0bfa20b17e715980142be9356b","ky46738-ops","ky46738-ops","https://github.com/lkminiPhantomWorld/welcome/actions/runs/28823204716"
"GITHUB_ACTION_RUN","VERIFIED_TRUE","2026-07-06T21:05:04Z","GitHub REST Actions","Python Package using Conda",28823204707,5,1,"push","completed","failure","main","6d782ea670a1bf0bfa20b17e715980142be9356b","ky46738-ops","ky46738-ops","https://github.com/lkminiPhantomWorld/welcome/actions/runs/28823204707"
"GITHUB_ACTION_RUN","VERIFIED_TRUE","2026-07-06T21:05:04Z","GitHub REST Actions","Deploy to GitHub Pages",28823204506,3,1,"push","completed","success","main","6d782ea670a1bf0bfa20b17e715980142be9356b","ky46738-ops","ky46738-ops","https://github.com/lkminiPhantomWorld/welcome/actions/runs/28823204506"
"GITHUB_ACTION_RUN","VERIFIED_TRUE","2026-07-06T21:05:03Z","GitHub REST Actions","pages build and deployment",28823203803,2,1,"dynamic","completed","success","main","6d782ea670a1bf0bfa20b17e715980142be9356b","ky46738-ops","ky46738-ops","https://github.com/lkminiPhantomWorld/welcome/actions/runs/28823203803"
"GITHUB_ACTION_RUN","VERIFIED_TRUE","2026-07-06T21:05:03Z","GitHub REST Actions","Push on main",28823203608,4,1,"dynamic","completed","success","main","6d782ea670a1bf0bfa20b17e715980142be9356b","ky46738-ops","ky46738-ops","https://github.com/lkminiPhantomWorld/welcome/actions/runs/28823203608"
"GITHUB_ACTION_RUN","VERIFIED_TRUE","2026-07-06T19:00:17Z","GitHub REST Actions","pages build and deployment",28816000301,1,1,"dynamic","completed","success","main","3d509adf35662b04d8ebd623a723250fe9abb254","ky46738-ops","ky46738-ops","https://github.com/lkminiPhantomWorld/welcome/actions/runs/28816000301"
"GITHUB_ACTION_RUN","VERIFIED_TRUE","2026-07-06T18:20:10Z","GitHub REST Actions","CodeQL",28813575052,3,1,"dynamic","completed","success","main","3d509adf35662b04d8ebd623a723250fe9abb254","github-advanced-security[bot]","github-advanced-security[bot]","https://github.com/lkminiPhantomWorld/welcome/actions/runs/28813575052"
"GITHUB_ACTION_RUN","VERIFIED_TRUE","2026-07-06T18:20:06Z","GitHub REST Actions","Python Package using Conda",28813571065,4,1,"push","completed","failure","main","3d509adf35662b04d8ebd623a723250fe9abb254","ky46738-ops","ky46738-ops","https://github.com/lkminiPhantomWorld/welcome/actions/runs/28813571065"
"GITHUB_ACTION_RUN","VERIFIED_TRUE","2026-07-06T18:20:06Z","GitHub REST Actions","Deploy to GitHub Pages",28813571044,2,1,"push","completed","failure","main","3d509adf35662b04d8ebd623a723250fe9abb254","ky46738-ops","ky46738-ops","https://github.com/lkminiPhantomWorld/welcome/actions/runs/28813571044"
"GITHUB_ACTION_RUN","VERIFIED_TRUE","2026-07-06T18:20:06Z","GitHub REST Actions","Gatekeeper",28813571015,5,1,"push","completed","failure","main","3d509adf35662b04d8ebd623a723250fe9abb254","ky46738-ops","ky46738-ops","https://github.com/lkminiPhantomWorld/welcome/actions/runs/28813571015"
"GITHUB_ACTION_RUN","VERIFIED_TRUE","2026-07-06T18:20:06Z","GitHub REST Actions","Push on main",28813570243,2,1,"dynamic","completed","success","main","3d509adf35662b04d8ebd623a723250fe9abb254","ky46738-ops","ky46738-ops","https://github.com/lkminiPhantomWorld/welcome/actions/runs/28813570243"
"GITHUB_ACTION_RUN","VERIFIED_TRUE","2026-07-06T17:31:32Z","GitHub REST Actions","CodeQL Setup",28810682976,1,1,"dynamic","completed","success","main","8abd89f80dad32aa5e4d6378564edff049a37ab8","github-advanced-security[bot]","github-advanced-security[bot]","https://github.com/lkminiPhantomWorld/welcome/actions/runs/28810682976"
"GITHUB_ACTION_RUN","VERIFIED_TRUE","2026-07-06T17:31:17Z","GitHub REST Actions","Gatekeeper",28810667666,4,1,"push","completed","failure","add-banners","917d510a230a15681dd5b156089408f307fc35dc","ky46738-ops","ky46738-ops","https://github.com/lkminiPhantomWorld/welcome/actions/runs/28810667666"
"GITHUB_ACTION_RUN","VERIFIED_TRUE","2026-07-06T17:31:17Z","GitHub REST Actions","Python Package using Conda",28810667612,3,1,"push","completed","failure","add-banners","917d510a230a15681dd5b156089408f307fc35dc","ky46738-ops","ky46738-ops","https://github.com/lkminiPhantomWorld/welcome/actions/runs/28810667612"
"GITHUB_ACTION_RUN","VERIFIED_TRUE","2026-07-06T17:31:17Z","GitHub REST Actions","Gatekeeper",28810667487,3,1,"push","completed","success","copilot/seed-v0-gate-locked","70286fa9c062970f52370bbda14d0946e833b235","ky46738-ops","ky46738-ops","https://github.com/lkminiPhantomWorld/welcome/actions/runs/28810667487"
"GITHUB_ACTION_RUN","VERIFIED_TRUE","2026-07-06T17:31:17Z","GitHub REST Actions","Python Package using Conda",28810667474,2,1,"push","completed","failure","copilot/seed-v0-gate-locked","70286fa9c062970f52370bbda14d0946e833b235","ky46738-ops","ky46738-ops","https://github.com/lkminiPhantomWorld/welcome/actions/runs/28810667474"
"GITHUB_ACTION_RUN","VERIFIED_TRUE","2026-07-06T17:31:17Z","GitHub REST Actions","Python Package using Conda",28810667345,1,1,"push","completed","failure","main","8abd89f80dad32aa5e4d6378564edff049a37ab8","ky46738-ops","ky46738-ops","https://github.com/lkminiPhantomWorld/welcome/actions/runs/28810667345"
"GITHUB_ACTION_RUN","VERIFIED_TRUE","2026-07-06T17:31:16Z","GitHub REST Actions","🧭Markdown標題改名器｜MarkdownH1RenameWorkflow",28810667274,1,1,"push","completed","failure","main","8abd89f80dad32aa5e4d6378564edff049a37ab8","ky46738-ops","ky46738-ops","https://github.com/lkminiPhantomWorld/welcome/actions/runs/28810667274"
"GITHUB_ACTION_RUN","VERIFIED_TRUE","2026-07-06T17:31:16Z","GitHub REST Actions","Gatekeeper",28810667261,2,1,"push","completed","failure","main","8abd89f80dad32aa5e4d6378564edff049a37ab8","ky46738-ops","ky46738-ops","https://github.com/lkminiPhantomWorld/welcome/actions/runs/28810667261"
"GITHUB_ACTION_RUN","VERIFIED_TRUE","2026-07-06T17:31:16Z","GitHub REST Actions","Gatekeeper",28810667250,1,1,"push","completed","failure","seed_v0","8c704ed68d5bfbc6e27fb12161747f6046fa1d9d","ky46738-ops","ky46738-ops","https://github.com/lkminiPhantomWorld/welcome/actions/runs/28810667250"
"GITHUB_ACTION_RUN","VERIFIED_TRUE","2026-07-06T17:31:16Z","GitHub REST Actions","Deploy to GitHub Pages",28810667241,1,1,"push","completed","failure","main","8abd89f80dad32aa5e4d6378564edff049a37ab8","ky46738-ops","ky46738-ops","https://github.com/lkminiPhantomWorld/welcome/actions/runs/28810667241"
